[2026-05-21 16:55:38.510] [INFO ] [main] ################################################
[2026-05-21 16:55:38.511] [INFO ] [main] SUITE START: SauceDemo Automation Suite
[2026-05-21 16:55:38.512] [INFO ] [main] Configuration loaded successfully
[2026-05-21 16:55:38.513] [INFO ] [main] Browser: chromium
[2026-05-21 16:55:38.513] [INFO ] [main] Headless: true
[2026-05-21 16:55:38.514] [INFO ] [main] Base URL: https://www.saucedemo.com
[2026-05-21 16:55:38.514] [INFO ] [main] ################################################
[2026-05-21 17:01:13.918] [INFO ] [main] ################################################
[2026-05-21 17:01:13.919] [INFO ] [main] SUITE START: SauceDemo Automation Suite
[2026-05-21 17:01:13.921] [INFO ] [main] Configuration loaded successfully
[2026-05-21 17:01:13.922] [INFO ] [main] Browser: chromium
[2026-05-21 17:01:13.923] [INFO ] [main] Headless: true
[2026-05-21 17:01:13.923] [INFO ] [main] Base URL: https://www.saucedemo.com
[2026-05-21 17:01:13.923] [INFO ] [main] ################################################
[2026-05-21 17:01:20.967] [INFO ] [main] Playwright instance created
[2026-05-21 17:01:20.971] [INFO ] [main] Test Suite starting: Login Tests
[2026-05-21 17:01:20.985] [INFO ] [main] Launching browser: chromium | headless: true | slowMotion: 0ms
[2026-05-21 17:01:21.723] [INFO ] [main] chromium browser launched
[2026-05-21 17:01:21.736] [INFO ] [main] ========================================
[2026-05-21 17:01:21.737] [INFO ] [main] TEST START: testValidLogin
[2026-05-21 17:01:21.737] [INFO ] [main] ========================================
[2026-05-21 17:01:21.871] [INFO ] [main] New browser context and page created
[2026-05-21 17:01:21.875] [STEP ] [main] >> Navigating to: https://www.saucedemo.com
[2026-05-21 17:01:25.272] [INFO ] [main] Login page loaded
[2026-05-21 17:01:25.273] [INFO ] [main] Logging in as: standard_user
[2026-05-21 17:01:25.273] [STEP ] [main] >> Typing 'standard_user' into #user-name
[2026-05-21 17:01:25.319] [STEP ] [main] >> Typing [MASKED] into #password
[2026-05-21 17:01:25.337] [STEP ] [main] >> Clicking: #login-button
[2026-05-21 17:01:25.458] [INFO ] [main] [PASSED] testValidLogin
[2026-05-21 17:01:25.460] [INFO ] [main] TEST END: testValidLogin => PASSED
[2026-05-21 17:01:25.461] [INFO ] [main] ----------------------------------------
[2026-05-21 17:01:25.474] [DEBUG] [main] Browser context closed
[2026-05-21 17:01:25.484] [INFO ] [main] ========================================
[2026-05-21 17:01:25.485] [INFO ] [main] TEST START: testAllUserTypes
[2026-05-21 17:01:25.485] [INFO ] [main] ========================================
[2026-05-21 17:01:25.562] [INFO ] [main] New browser context and page created
[2026-05-21 17:01:25.565] [STEP ] [main] >> Navigating to: https://www.saucedemo.com
[2026-05-21 17:01:26.140] [INFO ] [main] Login page loaded
[2026-05-21 17:01:26.140] [INFO ] [main] Logging in as: standard_user
[2026-05-21 17:01:26.141] [STEP ] [main] >> Typing 'standard_user' into #user-name
[2026-05-21 17:01:26.179] [STEP ] [main] >> Typing [MASKED] into #password
[2026-05-21 17:01:26.199] [STEP ] [main] >> Clicking: #login-button
[2026-05-21 17:01:26.295] [INFO ] [main] [PASSED] testAllUserTypes
[2026-05-21 17:01:26.296] [INFO ] [main] TEST END: testAllUserTypes => PASSED
[2026-05-21 17:01:26.296] [INFO ] [main] ----------------------------------------
[2026-05-21 17:01:26.302] [DEBUG] [main] Browser context closed
[2026-05-21 17:01:26.305] [INFO ] [main] ========================================
[2026-05-21 17:01:26.305] [INFO ] [main] TEST START: testAllUserTypes
[2026-05-21 17:01:26.306] [INFO ] [main] ========================================
[2026-05-21 17:01:26.405] [INFO ] [main] New browser context and page created
[2026-05-21 17:01:26.406] [STEP ] [main] >> Navigating to: https://www.saucedemo.com
[2026-05-21 17:01:26.971] [INFO ] [main] Login page loaded
[2026-05-21 17:01:26.971] [INFO ] [main] Attempting login with: locked_out_user (expecting error)
[2026-05-21 17:01:26.972] [STEP ] [main] >> Typing 'locked_out_user' into #user-name
[2026-05-21 17:01:27.011] [STEP ] [main] >> Typing [MASKED] into #password
[2026-05-21 17:01:27.027] [STEP ] [main] >> Clicking: #login-button
[2026-05-21 17:01:27.083] [INFO ] [main] [PASSED] testAllUserTypes
[2026-05-21 17:01:27.085] [INFO ] [main] TEST END: testAllUserTypes => PASSED
[2026-05-21 17:01:27.085] [INFO ] [main] ----------------------------------------
[2026-05-21 17:01:27.092] [DEBUG] [main] Browser context closed
[2026-05-21 17:01:27.093] [INFO ] [main] ========================================
[2026-05-21 17:01:27.093] [INFO ] [main] TEST START: testAllUserTypes
[2026-05-21 17:01:27.094] [INFO ] [main] ========================================
[2026-05-21 17:01:27.181] [INFO ] [main] New browser context and page created
[2026-05-21 17:01:27.182] [STEP ] [main] >> Navigating to: https://www.saucedemo.com
[2026-05-21 17:01:27.764] [INFO ] [main] Login page loaded
[2026-05-21 17:01:27.765] [INFO ] [main] Logging in as: problem_user
[2026-05-21 17:01:27.765] [STEP ] [main] >> Typing 'problem_user' into #user-name
[2026-05-21 17:01:27.805] [STEP ] [main] >> Typing [MASKED] into #password
[2026-05-21 17:01:27.822] [STEP ] [main] >> Clicking: #login-button
[2026-05-21 17:01:27.908] [INFO ] [main] [PASSED] testAllUserTypes
[2026-05-21 17:01:27.909] [INFO ] [main] TEST END: testAllUserTypes => PASSED
[2026-05-21 17:01:27.910] [INFO ] [main] ----------------------------------------
[2026-05-21 17:01:27.914] [DEBUG] [main] Browser context closed
[2026-05-21 17:01:27.916] [INFO ] [main] ========================================
[2026-05-21 17:01:27.916] [INFO ] [main] TEST START: testAllUserTypes
[2026-05-21 17:01:27.916] [INFO ] [main] ========================================
[2026-05-21 17:01:27.999] [INFO ] [main] New browser context and page created
[2026-05-21 17:01:28.001] [STEP ] [main] >> Navigating to: https://www.saucedemo.com
[2026-05-21 17:01:28.584] [INFO ] [main] Login page loaded
[2026-05-21 17:01:28.585] [INFO ] [main] Logging in as: performance_glitch_user
[2026-05-21 17:01:28.586] [STEP ] [main] >> Typing 'performance_glitch_user' into #user-name
[2026-05-21 17:01:28.628] [STEP ] [main] >> Typing [MASKED] into #password
[2026-05-21 17:01:28.648] [STEP ] [main] >> Clicking: #login-button
[2026-05-21 17:01:33.775] [INFO ] [main] [PASSED] testAllUserTypes
[2026-05-21 17:01:33.776] [INFO ] [main] TEST END: testAllUserTypes => PASSED
[2026-05-21 17:01:33.776] [INFO ] [main] ----------------------------------------
[2026-05-21 17:01:33.784] [DEBUG] [main] Browser context closed
[2026-05-21 17:01:33.786] [INFO ] [main] ========================================
[2026-05-21 17:01:33.786] [INFO ] [main] TEST START: testAllUserTypes
[2026-05-21 17:01:33.788] [INFO ] [main] ========================================
[2026-05-21 17:01:33.869] [INFO ] [main] New browser context and page created
[2026-05-21 17:01:33.871] [STEP ] [main] >> Navigating to: https://www.saucedemo.com
[2026-05-21 17:01:34.424] [INFO ] [main] Login page loaded
[2026-05-21 17:01:34.425] [INFO ] [main] Logging in as: error_user
[2026-05-21 17:01:34.425] [STEP ] [main] >> Typing 'error_user' into #user-name
[2026-05-21 17:01:34.471] [STEP ] [main] >> Typing [MASKED] into #password
[2026-05-21 17:01:34.490] [STEP ] [main] >> Clicking: #login-button
[2026-05-21 17:01:34.584] [INFO ] [main] [PASSED] testAllUserTypes
[2026-05-21 17:01:34.587] [INFO ] [main] TEST END: testAllUserTypes => PASSED
[2026-05-21 17:01:34.587] [INFO ] [main] ----------------------------------------
[2026-05-21 17:01:34.594] [DEBUG] [main] Browser context closed
[2026-05-21 17:01:34.595] [INFO ] [main] ========================================
[2026-05-21 17:01:34.595] [INFO ] [main] TEST START: testAllUserTypes
[2026-05-21 17:01:34.596] [INFO ] [main] ========================================
[2026-05-21 17:01:34.679] [INFO ] [main] New browser context and page created
[2026-05-21 17:01:34.680] [STEP ] [main] >> Navigating to: https://www.saucedemo.com
[2026-05-21 17:01:35.260] [INFO ] [main] Login page loaded
[2026-05-21 17:01:35.261] [INFO ] [main] Logging in as: visual_user
[2026-05-21 17:01:35.261] [STEP ] [main] >> Typing 'visual_user' into #user-name
[2026-05-21 17:01:35.303] [STEP ] [main] >> Typing [MASKED] into #password
[2026-05-21 17:01:35.323] [STEP ] [main] >> Clicking: #login-button
[2026-05-21 17:01:35.422] [INFO ] [main] [PASSED] testAllUserTypes
[2026-05-21 17:01:35.424] [INFO ] [main] TEST END: testAllUserTypes => PASSED
[2026-05-21 17:01:35.425] [INFO ] [main] ----------------------------------------
[2026-05-21 17:01:35.430] [DEBUG] [main] Browser context closed
[2026-05-21 17:01:35.434] [INFO ] [main] ========================================
[2026-05-21 17:01:35.435] [INFO ] [main] TEST START: testInvalidLogin
[2026-05-21 17:01:35.435] [INFO ] [main] ========================================
[2026-05-21 17:01:35.517] [INFO ] [main] New browser context and page created
[2026-05-21 17:01:35.520] [STEP ] [main] >> Navigating to: https://www.saucedemo.com
[2026-05-21 17:01:36.114] [INFO ] [main] Login page loaded
[2026-05-21 17:01:36.116] [INFO ] [main] Attempting login with: locked_out_user (expecting error)
[2026-05-21 17:01:36.116] [STEP ] [main] >> Typing 'locked_out_user' into #user-name
[2026-05-21 17:01:36.157] [STEP ] [main] >> Typing [MASKED] into #password
[2026-05-21 17:01:36.172] [STEP ] [main] >> Clicking: #login-button
[2026-05-21 17:01:36.244] [INFO ] [main] [PASSED] testInvalidLogin
[2026-05-21 17:01:36.245] [INFO ] [main] TEST END: testInvalidLogin => PASSED
[2026-05-21 17:01:36.245] [INFO ] [main] ----------------------------------------
[2026-05-21 17:01:36.253] [DEBUG] [main] Browser context closed
[2026-05-21 17:01:36.254] [INFO ] [main] ========================================
[2026-05-21 17:01:36.255] [INFO ] [main] TEST START: testInvalidLogin
[2026-05-21 17:01:36.255] [INFO ] [main] ========================================
[2026-05-21 17:01:36.345] [INFO ] [main] New browser context and page created
[2026-05-21 17:01:36.345] [STEP ] [main] >> Navigating to: https://www.saucedemo.com
[2026-05-21 17:01:36.982] [INFO ] [main] Login page loaded
[2026-05-21 17:01:36.982] [INFO ] [main] Attempting login with: standard_user (expecting error)
[2026-05-21 17:01:36.982] [STEP ] [main] >> Typing 'standard_user' into #user-name
[2026-05-21 17:01:37.021] [STEP ] [main] >> Typing [MASKED] into #password
[2026-05-21 17:01:37.038] [STEP ] [main] >> Clicking: #login-button
[2026-05-21 17:01:37.105] [INFO ] [main] [PASSED] testInvalidLogin
[2026-05-21 17:01:37.106] [INFO ] [main] TEST END: testInvalidLogin => PASSED
[2026-05-21 17:01:37.106] [INFO ] [main] ----------------------------------------
[2026-05-21 17:01:37.113] [DEBUG] [main] Browser context closed
[2026-05-21 17:01:37.114] [INFO ] [main] ========================================
[2026-05-21 17:01:37.115] [INFO ] [main] TEST START: testInvalidLogin
[2026-05-21 17:01:37.115] [INFO ] [main] ========================================
[2026-05-21 17:01:37.187] [INFO ] [main] New browser context and page created
[2026-05-21 17:01:37.189] [STEP ] [main] >> Navigating to: https://www.saucedemo.com
[2026-05-21 17:01:37.834] [INFO ] [main] Login page loaded
[2026-05-21 17:01:37.834] [INFO ] [main] Attempting login with:  (expecting error)
[2026-05-21 17:01:37.835] [STEP ] [main] >> Typing '' into #user-name
[2026-05-21 17:01:37.872] [STEP ] [main] >> Typing [MASKED] into #password
[2026-05-21 17:01:37.889] [STEP ] [main] >> Clicking: #login-button
[2026-05-21 17:01:37.954] [INFO ] [main] [PASSED] testInvalidLogin
[2026-05-21 17:01:37.955] [INFO ] [main] TEST END: testInvalidLogin => PASSED
[2026-05-21 17:01:37.956] [INFO ] [main] ----------------------------------------
[2026-05-21 17:01:37.965] [DEBUG] [main] Browser context closed
[2026-05-21 17:01:37.966] [INFO ] [main] ========================================
[2026-05-21 17:01:37.968] [INFO ] [main] TEST START: testInvalidLogin
[2026-05-21 17:01:37.968] [INFO ] [main] ========================================
[2026-05-21 17:01:38.041] [INFO ] [main] New browser context and page created
[2026-05-21 17:01:38.043] [STEP ] [main] >> Navigating to: https://www.saucedemo.com
[2026-05-21 17:01:38.618] [INFO ] [main] Login page loaded
[2026-05-21 17:01:38.619] [INFO ] [main] Attempting login with: standard_user (expecting error)
[2026-05-21 17:01:38.619] [STEP ] [main] >> Typing 'standard_user' into #user-name
[2026-05-21 17:01:38.662] [STEP ] [main] >> Typing [MASKED] into #password
[2026-05-21 17:01:38.679] [STEP ] [main] >> Clicking: #login-button
[2026-05-21 17:01:38.737] [INFO ] [main] [PASSED] testInvalidLogin
[2026-05-21 17:01:38.738] [INFO ] [main] TEST END: testInvalidLogin => PASSED
[2026-05-21 17:01:38.738] [INFO ] [main] ----------------------------------------
[2026-05-21 17:01:38.745] [DEBUG] [main] Browser context closed
[2026-05-21 17:01:38.747] [INFO ] [main] ========================================
[2026-05-21 17:01:38.748] [INFO ] [main] TEST START: testInvalidLogin
[2026-05-21 17:01:38.748] [INFO ] [main] ========================================
[2026-05-21 17:01:38.832] [INFO ] [main] New browser context and page created
[2026-05-21 17:01:38.834] [STEP ] [main] >> Navigating to: https://www.saucedemo.com
[2026-05-21 17:01:39.422] [INFO ] [main] Login page loaded
[2026-05-21 17:01:39.423] [INFO ] [main] Attempting login with:  (expecting error)
[2026-05-21 17:01:39.423] [STEP ] [main] >> Typing '' into #user-name
[2026-05-21 17:01:39.462] [STEP ] [main] >> Typing [MASKED] into #password
[2026-05-21 17:01:39.480] [STEP ] [main] >> Clicking: #login-button
[2026-05-21 17:01:39.551] [INFO ] [main] [PASSED] testInvalidLogin
[2026-05-21 17:01:39.552] [INFO ] [main] TEST END: testInvalidLogin => PASSED
[2026-05-21 17:01:39.552] [INFO ] [main] ----------------------------------------
[2026-05-21 17:01:39.559] [DEBUG] [main] Browser context closed
[2026-05-21 17:01:39.560] [INFO ] [main] ========================================
[2026-05-21 17:01:39.560] [INFO ] [main] TEST START: testInvalidLogin
[2026-05-21 17:01:39.561] [INFO ] [main] ========================================
[2026-05-21 17:01:39.631] [INFO ] [main] New browser context and page created
[2026-05-21 17:01:39.632] [STEP ] [main] >> Navigating to: https://www.saucedemo.com
[2026-05-21 17:01:40.250] [INFO ] [main] Login page loaded
[2026-05-21 17:01:40.251] [INFO ] [main] Attempting login with: nonexistent_user (expecting error)
[2026-05-21 17:01:40.252] [STEP ] [main] >> Typing 'nonexistent_user' into #user-name
[2026-05-21 17:01:40.289] [STEP ] [main] >> Typing [MASKED] into #password
[2026-05-21 17:01:40.304] [STEP ] [main] >> Clicking: #login-button
[2026-05-21 17:01:40.369] [INFO ] [main] [PASSED] testInvalidLogin
[2026-05-21 17:01:40.370] [INFO ] [main] TEST END: testInvalidLogin => PASSED
[2026-05-21 17:01:40.370] [INFO ] [main] ----------------------------------------
[2026-05-21 17:01:40.376] [DEBUG] [main] Browser context closed
[2026-05-21 17:01:40.380] [INFO ] [main] ========================================
[2026-05-21 17:01:40.380] [INFO ] [main] TEST START: testLockedOutUser
[2026-05-21 17:01:40.381] [INFO ] [main] ========================================
[2026-05-21 17:01:40.459] [INFO ] [main] New browser context and page created
[2026-05-21 17:01:40.460] [STEP ] [main] >> Navigating to: https://www.saucedemo.com
[2026-05-21 17:01:41.011] [INFO ] [main] Login page loaded
[2026-05-21 17:01:41.011] [INFO ] [main] Attempting login with: locked_out_user (expecting error)
[2026-05-21 17:01:41.012] [STEP ] [main] >> Typing 'locked_out_user' into #user-name
[2026-05-21 17:01:41.051] [STEP ] [main] >> Typing [MASKED] into #password
[2026-05-21 17:01:41.066] [STEP ] [main] >> Clicking: #login-button
[2026-05-21 17:01:41.136] [INFO ] [main] [PASSED] testLockedOutUser
[2026-05-21 17:01:41.136] [INFO ] [main] TEST END: testLockedOutUser => PASSED
[2026-05-21 17:01:41.137] [INFO ] [main] ----------------------------------------
[2026-05-21 17:01:41.142] [DEBUG] [main] Browser context closed
[2026-05-21 17:01:41.145] [INFO ] [main] ========================================
[2026-05-21 17:01:41.146] [INFO ] [main] TEST START: testCloseErrorMessage
[2026-05-21 17:01:41.147] [INFO ] [main] ========================================
[2026-05-21 17:01:41.228] [INFO ] [main] New browser context and page created
[2026-05-21 17:01:41.229] [STEP ] [main] >> Navigating to: https://www.saucedemo.com
[2026-05-21 17:01:41.813] [INFO ] [main] Login page loaded
[2026-05-21 17:01:41.813] [INFO ] [main] Attempting login with:  (expecting error)
[2026-05-21 17:01:41.814] [STEP ] [main] >> Typing '' into #user-name
[2026-05-21 17:01:41.849] [STEP ] [main] >> Typing [MASKED] into #password
[2026-05-21 17:01:41.864] [STEP ] [main] >> Clicking: #login-button
[2026-05-21 17:01:41.925] [STEP ] [main] >> Clicking: .error-button
[2026-05-21 17:01:41.967] [INFO ] [main] [PASSED] testCloseErrorMessage
[2026-05-21 17:01:41.968] [INFO ] [main] TEST END: testCloseErrorMessage => PASSED
[2026-05-21 17:01:41.968] [INFO ] [main] ----------------------------------------
[2026-05-21 17:01:41.973] [DEBUG] [main] Browser context closed
[2026-05-21 17:01:41.975] [INFO ] [main] ========================================
[2026-05-21 17:01:41.975] [INFO ] [main] TEST START: testLogout
[2026-05-21 17:01:41.975] [INFO ] [main] ========================================
[2026-05-21 17:01:42.049] [INFO ] [main] New browser context and page created
[2026-05-21 17:01:42.050] [STEP ] [main] >> Navigating to: https://www.saucedemo.com
[2026-05-21 17:01:42.642] [INFO ] [main] Login page loaded
[2026-05-21 17:01:42.644] [INFO ] [main] Logging in as: standard_user
[2026-05-21 17:01:42.644] [STEP ] [main] >> Typing 'standard_user' into #user-name
[2026-05-21 17:01:42.684] [STEP ] [main] >> Typing [MASKED] into #password
[2026-05-21 17:01:42.702] [STEP ] [main] >> Clicking: #login-button
[2026-05-21 17:01:42.794] [STEP ] [main] >> Logging out
[2026-05-21 17:01:42.794] [STEP ] [main] >> Clicking: #react-burger-menu-btn
[2026-05-21 17:01:42.851] [STEP ] [main] >> Clicking: #logout_sidebar_link
[2026-05-21 17:01:43.793] [INFO ] [main] [PASSED] testLogout
[2026-05-21 17:01:43.794] [INFO ] [main] TEST END: testLogout => PASSED
[2026-05-21 17:01:43.795] [INFO ] [main] ----------------------------------------
[2026-05-21 17:01:43.800] [DEBUG] [main] Browser context closed
[2026-05-21 17:01:43.854] [INFO ] [main] Browser closed
[2026-05-21 17:01:43.856] [INFO ] [main] 
[2026-05-21 17:01:43.856] [INFO ] [main] ==========================================
[2026-05-21 17:01:43.857] [INFO ] [main]          FINAL TEST RESULTS               
[2026-05-21 17:01:43.857] [INFO ] [main] ==========================================
[2026-05-21 17:01:43.857] [INFO ] [main]   Passed  : 16
[2026-05-21 17:01:43.858] [INFO ] [main]   Failed  : 0
[2026-05-21 17:01:43.858] [INFO ] [main]   Skipped : 0
[2026-05-21 17:01:43.858] [INFO ] [main]   Total   : 16
[2026-05-21 17:01:43.860] [INFO ] [main]   Pass Rate: 100.0%
[2026-05-21 17:01:43.860] [INFO ] [main] ==========================================
[2026-05-21 17:01:43.888] [INFO ] [main] Test Suite starting: Products Tests
[2026-05-21 17:01:43.889] [INFO ] [main] Launching browser: chromium | headless: true | slowMotion: 0ms
[2026-05-21 17:01:44.041] [INFO ] [main] chromium browser launched
[2026-05-21 17:01:44.043] [INFO ] [main] ========================================
[2026-05-21 17:01:44.043] [INFO ] [main] TEST START: testProductsPageLoads
[2026-05-21 17:01:44.043] [INFO ] [main] ========================================
[2026-05-21 17:01:44.170] [INFO ] [main] New browser context and page created
[2026-05-21 17:01:44.171] [STEP ] [main] >> Navigating to: https://www.saucedemo.com
[2026-05-21 17:01:44.795] [INFO ] [main] Login page loaded
[2026-05-21 17:01:44.796] [INFO ] [main] Logging in as: standard_user
[2026-05-21 17:01:44.796] [STEP ] [main] >> Typing 'standard_user' into #user-name
[2026-05-21 17:01:44.833] [STEP ] [main] >> Typing [MASKED] into #password
[2026-05-21 17:01:44.848] [STEP ] [main] >> Clicking: #login-button
[2026-05-21 17:01:44.947] [INFO ] [main] [PASSED] testProductsPageLoads
[2026-05-21 17:01:44.948] [INFO ] [main] TEST END: testProductsPageLoads => PASSED
[2026-05-21 17:01:44.948] [INFO ] [main] ----------------------------------------
[2026-05-21 17:01:44.953] [DEBUG] [main] Browser context closed
[2026-05-21 17:01:44.956] [INFO ] [main] ========================================
[2026-05-21 17:01:44.956] [INFO ] [main] TEST START: testProductCount
[2026-05-21 17:01:44.956] [INFO ] [main] ========================================
[2026-05-21 17:01:45.033] [INFO ] [main] New browser context and page created
[2026-05-21 17:01:45.034] [STEP ] [main] >> Navigating to: https://www.saucedemo.com
[2026-05-21 17:01:45.594] [INFO ] [main] Login page loaded
[2026-05-21 17:01:45.594] [INFO ] [main] Logging in as: standard_user
[2026-05-21 17:01:45.594] [STEP ] [main] >> Typing 'standard_user' into #user-name
[2026-05-21 17:01:45.630] [STEP ] [main] >> Typing [MASKED] into #password
[2026-05-21 17:01:45.646] [STEP ] [main] >> Clicking: #login-button
[2026-05-21 17:01:45.719] [INFO ] [main] [PASSED] testProductCount
[2026-05-21 17:01:45.720] [INFO ] [main] TEST END: testProductCount => PASSED
[2026-05-21 17:01:45.721] [INFO ] [main] ----------------------------------------
[2026-05-21 17:01:45.727] [DEBUG] [main] Browser context closed
[2026-05-21 17:01:45.729] [INFO ] [main] ========================================
[2026-05-21 17:01:45.729] [INFO ] [main] TEST START: testProductNamesDisplayed
[2026-05-21 17:01:45.729] [INFO ] [main] ========================================
[2026-05-21 17:01:45.822] [INFO ] [main] New browser context and page created
[2026-05-21 17:01:45.823] [STEP ] [main] >> Navigating to: https://www.saucedemo.com
[2026-05-21 17:01:46.370] [INFO ] [main] Login page loaded
[2026-05-21 17:01:46.371] [INFO ] [main] Logging in as: standard_user
[2026-05-21 17:01:46.371] [STEP ] [main] >> Typing 'standard_user' into #user-name
[2026-05-21 17:01:46.407] [STEP ] [main] >> Typing [MASKED] into #password
[2026-05-21 17:01:46.423] [STEP ] [main] >> Clicking: #login-button
[2026-05-21 17:01:46.508] [INFO ] [main] [PASSED] testProductNamesDisplayed
[2026-05-21 17:01:46.509] [INFO ] [main] TEST END: testProductNamesDisplayed => PASSED
[2026-05-21 17:01:46.509] [INFO ] [main] ----------------------------------------
[2026-05-21 17:01:46.514] [DEBUG] [main] Browser context closed
[2026-05-21 17:01:46.516] [INFO ] [main] ========================================
[2026-05-21 17:01:46.516] [INFO ] [main] TEST START: testProductPricesValid
[2026-05-21 17:01:46.516] [INFO ] [main] ========================================
[2026-05-21 17:01:46.594] [INFO ] [main] New browser context and page created
[2026-05-21 17:01:46.595] [STEP ] [main] >> Navigating to: https://www.saucedemo.com
[2026-05-21 17:01:47.212] [INFO ] [main] Login page loaded
[2026-05-21 17:01:47.213] [INFO ] [main] Logging in as: standard_user
[2026-05-21 17:01:47.213] [STEP ] [main] >> Typing 'standard_user' into #user-name
[2026-05-21 17:01:47.254] [STEP ] [main] >> Typing [MASKED] into #password
[2026-05-21 17:01:47.272] [STEP ] [main] >> Clicking: #login-button
[2026-05-21 17:01:47.353] [INFO ] [main] [PASSED] testProductPricesValid
[2026-05-21 17:01:47.353] [INFO ] [main] TEST END: testProductPricesValid => PASSED
[2026-05-21 17:01:47.355] [INFO ] [main] ----------------------------------------
[2026-05-21 17:01:47.361] [DEBUG] [main] Browser context closed
[2026-05-21 17:01:47.363] [INFO ] [main] ========================================
[2026-05-21 17:01:47.363] [INFO ] [main] TEST START: testSortByNameAZ
[2026-05-21 17:01:47.363] [INFO ] [main] ========================================
[2026-05-21 17:01:47.460] [INFO ] [main] New browser context and page created
[2026-05-21 17:01:47.461] [STEP ] [main] >> Navigating to: https://www.saucedemo.com
[2026-05-21 17:01:48.180] [INFO ] [main] Login page loaded
[2026-05-21 17:01:48.181] [INFO ] [main] Logging in as: standard_user
[2026-05-21 17:01:48.181] [STEP ] [main] >> Typing 'standard_user' into #user-name
[2026-05-21 17:01:48.244] [STEP ] [main] >> Typing [MASKED] into #password
[2026-05-21 17:01:48.263] [STEP ] [main] >> Clicking: #login-button
[2026-05-21 17:01:48.344] [STEP ] [main] >> Sorting: Name (A to Z)
[2026-05-21 17:01:48.345] [STEP ] [main] >> Selecting value 'az' from [data-test='product-sort-container']
[2026-05-21 17:01:48.367] [INFO ] [main] [PASSED] testSortByNameAZ
[2026-05-21 17:01:48.369] [INFO ] [main] TEST END: testSortByNameAZ => PASSED
[2026-05-21 17:01:48.369] [INFO ] [main] ----------------------------------------
[2026-05-21 17:01:48.375] [DEBUG] [main] Browser context closed
[2026-05-21 17:01:48.377] [INFO ] [main] ========================================
[2026-05-21 17:01:48.377] [INFO ] [main] TEST START: testSortByNameZA
[2026-05-21 17:01:48.377] [INFO ] [main] ========================================
[2026-05-21 17:01:48.464] [INFO ] [main] New browser context and page created
[2026-05-21 17:01:48.465] [STEP ] [main] >> Navigating to: https://www.saucedemo.com
[2026-05-21 17:01:49.025] [INFO ] [main] Login page loaded
[2026-05-21 17:01:49.027] [INFO ] [main] Logging in as: standard_user
[2026-05-21 17:01:49.027] [STEP ] [main] >> Typing 'standard_user' into #user-name
[2026-05-21 17:01:49.071] [STEP ] [main] >> Typing [MASKED] into #password
[2026-05-21 17:01:49.090] [STEP ] [main] >> Clicking: #login-button
[2026-05-21 17:01:49.171] [STEP ] [main] >> Sorting: Name (Z to A)
[2026-05-21 17:01:49.171] [STEP ] [main] >> Selecting value 'za' from [data-test='product-sort-container']
[2026-05-21 17:01:49.203] [INFO ] [main] [PASSED] testSortByNameZA
[2026-05-21 17:01:49.203] [INFO ] [main] TEST END: testSortByNameZA => PASSED
[2026-05-21 17:01:49.205] [INFO ] [main] ----------------------------------------
[2026-05-21 17:01:49.211] [DEBUG] [main] Browser context closed
[2026-05-21 17:01:49.212] [INFO ] [main] ========================================
[2026-05-21 17:01:49.213] [INFO ] [main] TEST START: testSortByPriceLowToHigh
[2026-05-21 17:01:49.213] [INFO ] [main] ========================================
[2026-05-21 17:01:49.286] [INFO ] [main] New browser context and page created
[2026-05-21 17:01:49.287] [STEP ] [main] >> Navigating to: https://www.saucedemo.com
[2026-05-21 17:01:49.854] [INFO ] [main] Login page loaded
[2026-05-21 17:01:49.855] [INFO ] [main] Logging in as: standard_user
[2026-05-21 17:01:49.856] [STEP ] [main] >> Typing 'standard_user' into #user-name
[2026-05-21 17:01:49.896] [STEP ] [main] >> Typing [MASKED] into #password
[2026-05-21 17:01:49.913] [STEP ] [main] >> Clicking: #login-button
[2026-05-21 17:01:49.996] [STEP ] [main] >> Sorting: Price (Low to High)
[2026-05-21 17:01:49.997] [STEP ] [main] >> Selecting value 'lohi' from [data-test='product-sort-container']
[2026-05-21 17:01:50.016] [INFO ] [main] [PASSED] testSortByPriceLowToHigh
[2026-05-21 17:01:50.017] [INFO ] [main] TEST END: testSortByPriceLowToHigh => PASSED
[2026-05-21 17:01:50.017] [INFO ] [main] ----------------------------------------
[2026-05-21 17:01:50.024] [DEBUG] [main] Browser context closed
[2026-05-21 17:01:50.026] [INFO ] [main] ========================================
[2026-05-21 17:01:50.026] [INFO ] [main] TEST START: testSortByPriceHighToLow
[2026-05-21 17:01:50.026] [INFO ] [main] ========================================
[2026-05-21 17:01:50.126] [INFO ] [main] New browser context and page created
[2026-05-21 17:01:50.127] [STEP ] [main] >> Navigating to: https://www.saucedemo.com
[2026-05-21 17:01:50.785] [INFO ] [main] Login page loaded
[2026-05-21 17:01:50.785] [INFO ] [main] Logging in as: standard_user
[2026-05-21 17:01:50.786] [STEP ] [main] >> Typing 'standard_user' into #user-name
[2026-05-21 17:01:50.823] [STEP ] [main] >> Typing [MASKED] into #password
[2026-05-21 17:01:50.837] [STEP ] [main] >> Clicking: #login-button
[2026-05-21 17:01:50.910] [STEP ] [main] >> Sorting: Price (High to Low)
[2026-05-21 17:01:50.911] [STEP ] [main] >> Selecting value 'hilo' from [data-test='product-sort-container']
[2026-05-21 17:01:50.930] [INFO ] [main] [PASSED] testSortByPriceHighToLow
[2026-05-21 17:01:50.931] [INFO ] [main] TEST END: testSortByPriceHighToLow => PASSED
[2026-05-21 17:01:50.932] [INFO ] [main] ----------------------------------------
[2026-05-21 17:01:50.938] [DEBUG] [main] Browser context closed
[2026-05-21 17:01:50.941] [INFO ] [main] ========================================
[2026-05-21 17:01:50.942] [INFO ] [main] TEST START: testAddSingleItemToCart
[2026-05-21 17:01:50.942] [INFO ] [main] ========================================
[2026-05-21 17:01:51.028] [INFO ] [main] New browser context and page created
[2026-05-21 17:01:51.030] [STEP ] [main] >> Navigating to: https://www.saucedemo.com
[2026-05-21 17:01:51.597] [INFO ] [main] Login page loaded
[2026-05-21 17:01:51.597] [INFO ] [main] Logging in as: standard_user
[2026-05-21 17:01:51.598] [STEP ] [main] >> Typing 'standard_user' into #user-name
[2026-05-21 17:01:51.634] [STEP ] [main] >> Typing [MASKED] into #password
[2026-05-21 17:01:51.652] [STEP ] [main] >> Clicking: #login-button
[2026-05-21 17:01:51.731] [STEP ] [main] >> Adding to cart: sauce-labs-backpack
[2026-05-21 17:01:51.731] [STEP ] [main] >> Clicking: [data-test='add-to-cart-sauce-labs-backpack']
[2026-05-21 17:01:51.789] [INFO ] [main] [PASSED] testAddSingleItemToCart
[2026-05-21 17:01:51.790] [INFO ] [main] TEST END: testAddSingleItemToCart => PASSED
[2026-05-21 17:01:51.790] [INFO ] [main] ----------------------------------------
[2026-05-21 17:01:51.795] [DEBUG] [main] Browser context closed
[2026-05-21 17:01:51.797] [INFO ] [main] ========================================
[2026-05-21 17:01:51.798] [INFO ] [main] TEST START: testAddMultipleItemsToCart
[2026-05-21 17:01:51.798] [INFO ] [main] ========================================
[2026-05-21 17:01:51.896] [INFO ] [main] New browser context and page created
[2026-05-21 17:01:51.897] [STEP ] [main] >> Navigating to: https://www.saucedemo.com
[2026-05-21 17:01:52.451] [INFO ] [main] Login page loaded
[2026-05-21 17:01:52.452] [INFO ] [main] Logging in as: standard_user
[2026-05-21 17:01:52.452] [STEP ] [main] >> Typing 'standard_user' into #user-name
[2026-05-21 17:01:52.495] [STEP ] [main] >> Typing [MASKED] into #password
[2026-05-21 17:01:52.514] [STEP ] [main] >> Clicking: #login-button
[2026-05-21 17:01:52.598] [STEP ] [main] >> Adding to cart: sauce-labs-backpack
[2026-05-21 17:01:52.599] [STEP ] [main] >> Clicking: [data-test='add-to-cart-sauce-labs-backpack']
[2026-05-21 17:01:52.646] [STEP ] [main] >> Adding to cart: sauce-labs-bike-light
[2026-05-21 17:01:52.647] [STEP ] [main] >> Clicking: [data-test='add-to-cart-sauce-labs-bike-light']
[2026-05-21 17:01:52.678] [STEP ] [main] >> Adding to cart: sauce-labs-bolt-t-shirt
[2026-05-21 17:01:52.678] [STEP ] [main] >> Clicking: [data-test='add-to-cart-sauce-labs-bolt-t-shirt']
[2026-05-21 17:01:52.744] [INFO ] [main] [PASSED] testAddMultipleItemsToCart
[2026-05-21 17:01:52.745] [INFO ] [main] TEST END: testAddMultipleItemsToCart => PASSED
[2026-05-21 17:01:52.746] [INFO ] [main] ----------------------------------------
[2026-05-21 17:01:52.754] [DEBUG] [main] Browser context closed
[2026-05-21 17:01:52.754] [INFO ] [main] ========================================
[2026-05-21 17:01:52.754] [INFO ] [main] TEST START: testAddAllItemsToCart
[2026-05-21 17:01:52.754] [INFO ] [main] ========================================
[2026-05-21 17:01:52.833] [INFO ] [main] New browser context and page created
[2026-05-21 17:01:52.835] [STEP ] [main] >> Navigating to: https://www.saucedemo.com
[2026-05-21 17:01:53.440] [INFO ] [main] Login page loaded
[2026-05-21 17:01:53.441] [INFO ] [main] Logging in as: standard_user
[2026-05-21 17:01:53.441] [STEP ] [main] >> Typing 'standard_user' into #user-name
[2026-05-21 17:01:53.478] [STEP ] [main] >> Typing [MASKED] into #password
[2026-05-21 17:01:53.493] [STEP ] [main] >> Clicking: #login-button
[2026-05-21 17:01:53.579] [STEP ] [main] >> Adding to cart: sauce-labs-backpack
[2026-05-21 17:01:53.580] [STEP ] [main] >> Clicking: [data-test='add-to-cart-sauce-labs-backpack']
[2026-05-21 17:01:53.634] [STEP ] [main] >> Adding to cart: sauce-labs-bike-light
[2026-05-21 17:01:53.635] [STEP ] [main] >> Clicking: [data-test='add-to-cart-sauce-labs-bike-light']
[2026-05-21 17:01:53.681] [STEP ] [main] >> Adding to cart: sauce-labs-bolt-t-shirt
[2026-05-21 17:01:53.681] [STEP ] [main] >> Clicking: [data-test='add-to-cart-sauce-labs-bolt-t-shirt']
[2026-05-21 17:01:53.732] [STEP ] [main] >> Adding to cart: sauce-labs-fleece-jacket
[2026-05-21 17:01:53.733] [STEP ] [main] >> Clicking: [data-test='add-to-cart-sauce-labs-fleece-jacket']
[2026-05-21 17:01:53.785] [STEP ] [main] >> Adding to cart: sauce-labs-onesie
[2026-05-21 17:01:53.786] [STEP ] [main] >> Clicking: [data-test='add-to-cart-sauce-labs-onesie']
[2026-05-21 17:01:53.831] [STEP ] [main] >> Adding to cart: test.allthethings()-t-shirt-(red)
[2026-05-21 17:01:53.832] [STEP ] [main] >> Clicking: [data-test='add-to-cart-test.allthethings()-t-shirt-(red)']
[2026-05-21 17:01:53.891] [INFO ] [main] [PASSED] testAddAllItemsToCart
[2026-05-21 17:01:53.892] [INFO ] [main] TEST END: testAddAllItemsToCart => PASSED
[2026-05-21 17:01:53.893] [INFO ] [main] ----------------------------------------
[2026-05-21 17:01:53.897] [DEBUG] [main] Browser context closed
[2026-05-21 17:01:53.899] [INFO ] [main] ========================================
[2026-05-21 17:01:53.899] [INFO ] [main] TEST START: testRemoveItemFromProductsPage
[2026-05-21 17:01:53.900] [INFO ] [main] ========================================
[2026-05-21 17:01:53.973] [INFO ] [main] New browser context and page created
[2026-05-21 17:01:53.974] [STEP ] [main] >> Navigating to: https://www.saucedemo.com
[2026-05-21 17:01:54.578] [INFO ] [main] Login page loaded
[2026-05-21 17:01:54.578] [INFO ] [main] Logging in as: standard_user
[2026-05-21 17:01:54.578] [STEP ] [main] >> Typing 'standard_user' into #user-name
[2026-05-21 17:01:54.619] [STEP ] [main] >> Typing [MASKED] into #password
[2026-05-21 17:01:54.637] [STEP ] [main] >> Clicking: #login-button
[2026-05-21 17:01:54.711] [STEP ] [main] >> Adding to cart: sauce-labs-backpack
[2026-05-21 17:01:54.711] [STEP ] [main] >> Clicking: [data-test='add-to-cart-sauce-labs-backpack']
[2026-05-21 17:01:54.778] [STEP ] [main] >> Removing from cart: sauce-labs-backpack
[2026-05-21 17:01:54.779] [STEP ] [main] >> Clicking: [data-test='remove-sauce-labs-backpack']
[2026-05-21 17:01:54.816] [INFO ] [main] [PASSED] testRemoveItemFromProductsPage
[2026-05-21 17:01:54.816] [INFO ] [main] TEST END: testRemoveItemFromProductsPage => PASSED
[2026-05-21 17:01:54.817] [INFO ] [main] ----------------------------------------
[2026-05-21 17:01:54.821] [DEBUG] [main] Browser context closed
[2026-05-21 17:01:54.824] [INFO ] [main] ========================================
[2026-05-21 17:01:54.824] [INFO ] [main] TEST START: testAddAndRemoveMultiple
[2026-05-21 17:01:54.824] [INFO ] [main] ========================================
[2026-05-21 17:01:54.897] [INFO ] [main] New browser context and page created
[2026-05-21 17:01:54.898] [STEP ] [main] >> Navigating to: https://www.saucedemo.com
[2026-05-21 17:01:55.517] [INFO ] [main] Login page loaded
[2026-05-21 17:01:55.518] [INFO ] [main] Logging in as: standard_user
[2026-05-21 17:01:55.518] [STEP ] [main] >> Typing 'standard_user' into #user-name
[2026-05-21 17:01:55.586] [STEP ] [main] >> Typing [MASKED] into #password
[2026-05-21 17:01:55.601] [STEP ] [main] >> Clicking: #login-button
[2026-05-21 17:01:55.684] [STEP ] [main] >> Adding to cart: sauce-labs-backpack
[2026-05-21 17:01:55.685] [STEP ] [main] >> Clicking: [data-test='add-to-cart-sauce-labs-backpack']
[2026-05-21 17:01:55.742] [STEP ] [main] >> Adding to cart: sauce-labs-bike-light
[2026-05-21 17:01:55.742] [STEP ] [main] >> Clicking: [data-test='add-to-cart-sauce-labs-bike-light']
[2026-05-21 17:01:55.805] [STEP ] [main] >> Removing from cart: sauce-labs-backpack
[2026-05-21 17:01:55.805] [STEP ] [main] >> Clicking: [data-test='remove-sauce-labs-backpack']
[2026-05-21 17:01:55.886] [INFO ] [main] [PASSED] testAddAndRemoveMultiple
[2026-05-21 17:01:55.886] [INFO ] [main] TEST END: testAddAndRemoveMultiple => PASSED
[2026-05-21 17:01:55.887] [INFO ] [main] ----------------------------------------
[2026-05-21 17:01:55.894] [DEBUG] [main] Browser context closed
[2026-05-21 17:01:55.939] [INFO ] [main] Browser closed
[2026-05-21 17:01:55.940] [INFO ] [main] 
[2026-05-21 17:01:55.941] [INFO ] [main] ==========================================
[2026-05-21 17:01:55.941] [INFO ] [main]          FINAL TEST RESULTS               
[2026-05-21 17:01:55.941] [INFO ] [main] ==========================================
[2026-05-21 17:01:55.942] [INFO ] [main]   Passed  : 29
[2026-05-21 17:01:55.942] [INFO ] [main]   Failed  : 0
[2026-05-21 17:01:55.942] [INFO ] [main]   Skipped : 0
[2026-05-21 17:01:55.942] [INFO ] [main]   Total   : 29
[2026-05-21 17:01:55.942] [INFO ] [main]   Pass Rate: 100.0%
[2026-05-21 17:01:55.942] [INFO ] [main] ==========================================
[2026-05-21 17:01:55.948] [INFO ] [main] Test Suite starting: Cart Tests
[2026-05-21 17:01:55.948] [INFO ] [main] Launching browser: chromium | headless: true | slowMotion: 0ms
[2026-05-21 17:01:56.093] [INFO ] [main] chromium browser launched
[2026-05-21 17:01:56.093] [INFO ] [main] ========================================
[2026-05-21 17:01:56.095] [INFO ] [main] TEST START: testEmptyCartPage
[2026-05-21 17:01:56.095] [INFO ] [main] ========================================
[2026-05-21 17:01:56.208] [INFO ] [main] New browser context and page created
[2026-05-21 17:01:56.211] [ERROR] [main] [FAILED] testEmptyCartPage
[2026-05-21 17:01:56.211] [ERROR] [main]   Reason: Cannot invoke "com.bjit.ecauto.pages.ProductsPage.goToCart()" because "productsPage" is null
[2026-05-21 17:01:56.340] [INFO ] [main] Screenshot saved: reports/screenshots/FAIL_testEmptyCartPage_2026-05-21_17-01-56.png
[2026-05-21 17:01:56.340] [ERROR] [main] Test FAILED: testEmptyCartPage
[2026-05-21 17:01:56.340] [ERROR] [main] Error: Cannot invoke "com.bjit.ecauto.pages.ProductsPage.goToCart()" because "productsPage" is null
[2026-05-21 17:01:56.340] [ERROR] [main] Screenshot: reports/screenshots/FAIL_testEmptyCartPage_2026-05-21_17-01-56.png
[2026-05-21 17:01:56.341] [INFO ] [main] TEST END: testEmptyCartPage => FAILED
[2026-05-21 17:01:56.341] [INFO ] [main] ----------------------------------------
[2026-05-21 17:01:56.345] [DEBUG] [main] Browser context closed
[2026-05-21 17:01:56.347] [INFO ] [main] ========================================
[2026-05-21 17:01:56.347] [INFO ] [main] TEST START: testSingleItemInCart
[2026-05-21 17:01:56.347] [INFO ] [main] ========================================
[2026-05-21 17:01:56.422] [INFO ] [main] New browser context and page created
[2026-05-21 17:01:56.423] [ERROR] [main] [FAILED] testSingleItemInCart
[2026-05-21 17:01:56.423] [ERROR] [main]   Reason: Cannot invoke "com.bjit.ecauto.pages.ProductsPage.addBackpackToCart()" because "productsPage" is null
[2026-05-21 17:01:56.539] [INFO ] [main] Screenshot saved: reports/screenshots/FAIL_testSingleItemInCart_2026-05-21_17-01-56.png
[2026-05-21 17:01:56.540] [ERROR] [main] Test FAILED: testSingleItemInCart
[2026-05-21 17:01:56.540] [ERROR] [main] Error: Cannot invoke "com.bjit.ecauto.pages.ProductsPage.addBackpackToCart()" because "productsPage" is null
[2026-05-21 17:01:56.540] [ERROR] [main] Screenshot: reports/screenshots/FAIL_testSingleItemInCart_2026-05-21_17-01-56.png
[2026-05-21 17:01:56.540] [INFO ] [main] TEST END: testSingleItemInCart => FAILED
[2026-05-21 17:01:56.541] [INFO ] [main] ----------------------------------------
[2026-05-21 17:01:56.545] [DEBUG] [main] Browser context closed
[2026-05-21 17:01:56.546] [INFO ] [main] ========================================
[2026-05-21 17:01:56.546] [INFO ] [main] TEST START: testMultipleItemsInCart
[2026-05-21 17:01:56.547] [INFO ] [main] ========================================
[2026-05-21 17:01:56.617] [INFO ] [main] New browser context and page created
[2026-05-21 17:01:56.620] [ERROR] [main] [FAILED] testMultipleItemsInCart
[2026-05-21 17:01:56.620] [ERROR] [main]   Reason: Cannot invoke "com.bjit.ecauto.pages.ProductsPage.addBackpackToCart()" because "productsPage" is null
[2026-05-21 17:01:56.737] [INFO ] [main] Screenshot saved: reports/screenshots/FAIL_testMultipleItemsInCart_2026-05-21_17-01-56.png
[2026-05-21 17:01:56.737] [ERROR] [main] Test FAILED: testMultipleItemsInCart
[2026-05-21 17:01:56.738] [ERROR] [main] Error: Cannot invoke "com.bjit.ecauto.pages.ProductsPage.addBackpackToCart()" because "productsPage" is null
[2026-05-21 17:01:56.738] [ERROR] [main] Screenshot: reports/screenshots/FAIL_testMultipleItemsInCart_2026-05-21_17-01-56.png
[2026-05-21 17:01:56.738] [INFO ] [main] TEST END: testMultipleItemsInCart => FAILED
[2026-05-21 17:01:56.738] [INFO ] [main] ----------------------------------------
[2026-05-21 17:01:56.743] [DEBUG] [main] Browser context closed
[2026-05-21 17:01:56.744] [INFO ] [main] ========================================
[2026-05-21 17:01:56.745] [INFO ] [main] TEST START: testRemoveItemFromCart
[2026-05-21 17:01:56.745] [INFO ] [main] ========================================
[2026-05-21 17:01:56.814] [INFO ] [main] New browser context and page created
[2026-05-21 17:01:56.815] [ERROR] [main] [FAILED] testRemoveItemFromCart
[2026-05-21 17:01:56.816] [ERROR] [main]   Reason: Cannot invoke "com.bjit.ecauto.pages.ProductsPage.addBackpackToCart()" because "productsPage" is null
[2026-05-21 17:01:56.937] [INFO ] [main] Screenshot saved: reports/screenshots/FAIL_testRemoveItemFromCart_2026-05-21_17-01-56.png
[2026-05-21 17:01:56.937] [ERROR] [main] Test FAILED: testRemoveItemFromCart
[2026-05-21 17:01:56.937] [ERROR] [main] Error: Cannot invoke "com.bjit.ecauto.pages.ProductsPage.addBackpackToCart()" because "productsPage" is null
[2026-05-21 17:01:56.938] [ERROR] [main] Screenshot: reports/screenshots/FAIL_testRemoveItemFromCart_2026-05-21_17-01-56.png
[2026-05-21 17:01:56.938] [INFO ] [main] TEST END: testRemoveItemFromCart => FAILED
[2026-05-21 17:01:56.938] [INFO ] [main] ----------------------------------------
[2026-05-21 17:01:56.944] [DEBUG] [main] Browser context closed
[2026-05-21 17:01:56.945] [INFO ] [main] ========================================
[2026-05-21 17:01:56.945] [INFO ] [main] TEST START: testRemoveAllItemsFromCart
[2026-05-21 17:01:56.946] [INFO ] [main] ========================================
[2026-05-21 17:01:57.016] [INFO ] [main] New browser context and page created
[2026-05-21 17:01:57.017] [ERROR] [main] [FAILED] testRemoveAllItemsFromCart
[2026-05-21 17:01:57.017] [ERROR] [main]   Reason: Cannot invoke "com.bjit.ecauto.pages.ProductsPage.addBackpackToCart()" because "productsPage" is null
[2026-05-21 17:01:57.135] [INFO ] [main] Screenshot saved: reports/screenshots/FAIL_testRemoveAllItemsFromCart_2026-05-21_17-01-57.png
[2026-05-21 17:01:57.135] [ERROR] [main] Test FAILED: testRemoveAllItemsFromCart
[2026-05-21 17:01:57.135] [ERROR] [main] Error: Cannot invoke "com.bjit.ecauto.pages.ProductsPage.addBackpackToCart()" because "productsPage" is null
[2026-05-21 17:01:57.136] [ERROR] [main] Screenshot: reports/screenshots/FAIL_testRemoveAllItemsFromCart_2026-05-21_17-01-57.png
[2026-05-21 17:01:57.136] [INFO ] [main] TEST END: testRemoveAllItemsFromCart => FAILED
[2026-05-21 17:01:57.136] [INFO ] [main] ----------------------------------------
[2026-05-21 17:01:57.140] [DEBUG] [main] Browser context closed
[2026-05-21 17:01:57.141] [INFO ] [main] ========================================
[2026-05-21 17:01:57.142] [INFO ] [main] TEST START: testContinueShopping
[2026-05-21 17:01:57.142] [INFO ] [main] ========================================
[2026-05-21 17:01:57.222] [INFO ] [main] New browser context and page created
[2026-05-21 17:01:57.223] [ERROR] [main] [FAILED] testContinueShopping
[2026-05-21 17:01:57.224] [ERROR] [main]   Reason: Cannot invoke "com.bjit.ecauto.pages.ProductsPage.addBackpackToCart()" because "productsPage" is null
[2026-05-21 17:01:57.335] [INFO ] [main] Screenshot saved: reports/screenshots/FAIL_testContinueShopping_2026-05-21_17-01-57.png
[2026-05-21 17:01:57.336] [ERROR] [main] Test FAILED: testContinueShopping
[2026-05-21 17:01:57.336] [ERROR] [main] Error: Cannot invoke "com.bjit.ecauto.pages.ProductsPage.addBackpackToCart()" because "productsPage" is null
[2026-05-21 17:01:57.336] [ERROR] [main] Screenshot: reports/screenshots/FAIL_testContinueShopping_2026-05-21_17-01-57.png
[2026-05-21 17:01:57.336] [INFO ] [main] TEST END: testContinueShopping => FAILED
[2026-05-21 17:01:57.337] [INFO ] [main] ----------------------------------------
[2026-05-21 17:01:57.341] [DEBUG] [main] Browser context closed
[2026-05-21 17:01:57.342] [INFO ] [main] ========================================
[2026-05-21 17:01:57.343] [INFO ] [main] TEST START: testProceedToCheckout
[2026-05-21 17:01:57.343] [INFO ] [main] ========================================
[2026-05-21 17:01:57.422] [INFO ] [main] New browser context and page created
[2026-05-21 17:01:57.424] [ERROR] [main] [FAILED] testProceedToCheckout
[2026-05-21 17:01:57.424] [ERROR] [main]   Reason: Cannot invoke "com.bjit.ecauto.pages.ProductsPage.addBackpackToCart()" because "productsPage" is null
[2026-05-21 17:01:57.536] [INFO ] [main] Screenshot saved: reports/screenshots/FAIL_testProceedToCheckout_2026-05-21_17-01-57.png
[2026-05-21 17:01:57.537] [ERROR] [main] Test FAILED: testProceedToCheckout
[2026-05-21 17:01:57.537] [ERROR] [main] Error: Cannot invoke "com.bjit.ecauto.pages.ProductsPage.addBackpackToCart()" because "productsPage" is null
[2026-05-21 17:01:57.537] [ERROR] [main] Screenshot: reports/screenshots/FAIL_testProceedToCheckout_2026-05-21_17-01-57.png
[2026-05-21 17:01:57.537] [INFO ] [main] TEST END: testProceedToCheckout => FAILED
[2026-05-21 17:01:57.538] [INFO ] [main] ----------------------------------------
[2026-05-21 17:01:57.541] [DEBUG] [main] Browser context closed
[2026-05-21 17:01:57.581] [INFO ] [main] Browser closed
[2026-05-21 17:01:57.581] [INFO ] [main] 
[2026-05-21 17:01:57.582] [INFO ] [main] ==========================================
[2026-05-21 17:01:57.582] [INFO ] [main]          FINAL TEST RESULTS               
[2026-05-21 17:01:57.582] [INFO ] [main] ==========================================
[2026-05-21 17:01:57.582] [INFO ] [main]   Passed  : 29
[2026-05-21 17:01:57.582] [INFO ] [main]   Failed  : 7
[2026-05-21 17:01:57.583] [INFO ] [main]   Skipped : 0
[2026-05-21 17:01:57.583] [INFO ] [main]   Total   : 36
[2026-05-21 17:01:57.583] [INFO ] [main]   Pass Rate: 80.6%
[2026-05-21 17:01:57.583] [INFO ] [main] ==========================================
[2026-05-21 17:01:57.595] [INFO ] [main] Test Suite starting: Checkout Tests
[2026-05-21 17:01:57.596] [INFO ] [main] Launching browser: chromium | headless: true | slowMotion: 0ms
[2026-05-21 17:01:57.720] [INFO ] [main] chromium browser launched
[2026-05-21 17:01:57.721] [INFO ] [main] ========================================
[2026-05-21 17:01:57.721] [INFO ] [main] TEST START: testCheckoutStepOneLoads
[2026-05-21 17:01:57.722] [INFO ] [main] ========================================
[2026-05-21 17:01:57.823] [INFO ] [main] New browser context and page created
[2026-05-21 17:01:57.824] [STEP ] [main] >> Navigating to: https://www.saucedemo.com
[2026-05-21 17:01:58.405] [INFO ] [main] Login page loaded
[2026-05-21 17:01:58.405] [INFO ] [main] Logging in as: standard_user
[2026-05-21 17:01:58.406] [STEP ] [main] >> Typing 'standard_user' into #user-name
[2026-05-21 17:01:58.444] [STEP ] [main] >> Typing [MASKED] into #password
[2026-05-21 17:01:58.460] [STEP ] [main] >> Clicking: #login-button
[2026-05-21 17:01:58.525] [STEP ] [main] >> Adding to cart: sauce-labs-backpack
[2026-05-21 17:01:58.525] [STEP ] [main] >> Clicking: [data-test='add-to-cart-sauce-labs-backpack']
[2026-05-21 17:01:58.577] [STEP ] [main] >> Navigating to cart
[2026-05-21 17:01:58.577] [STEP ] [main] >> Clicking: .shopping_cart_link
[2026-05-21 17:01:58.621] [STEP ] [main] >> Proceeding to checkout
[2026-05-21 17:01:58.621] [STEP ] [main] >> Clicking: [data-test='checkout']
[2026-05-21 17:01:58.686] [INFO ] [main] [PASSED] testCheckoutStepOneLoads
[2026-05-21 17:01:58.687] [INFO ] [main] TEST END: testCheckoutStepOneLoads => PASSED
[2026-05-21 17:01:58.688] [INFO ] [main] ----------------------------------------
[2026-05-21 17:01:58.693] [DEBUG] [main] Browser context closed
[2026-05-21 17:01:58.695] [ERROR] [main] [FAILED] testValidCheckoutInfo
[2026-05-21 17:01:58.696] [ERROR] [main]   Reason: 
Method public void com.bjit.ecauto.tests.CheckoutTest.testValidCheckoutInfo(java.lang.String,java.lang.String,java.lang.String) requires a @DataProvider named : checkoutValidData in class com.bjit.ecauto.dataproviders.TestDataProviders
[2026-05-21 17:01:58.698] [ERROR] [main] [FAILED] testInvalidCheckoutInfo
[2026-05-21 17:01:58.699] [ERROR] [main]   Reason: 
Method public void com.bjit.ecauto.tests.CheckoutTest.testInvalidCheckoutInfo(java.lang.String,java.lang.String,java.lang.String,java.lang.String) requires a @DataProvider named : checkoutInvalidData in class com.bjit.ecauto.dataproviders.TestDataProviders
[2026-05-21 17:01:58.700] [INFO ] [main] ========================================
[2026-05-21 17:01:58.702] [INFO ] [main] TEST START: testAllFieldsEmpty
[2026-05-21 17:01:58.702] [INFO ] [main] ========================================
[2026-05-21 17:01:58.793] [INFO ] [main] New browser context and page created
[2026-05-21 17:01:58.794] [STEP ] [main] >> Navigating to: https://www.saucedemo.com
[2026-05-21 17:01:59.358] [INFO ] [main] Login page loaded
[2026-05-21 17:01:59.358] [INFO ] [main] Logging in as: standard_user
[2026-05-21 17:01:59.358] [STEP ] [main] >> Typing 'standard_user' into #user-name
[2026-05-21 17:01:59.394] [STEP ] [main] >> Typing [MASKED] into #password
[2026-05-21 17:01:59.412] [STEP ] [main] >> Clicking: #login-button
[2026-05-21 17:01:59.495] [STEP ] [main] >> Adding to cart: sauce-labs-backpack
[2026-05-21 17:01:59.496] [STEP ] [main] >> Clicking: [data-test='add-to-cart-sauce-labs-backpack']
[2026-05-21 17:01:59.552] [STEP ] [main] >> Navigating to cart
[2026-05-21 17:01:59.553] [STEP ] [main] >> Clicking: .shopping_cart_link
[2026-05-21 17:01:59.602] [STEP ] [main] >> Proceeding to checkout
[2026-05-21 17:01:59.603] [STEP ] [main] >> Clicking: [data-test='checkout']
[2026-05-21 17:01:59.652] [STEP ] [main] >> Clicking: [data-test='continue']
[2026-05-21 17:01:59.726] [INFO ] [main] [PASSED] testAllFieldsEmpty
[2026-05-21 17:01:59.727] [INFO ] [main] TEST END: testAllFieldsEmpty => PASSED
[2026-05-21 17:01:59.727] [INFO ] [main] ----------------------------------------
[2026-05-21 17:01:59.734] [DEBUG] [main] Browser context closed
[2026-05-21 17:01:59.736] [INFO ] [main] ========================================
[2026-05-21 17:01:59.736] [INFO ] [main] TEST START: testCancelOnStepOne
[2026-05-21 17:01:59.736] [INFO ] [main] ========================================
[2026-05-21 17:01:59.813] [INFO ] [main] New browser context and page created
[2026-05-21 17:01:59.814] [STEP ] [main] >> Navigating to: https://www.saucedemo.com
[2026-05-21 17:02:00.360] [INFO ] [main] Login page loaded
[2026-05-21 17:02:00.360] [INFO ] [main] Logging in as: standard_user
[2026-05-21 17:02:00.360] [STEP ] [main] >> Typing 'standard_user' into #user-name
[2026-05-21 17:02:00.401] [STEP ] [main] >> Typing [MASKED] into #password
[2026-05-21 17:02:00.419] [STEP ] [main] >> Clicking: #login-button
[2026-05-21 17:02:00.494] [STEP ] [main] >> Adding to cart: sauce-labs-backpack
[2026-05-21 17:02:00.494] [STEP ] [main] >> Clicking: [data-test='add-to-cart-sauce-labs-backpack']
[2026-05-21 17:02:00.541] [STEP ] [main] >> Navigating to cart
[2026-05-21 17:02:00.541] [STEP ] [main] >> Clicking: .shopping_cart_link
[2026-05-21 17:02:00.584] [STEP ] [main] >> Proceeding to checkout
[2026-05-21 17:02:00.584] [STEP ] [main] >> Clicking: [data-test='checkout']
[2026-05-21 17:02:00.635] [STEP ] [main] >> Clicking: [data-test='cancel']
[2026-05-21 17:02:00.696] [INFO ] [main] [PASSED] testCancelOnStepOne
[2026-05-21 17:02:00.697] [INFO ] [main] TEST END: testCancelOnStepOne => PASSED
[2026-05-21 17:02:00.697] [INFO ] [main] ----------------------------------------
[2026-05-21 17:02:00.703] [DEBUG] [main] Browser context closed
[2026-05-21 17:02:00.705] [INFO ] [main] ========================================
[2026-05-21 17:02:00.706] [INFO ] [main] TEST START: testOverviewShowsSingleItem
[2026-05-21 17:02:00.706] [INFO ] [main] ========================================
[2026-05-21 17:02:00.795] [INFO ] [main] New browser context and page created
[2026-05-21 17:02:00.795] [STEP ] [main] >> Navigating to: https://www.saucedemo.com
[2026-05-21 17:02:01.432] [INFO ] [main] Login page loaded
[2026-05-21 17:02:01.432] [INFO ] [main] Logging in as: standard_user
[2026-05-21 17:02:01.433] [STEP ] [main] >> Typing 'standard_user' into #user-name
[2026-05-21 17:02:01.483] [STEP ] [main] >> Typing [MASKED] into #password
[2026-05-21 17:02:01.506] [STEP ] [main] >> Clicking: #login-button
[2026-05-21 17:02:01.577] [STEP ] [main] >> Adding to cart: sauce-labs-backpack
[2026-05-21 17:02:01.577] [STEP ] [main] >> Clicking: [data-test='add-to-cart-sauce-labs-backpack']
[2026-05-21 17:02:01.632] [STEP ] [main] >> Navigating to cart
[2026-05-21 17:02:01.632] [STEP ] [main] >> Clicking: .shopping_cart_link
[2026-05-21 17:02:01.686] [STEP ] [main] >> Proceeding to checkout
[2026-05-21 17:02:01.686] [STEP ] [main] >> Clicking: [data-test='checkout']
[2026-05-21 17:02:01.739] [STEP ] [main] >> Typing 'John' into [data-test='firstName']
[2026-05-21 17:02:01.758] [STEP ] [main] >> Typing 'Doe' into [data-test='lastName']
[2026-05-21 17:02:01.777] [STEP ] [main] >> Typing '12345' into [data-test='postalCode']
[2026-05-21 17:02:01.797] [STEP ] [main] >> Clicking: [data-test='continue']
[2026-05-21 17:02:01.879] [INFO ] [main] [PASSED] testOverviewShowsSingleItem
[2026-05-21 17:02:01.880] [INFO ] [main] TEST END: testOverviewShowsSingleItem => PASSED
[2026-05-21 17:02:01.880] [INFO ] [main] ----------------------------------------
[2026-05-21 17:02:01.887] [DEBUG] [main] Browser context closed
[2026-05-21 17:02:01.889] [INFO ] [main] ========================================
[2026-05-21 17:02:01.890] [INFO ] [main] TEST START: testOverviewShowsMultipleItems
[2026-05-21 17:02:01.890] [INFO ] [main] ========================================
[2026-05-21 17:02:01.994] [INFO ] [main] New browser context and page created
[2026-05-21 17:02:01.996] [STEP ] [main] >> Navigating to: https://www.saucedemo.com
[2026-05-21 17:02:02.554] [INFO ] [main] Login page loaded
[2026-05-21 17:02:02.554] [INFO ] [main] Logging in as: standard_user
[2026-05-21 17:02:02.554] [STEP ] [main] >> Typing 'standard_user' into #user-name
[2026-05-21 17:02:02.603] [STEP ] [main] >> Typing [MASKED] into #password
[2026-05-21 17:02:02.621] [STEP ] [main] >> Clicking: #login-button
[2026-05-21 17:02:02.694] [STEP ] [main] >> Adding to cart: sauce-labs-backpack
[2026-05-21 17:02:02.694] [STEP ] [main] >> Clicking: [data-test='add-to-cart-sauce-labs-backpack']
[2026-05-21 17:02:02.756] [STEP ] [main] >> Adding to cart: sauce-labs-bike-light
[2026-05-21 17:02:02.756] [STEP ] [main] >> Clicking: [data-test='add-to-cart-sauce-labs-bike-light']
[2026-05-21 17:02:02.798] [STEP ] [main] >> Adding to cart: sauce-labs-onesie
[2026-05-21 17:02:02.798] [STEP ] [main] >> Clicking: [data-test='add-to-cart-sauce-labs-onesie']
[2026-05-21 17:02:02.846] [STEP ] [main] >> Navigating to cart
[2026-05-21 17:02:02.846] [STEP ] [main] >> Clicking: .shopping_cart_link
[2026-05-21 17:02:02.905] [STEP ] [main] >> Proceeding to checkout
[2026-05-21 17:02:02.905] [STEP ] [main] >> Clicking: [data-test='checkout']
[2026-05-21 17:02:02.959] [STEP ] [main] >> Typing 'Jane' into [data-test='firstName']
[2026-05-21 17:02:02.983] [STEP ] [main] >> Typing 'Smith' into [data-test='lastName']
[2026-05-21 17:02:02.999] [STEP ] [main] >> Typing '54321' into [data-test='postalCode']
[2026-05-21 17:02:03.015] [STEP ] [main] >> Clicking: [data-test='continue']
[2026-05-21 17:02:03.084] [INFO ] [main] [PASSED] testOverviewShowsMultipleItems
[2026-05-21 17:02:03.085] [INFO ] [main] TEST END: testOverviewShowsMultipleItems => PASSED
[2026-05-21 17:02:03.085] [INFO ] [main] ----------------------------------------
[2026-05-21 17:02:03.090] [DEBUG] [main] Browser context closed
[2026-05-21 17:02:03.092] [INFO ] [main] ========================================
[2026-05-21 17:02:03.092] [INFO ] [main] TEST START: testSubtotalSingleItem
[2026-05-21 17:02:03.093] [INFO ] [main] ========================================
[2026-05-21 17:02:03.166] [INFO ] [main] New browser context and page created
[2026-05-21 17:02:03.166] [STEP ] [main] >> Navigating to: https://www.saucedemo.com
[2026-05-21 17:02:06.250] [INFO ] [main] Login page loaded
[2026-05-21 17:02:06.250] [INFO ] [main] Logging in as: standard_user
[2026-05-21 17:02:06.251] [STEP ] [main] >> Typing 'standard_user' into #user-name
[2026-05-21 17:02:06.295] [STEP ] [main] >> Typing [MASKED] into #password
[2026-05-21 17:02:06.313] [STEP ] [main] >> Clicking: #login-button
[2026-05-21 17:02:06.408] [STEP ] [main] >> Adding to cart: sauce-labs-backpack
[2026-05-21 17:02:06.409] [STEP ] [main] >> Clicking: [data-test='add-to-cart-sauce-labs-backpack']
[2026-05-21 17:02:06.453] [STEP ] [main] >> Navigating to cart
[2026-05-21 17:02:06.453] [STEP ] [main] >> Clicking: .shopping_cart_link
[2026-05-21 17:02:06.509] [STEP ] [main] >> Proceeding to checkout
[2026-05-21 17:02:06.510] [STEP ] [main] >> Clicking: [data-test='checkout']
[2026-05-21 17:02:06.570] [STEP ] [main] >> Typing 'John' into [data-test='firstName']
[2026-05-21 17:02:06.596] [STEP ] [main] >> Typing 'Doe' into [data-test='lastName']
[2026-05-21 17:02:06.615] [STEP ] [main] >> Typing '12345' into [data-test='postalCode']
[2026-05-21 17:02:06.636] [STEP ] [main] >> Clicking: [data-test='continue']
[2026-05-21 17:02:06.719] [INFO ] [main] [PASSED] testSubtotalSingleItem
[2026-05-21 17:02:06.720] [INFO ] [main] TEST END: testSubtotalSingleItem => PASSED
[2026-05-21 17:02:06.720] [INFO ] [main] ----------------------------------------
[2026-05-21 17:02:06.726] [DEBUG] [main] Browser context closed
[2026-05-21 17:02:06.729] [INFO ] [main] ========================================
[2026-05-21 17:02:06.729] [INFO ] [main] TEST START: testSubtotalMultipleItems
[2026-05-21 17:02:06.729] [INFO ] [main] ========================================
[2026-05-21 17:02:06.810] [INFO ] [main] New browser context and page created
[2026-05-21 17:02:06.811] [STEP ] [main] >> Navigating to: https://www.saucedemo.com
[2026-05-21 17:02:07.398] [INFO ] [main] Login page loaded
[2026-05-21 17:02:07.398] [INFO ] [main] Logging in as: standard_user
[2026-05-21 17:02:07.399] [STEP ] [main] >> Typing 'standard_user' into #user-name
[2026-05-21 17:02:07.437] [STEP ] [main] >> Typing [MASKED] into #password
[2026-05-21 17:02:07.454] [STEP ] [main] >> Clicking: #login-button
[2026-05-21 17:02:07.536] [STEP ] [main] >> Adding to cart: sauce-labs-backpack
[2026-05-21 17:02:07.536] [STEP ] [main] >> Clicking: [data-test='add-to-cart-sauce-labs-backpack']
[2026-05-21 17:02:07.589] [STEP ] [main] >> Adding to cart: sauce-labs-bike-light
[2026-05-21 17:02:07.589] [STEP ] [main] >> Clicking: [data-test='add-to-cart-sauce-labs-bike-light']
[2026-05-21 17:02:07.629] [STEP ] [main] >> Adding to cart: sauce-labs-onesie
[2026-05-21 17:02:07.630] [STEP ] [main] >> Clicking: [data-test='add-to-cart-sauce-labs-onesie']
[2026-05-21 17:02:07.684] [STEP ] [main] >> Navigating to cart
[2026-05-21 17:02:07.684] [STEP ] [main] >> Clicking: .shopping_cart_link
[2026-05-21 17:02:07.737] [STEP ] [main] >> Proceeding to checkout
[2026-05-21 17:02:07.737] [STEP ] [main] >> Clicking: [data-test='checkout']
[2026-05-21 17:02:07.789] [STEP ] [main] >> Typing 'Jane' into [data-test='firstName']
[2026-05-21 17:02:07.809] [STEP ] [main] >> Typing 'Smith' into [data-test='lastName']
[2026-05-21 17:02:07.825] [STEP ] [main] >> Typing '54321' into [data-test='postalCode']
[2026-05-21 17:02:07.841] [STEP ] [main] >> Clicking: [data-test='continue']
[2026-05-21 17:02:07.904] [INFO ] [main] [PASSED] testSubtotalMultipleItems
[2026-05-21 17:02:07.906] [INFO ] [main] TEST END: testSubtotalMultipleItems => PASSED
[2026-05-21 17:02:07.906] [INFO ] [main] ----------------------------------------
[2026-05-21 17:02:07.913] [DEBUG] [main] Browser context closed
[2026-05-21 17:02:07.915] [INFO ] [main] ========================================
[2026-05-21 17:02:07.916] [INFO ] [main] TEST START: testTaxCalculation
[2026-05-21 17:02:07.916] [INFO ] [main] ========================================
[2026-05-21 17:02:08.014] [INFO ] [main] New browser context and page created
[2026-05-21 17:02:08.015] [STEP ] [main] >> Navigating to: https://www.saucedemo.com
[2026-05-21 17:02:08.615] [INFO ] [main] Login page loaded
[2026-05-21 17:02:08.616] [INFO ] [main] Logging in as: standard_user
[2026-05-21 17:02:08.616] [STEP ] [main] >> Typing 'standard_user' into #user-name
[2026-05-21 17:02:08.652] [STEP ] [main] >> Typing [MASKED] into #password
[2026-05-21 17:02:08.666] [STEP ] [main] >> Clicking: #login-button
[2026-05-21 17:02:08.745] [STEP ] [main] >> Adding to cart: sauce-labs-backpack
[2026-05-21 17:02:08.745] [STEP ] [main] >> Clicking: [data-test='add-to-cart-sauce-labs-backpack']
[2026-05-21 17:02:08.792] [STEP ] [main] >> Navigating to cart
[2026-05-21 17:02:08.792] [STEP ] [main] >> Clicking: .shopping_cart_link
[2026-05-21 17:02:08.839] [STEP ] [main] >> Proceeding to checkout
[2026-05-21 17:02:08.839] [STEP ] [main] >> Clicking: [data-test='checkout']
[2026-05-21 17:02:08.886] [STEP ] [main] >> Typing 'John' into [data-test='firstName']
[2026-05-21 17:02:08.907] [STEP ] [main] >> Typing 'Doe' into [data-test='lastName']
[2026-05-21 17:02:08.926] [STEP ] [main] >> Typing '12345' into [data-test='postalCode']
[2026-05-21 17:02:08.942] [STEP ] [main] >> Clicking: [data-test='continue']
[2026-05-21 17:02:09.038] [INFO ] [main] [PASSED] testTaxCalculation
[2026-05-21 17:02:09.038] [INFO ] [main] TEST END: testTaxCalculation => PASSED
[2026-05-21 17:02:09.039] [INFO ] [main] ----------------------------------------
[2026-05-21 17:02:09.043] [DEBUG] [main] Browser context closed
[2026-05-21 17:02:09.115] [INFO ] [main] Browser closed
[2026-05-21 17:02:09.115] [INFO ] [main] 
[2026-05-21 17:02:09.115] [INFO ] [main] ==========================================
[2026-05-21 17:02:09.116] [INFO ] [main]          FINAL TEST RESULTS               
[2026-05-21 17:02:09.116] [INFO ] [main] ==========================================
[2026-05-21 17:02:09.116] [INFO ] [main]   Passed  : 37
[2026-05-21 17:02:09.116] [INFO ] [main]   Failed  : 9
[2026-05-21 17:02:09.116] [INFO ] [main]   Skipped : 0
[2026-05-21 17:02:09.116] [INFO ] [main]   Total   : 46
[2026-05-21 17:02:09.116] [INFO ] [main]   Pass Rate: 80.4%
[2026-05-21 17:02:09.117] [INFO ] [main] ==========================================
[2026-05-21 17:02:09.135] [INFO ] [main] Playwright instance closed
[2026-05-21 17:02:09.135] [INFO ] [main] ################################################
[2026-05-21 17:02:09.135] [INFO ] [main] SUITE COMPLETED
[2026-05-21 17:02:09.136] [INFO ] [main] ################################################
[2026-06-01 15:43:08.830] [INFO ] [main] ################################################
[2026-06-01 15:43:08.831] [INFO ] [main] SUITE START: SauceDemo Automation Suite
[2026-06-01 15:43:08.832] [INFO ] [main] Configuration loaded successfully
[2026-06-01 15:43:08.832] [INFO ] [main] Browser: chromium
[2026-06-01 15:43:08.833] [INFO ] [main] Headless: true
[2026-06-01 15:43:08.833] [INFO ] [main] Base URL: https://www.saucedemo.com
[2026-06-01 15:43:08.833] [INFO ] [main] ################################################
[2026-06-01 15:43:14.910] [INFO ] [main] Playwright instance created
[2026-06-01 15:43:14.926] [INFO ] [main] Launching browser: chromium | headless: true | slowMotion: 0ms
[2026-06-01 15:43:15.157] [INFO ] [main] chromium browser launched
[2026-06-01 15:43:15.172] [INFO ] [main] ========================================
[2026-06-01 15:43:15.172] [INFO ] [main] TEST START: testValidLogin
[2026-06-01 15:43:15.173] [INFO ] [main] ========================================
[2026-06-01 15:43:15.301] [INFO ] [main] New browser context and page created
[2026-06-01 15:43:15.304] [STEP ] [main] >> Navigating to: https://www.saucedemo.com
[2026-06-01 15:43:18.692] [INFO ] [main] Login page loaded
[2026-06-01 15:43:18.693] [INFO ] [main] Logging in as: standard_user
[2026-06-01 15:43:18.693] [STEP ] [main] >> Typing 'standard_user' into #user-name
[2026-06-01 15:43:18.751] [STEP ] [main] >> Typing [MASKED] into #password
[2026-06-01 15:43:18.775] [STEP ] [main] >> Clicking: #login-button
[2026-06-01 15:43:18.904] [INFO ] [main] TEST END: testValidLogin => PASSED
[2026-06-01 15:43:18.905] [INFO ] [main] ----------------------------------------
[2026-06-01 15:43:18.919] [DEBUG] [main] Browser context closed
[2026-06-01 15:43:18.931] [INFO ] [main] ========================================
[2026-06-01 15:43:18.931] [INFO ] [main] TEST START: testAllUserTypes
[2026-06-01 15:43:18.932] [INFO ] [main] ========================================
[2026-06-01 15:43:19.009] [INFO ] [main] New browser context and page created
[2026-06-01 15:43:19.012] [STEP ] [main] >> Navigating to: https://www.saucedemo.com
[2026-06-01 15:43:19.572] [INFO ] [main] Login page loaded
[2026-06-01 15:43:19.572] [INFO ] [main] Logging in as: standard_user
[2026-06-01 15:43:19.573] [STEP ] [main] >> Typing 'standard_user' into #user-name
[2026-06-01 15:43:19.615] [STEP ] [main] >> Typing [MASKED] into #password
[2026-06-01 15:43:19.632] [STEP ] [main] >> Clicking: #login-button
[2026-06-01 15:43:19.717] [INFO ] [main] TEST END: testAllUserTypes => PASSED
[2026-06-01 15:43:19.717] [INFO ] [main] ----------------------------------------
[2026-06-01 15:43:19.724] [DEBUG] [main] Browser context closed
[2026-06-01 15:43:19.726] [INFO ] [main] ========================================
[2026-06-01 15:43:19.727] [INFO ] [main] TEST START: testAllUserTypes
[2026-06-01 15:43:19.727] [INFO ] [main] ========================================
[2026-06-01 15:43:19.812] [INFO ] [main] New browser context and page created
[2026-06-01 15:43:19.814] [STEP ] [main] >> Navigating to: https://www.saucedemo.com
[2026-06-01 15:43:20.384] [INFO ] [main] Login page loaded
[2026-06-01 15:43:20.385] [INFO ] [main] Attempting login with: locked_out_user (expecting error)
[2026-06-01 15:43:20.386] [STEP ] [main] >> Typing 'locked_out_user' into #user-name
[2026-06-01 15:43:20.430] [STEP ] [main] >> Typing [MASKED] into #password
[2026-06-01 15:43:20.448] [STEP ] [main] >> Clicking: #login-button
[2026-06-01 15:43:20.507] [INFO ] [main] TEST END: testAllUserTypes => PASSED
[2026-06-01 15:43:20.508] [INFO ] [main] ----------------------------------------
[2026-06-01 15:43:20.513] [DEBUG] [main] Browser context closed
[2026-06-01 15:43:20.515] [INFO ] [main] ========================================
[2026-06-01 15:43:20.515] [INFO ] [main] TEST START: testAllUserTypes
[2026-06-01 15:43:20.515] [INFO ] [main] ========================================
[2026-06-01 15:43:20.588] [INFO ] [main] New browser context and page created
[2026-06-01 15:43:20.589] [STEP ] [main] >> Navigating to: https://www.saucedemo.com
[2026-06-01 15:43:21.169] [INFO ] [main] Login page loaded
[2026-06-01 15:43:21.170] [INFO ] [main] Logging in as: problem_user
[2026-06-01 15:43:21.170] [STEP ] [main] >> Typing 'problem_user' into #user-name
[2026-06-01 15:43:21.210] [STEP ] [main] >> Typing [MASKED] into #password
[2026-06-01 15:43:21.227] [STEP ] [main] >> Clicking: #login-button
[2026-06-01 15:43:21.316] [INFO ] [main] TEST END: testAllUserTypes => PASSED
[2026-06-01 15:43:21.316] [INFO ] [main] ----------------------------------------
[2026-06-01 15:43:21.322] [DEBUG] [main] Browser context closed
[2026-06-01 15:43:21.323] [INFO ] [main] ========================================
[2026-06-01 15:43:21.325] [INFO ] [main] TEST START: testAllUserTypes
[2026-06-01 15:43:21.325] [INFO ] [main] ========================================
[2026-06-01 15:43:21.401] [INFO ] [main] New browser context and page created
[2026-06-01 15:43:21.402] [STEP ] [main] >> Navigating to: https://www.saucedemo.com
[2026-06-01 15:43:21.930] [INFO ] [main] Login page loaded
[2026-06-01 15:43:21.931] [INFO ] [main] Logging in as: performance_glitch_user
[2026-06-01 15:43:21.931] [STEP ] [main] >> Typing 'performance_glitch_user' into #user-name
[2026-06-01 15:43:21.978] [STEP ] [main] >> Typing [MASKED] into #password
[2026-06-01 15:43:21.996] [STEP ] [main] >> Clicking: #login-button
[2026-06-01 15:43:27.099] [INFO ] [main] TEST END: testAllUserTypes => PASSED
[2026-06-01 15:43:27.099] [INFO ] [main] ----------------------------------------
[2026-06-01 15:43:27.104] [DEBUG] [main] Browser context closed
[2026-06-01 15:43:27.106] [INFO ] [main] ========================================
[2026-06-01 15:43:27.106] [INFO ] [main] TEST START: testAllUserTypes
[2026-06-01 15:43:27.107] [INFO ] [main] ========================================
[2026-06-01 15:43:27.179] [INFO ] [main] New browser context and page created
[2026-06-01 15:43:27.180] [STEP ] [main] >> Navigating to: https://www.saucedemo.com
[2026-06-01 15:43:27.751] [INFO ] [main] Login page loaded
[2026-06-01 15:43:27.751] [INFO ] [main] Logging in as: error_user
[2026-06-01 15:43:27.752] [STEP ] [main] >> Typing 'error_user' into #user-name
[2026-06-01 15:43:27.795] [STEP ] [main] >> Typing [MASKED] into #password
[2026-06-01 15:43:27.810] [STEP ] [main] >> Clicking: #login-button
[2026-06-01 15:43:27.902] [INFO ] [main] TEST END: testAllUserTypes => PASSED
[2026-06-01 15:43:27.903] [INFO ] [main] ----------------------------------------
[2026-06-01 15:43:27.907] [DEBUG] [main] Browser context closed
[2026-06-01 15:43:27.909] [INFO ] [main] ========================================
[2026-06-01 15:43:27.910] [INFO ] [main] TEST START: testAllUserTypes
[2026-06-01 15:43:27.910] [INFO ] [main] ========================================
[2026-06-01 15:43:27.987] [INFO ] [main] New browser context and page created
[2026-06-01 15:43:27.989] [STEP ] [main] >> Navigating to: https://www.saucedemo.com
[2026-06-01 15:43:28.550] [INFO ] [main] Login page loaded
[2026-06-01 15:43:28.551] [INFO ] [main] Logging in as: visual_user
[2026-06-01 15:43:28.551] [STEP ] [main] >> Typing 'visual_user' into #user-name
[2026-06-01 15:43:28.589] [STEP ] [main] >> Typing [MASKED] into #password
[2026-06-01 15:43:28.604] [STEP ] [main] >> Clicking: #login-button
[2026-06-01 15:43:28.699] [INFO ] [main] TEST END: testAllUserTypes => PASSED
[2026-06-01 15:43:28.700] [INFO ] [main] ----------------------------------------
[2026-06-01 15:43:28.710] [DEBUG] [main] Browser context closed
[2026-06-01 15:43:28.713] [INFO ] [main] ========================================
[2026-06-01 15:43:28.713] [INFO ] [main] TEST START: testInvalidLogin
[2026-06-01 15:43:28.713] [INFO ] [main] ========================================
[2026-06-01 15:43:28.790] [INFO ] [main] New browser context and page created
[2026-06-01 15:43:28.792] [STEP ] [main] >> Navigating to: https://www.saucedemo.com
[2026-06-01 15:43:29.383] [INFO ] [main] Login page loaded
[2026-06-01 15:43:29.384] [INFO ] [main] Attempting login with: locked_out_user (expecting error)
[2026-06-01 15:43:29.384] [STEP ] [main] >> Typing 'locked_out_user' into #user-name
[2026-06-01 15:43:29.422] [STEP ] [main] >> Typing [MASKED] into #password
[2026-06-01 15:43:29.441] [STEP ] [main] >> Clicking: #login-button
[2026-06-01 15:43:29.511] [INFO ] [main] TEST END: testInvalidLogin => PASSED
[2026-06-01 15:43:29.511] [INFO ] [main] ----------------------------------------
[2026-06-01 15:43:29.518] [DEBUG] [main] Browser context closed
[2026-06-01 15:43:29.519] [INFO ] [main] ========================================
[2026-06-01 15:43:29.520] [INFO ] [main] TEST START: testInvalidLogin
[2026-06-01 15:43:29.520] [INFO ] [main] ========================================
[2026-06-01 15:43:29.605] [INFO ] [main] New browser context and page created
[2026-06-01 15:43:29.606] [STEP ] [main] >> Navigating to: https://www.saucedemo.com
[2026-06-01 15:43:30.170] [INFO ] [main] Login page loaded
[2026-06-01 15:43:30.171] [INFO ] [main] Attempting login with: standard_user (expecting error)
[2026-06-01 15:43:30.171] [STEP ] [main] >> Typing 'standard_user' into #user-name
[2026-06-01 15:43:30.214] [STEP ] [main] >> Typing [MASKED] into #password
[2026-06-01 15:43:30.228] [STEP ] [main] >> Clicking: #login-button
[2026-06-01 15:43:30.296] [INFO ] [main] TEST END: testInvalidLogin => PASSED
[2026-06-01 15:43:30.296] [INFO ] [main] ----------------------------------------
[2026-06-01 15:43:30.303] [DEBUG] [main] Browser context closed
[2026-06-01 15:43:30.305] [INFO ] [main] ========================================
[2026-06-01 15:43:30.306] [INFO ] [main] TEST START: testInvalidLogin
[2026-06-01 15:43:30.306] [INFO ] [main] ========================================
[2026-06-01 15:43:30.386] [INFO ] [main] New browser context and page created
[2026-06-01 15:43:30.387] [STEP ] [main] >> Navigating to: https://www.saucedemo.com
[2026-06-01 15:43:30.973] [INFO ] [main] Login page loaded
[2026-06-01 15:43:30.973] [INFO ] [main] Attempting login with:  (expecting error)
[2026-06-01 15:43:30.974] [STEP ] [main] >> Typing '' into #user-name
[2026-06-01 15:43:31.013] [STEP ] [main] >> Typing [MASKED] into #password
[2026-06-01 15:43:31.027] [STEP ] [main] >> Clicking: #login-button
[2026-06-01 15:43:31.093] [INFO ] [main] TEST END: testInvalidLogin => PASSED
[2026-06-01 15:43:31.094] [INFO ] [main] ----------------------------------------
[2026-06-01 15:43:31.099] [DEBUG] [main] Browser context closed
[2026-06-01 15:43:31.101] [INFO ] [main] ========================================
[2026-06-01 15:43:31.101] [INFO ] [main] TEST START: testInvalidLogin
[2026-06-01 15:43:31.102] [INFO ] [main] ========================================
[2026-06-01 15:43:31.187] [INFO ] [main] New browser context and page created
[2026-06-01 15:43:31.189] [STEP ] [main] >> Navigating to: https://www.saucedemo.com
[2026-06-01 15:43:31.748] [INFO ] [main] Login page loaded
[2026-06-01 15:43:31.749] [INFO ] [main] Attempting login with: standard_user (expecting error)
[2026-06-01 15:43:31.749] [STEP ] [main] >> Typing 'standard_user' into #user-name
[2026-06-01 15:43:31.789] [STEP ] [main] >> Typing [MASKED] into #password
[2026-06-01 15:43:31.806] [STEP ] [main] >> Clicking: #login-button
[2026-06-01 15:43:31.874] [INFO ] [main] TEST END: testInvalidLogin => PASSED
[2026-06-01 15:43:31.875] [INFO ] [main] ----------------------------------------
[2026-06-01 15:43:31.879] [DEBUG] [main] Browser context closed
[2026-06-01 15:43:31.881] [INFO ] [main] ========================================
[2026-06-01 15:43:31.881] [INFO ] [main] TEST START: testInvalidLogin
[2026-06-01 15:43:31.881] [INFO ] [main] ========================================
[2026-06-01 15:43:31.963] [INFO ] [main] New browser context and page created
[2026-06-01 15:43:31.966] [STEP ] [main] >> Navigating to: https://www.saucedemo.com
[2026-06-01 15:43:32.515] [INFO ] [main] Login page loaded
[2026-06-01 15:43:32.516] [INFO ] [main] Attempting login with:  (expecting error)
[2026-06-01 15:43:32.516] [STEP ] [main] >> Typing '' into #user-name
[2026-06-01 15:43:32.555] [STEP ] [main] >> Typing [MASKED] into #password
[2026-06-01 15:43:32.571] [STEP ] [main] >> Clicking: #login-button
[2026-06-01 15:43:32.642] [INFO ] [main] TEST END: testInvalidLogin => PASSED
[2026-06-01 15:43:32.643] [INFO ] [main] ----------------------------------------
[2026-06-01 15:43:32.648] [DEBUG] [main] Browser context closed
[2026-06-01 15:43:32.649] [INFO ] [main] ========================================
[2026-06-01 15:43:32.650] [INFO ] [main] TEST START: testInvalidLogin
[2026-06-01 15:43:32.650] [INFO ] [main] ========================================
[2026-06-01 15:43:32.732] [INFO ] [main] New browser context and page created
[2026-06-01 15:43:32.733] [STEP ] [main] >> Navigating to: https://www.saucedemo.com
[2026-06-01 15:43:33.284] [INFO ] [main] Login page loaded
[2026-06-01 15:43:33.284] [INFO ] [main] Attempting login with: nonexistent_user (expecting error)
[2026-06-01 15:43:33.284] [STEP ] [main] >> Typing 'nonexistent_user' into #user-name
[2026-06-01 15:43:33.324] [STEP ] [main] >> Typing [MASKED] into #password
[2026-06-01 15:43:33.341] [STEP ] [main] >> Clicking: #login-button
[2026-06-01 15:43:33.412] [INFO ] [main] TEST END: testInvalidLogin => PASSED
[2026-06-01 15:43:33.413] [INFO ] [main] ----------------------------------------
[2026-06-01 15:43:33.417] [DEBUG] [main] Browser context closed
[2026-06-01 15:43:33.419] [INFO ] [main] ========================================
[2026-06-01 15:43:33.419] [INFO ] [main] TEST START: testLockedOutUser
[2026-06-01 15:43:33.420] [INFO ] [main] ========================================
[2026-06-01 15:43:33.500] [INFO ] [main] New browser context and page created
[2026-06-01 15:43:33.501] [STEP ] [main] >> Navigating to: https://www.saucedemo.com
[2026-06-01 15:43:34.055] [INFO ] [main] Login page loaded
[2026-06-01 15:43:34.055] [INFO ] [main] Attempting login with: locked_out_user (expecting error)
[2026-06-01 15:43:34.056] [STEP ] [main] >> Typing 'locked_out_user' into #user-name
[2026-06-01 15:43:34.096] [STEP ] [main] >> Typing [MASKED] into #password
[2026-06-01 15:43:34.111] [STEP ] [main] >> Clicking: #login-button
[2026-06-01 15:43:34.180] [INFO ] [main] TEST END: testLockedOutUser => PASSED
[2026-06-01 15:43:34.181] [INFO ] [main] ----------------------------------------
[2026-06-01 15:43:34.187] [DEBUG] [main] Browser context closed
[2026-06-01 15:43:34.188] [INFO ] [main] ========================================
[2026-06-01 15:43:34.189] [INFO ] [main] TEST START: testCloseErrorMessage
[2026-06-01 15:43:34.189] [INFO ] [main] ========================================
[2026-06-01 15:43:34.271] [INFO ] [main] New browser context and page created
[2026-06-01 15:43:34.272] [STEP ] [main] >> Navigating to: https://www.saucedemo.com
[2026-06-01 15:43:34.833] [INFO ] [main] Login page loaded
[2026-06-01 15:43:34.833] [INFO ] [main] Attempting login with:  (expecting error)
[2026-06-01 15:43:34.834] [STEP ] [main] >> Typing '' into #user-name
[2026-06-01 15:43:34.873] [STEP ] [main] >> Typing [MASKED] into #password
[2026-06-01 15:43:34.885] [STEP ] [main] >> Clicking: #login-button
[2026-06-01 15:43:34.932] [STEP ] [main] >> Clicking: .error-button
[2026-06-01 15:43:34.975] [INFO ] [main] TEST END: testCloseErrorMessage => PASSED
[2026-06-01 15:43:34.975] [INFO ] [main] ----------------------------------------
[2026-06-01 15:43:34.980] [DEBUG] [main] Browser context closed
[2026-06-01 15:43:34.982] [INFO ] [main] ========================================
[2026-06-01 15:43:34.982] [INFO ] [main] TEST START: testLogout
[2026-06-01 15:43:34.983] [INFO ] [main] ========================================
[2026-06-01 15:43:35.067] [INFO ] [main] New browser context and page created
[2026-06-01 15:43:35.068] [STEP ] [main] >> Navigating to: https://www.saucedemo.com
[2026-06-01 15:43:35.638] [INFO ] [main] Login page loaded
[2026-06-01 15:43:35.638] [INFO ] [main] Logging in as: standard_user
[2026-06-01 15:43:35.639] [STEP ] [main] >> Typing 'standard_user' into #user-name
[2026-06-01 15:43:35.679] [STEP ] [main] >> Typing [MASKED] into #password
[2026-06-01 15:43:35.695] [STEP ] [main] >> Clicking: #login-button
[2026-06-01 15:43:35.783] [STEP ] [main] >> Logging out
[2026-06-01 15:43:35.783] [STEP ] [main] >> Clicking: #react-burger-menu-btn
[2026-06-01 15:43:35.824] [STEP ] [main] >> Clicking: #logout_sidebar_link
[2026-06-01 15:43:36.762] [INFO ] [main] TEST END: testLogout => PASSED
[2026-06-01 15:43:36.762] [INFO ] [main] ----------------------------------------
[2026-06-01 15:43:36.767] [DEBUG] [main] Browser context closed
[2026-06-01 15:43:36.813] [INFO ] [main] Browser closed
[2026-06-01 15:43:36.847] [INFO ] [main] Playwright instance closed
[2026-06-01 15:43:36.849] [INFO ] [main] ################################################
[2026-06-01 15:43:36.849] [INFO ] [main] SUITE COMPLETED
[2026-06-01 15:43:36.849] [INFO ] [main] ################################################
[2026-06-02 10:56:37.816] [INFO ] [main] ################################################
[2026-06-02 10:56:37.817] [INFO ] [main] SUITE START: SauceDemo Automation Suite
[2026-06-02 10:56:37.819] [INFO ] [main] Configuration loaded successfully
[2026-06-02 10:56:37.819] [INFO ] [main] Browser: chromium
[2026-06-02 10:56:37.820] [INFO ] [main] Headless: true
[2026-06-02 10:56:37.820] [INFO ] [main] Base URL: https://www.saucedemo.com
[2026-06-02 10:56:37.820] [INFO ] [main] ################################################
[2026-06-02 10:56:50.670] [INFO ] [main] Playwright instance created
[2026-06-02 10:56:50.687] [INFO ] [main] Launching browser: chromium | headless: true | slowMotion: 0ms
[2026-06-02 10:56:51.617] [INFO ] [main] chromium browser launched
[2026-06-02 10:56:51.644] [INFO ] [main] ========================================
[2026-06-02 10:56:51.644] [INFO ] [main] TEST START: testValidLogin
[2026-06-02 10:56:51.644] [INFO ] [main] ========================================
[2026-06-02 10:56:52.040] [INFO ] [main] New browser context and page created
[2026-06-02 10:56:52.045] [STEP ] [main] >> Navigating to: https://www.saucedemo.com
[2026-06-02 10:56:55.480] [INFO ] [main] Login page loaded
[2026-06-02 10:56:55.481] [INFO ] [main] Logging in as: standard_user
[2026-06-02 10:56:55.482] [STEP ] [main] >> Typing 'standard_user' into #user-name
[2026-06-02 10:56:55.537] [STEP ] [main] >> Typing [MASKED] into #password
[2026-06-02 10:56:55.557] [STEP ] [main] >> Clicking: #login-button
[2026-06-02 10:56:55.692] [INFO ] [main] TEST END: testValidLogin => PASSED
[2026-06-02 10:56:55.693] [INFO ] [main] ----------------------------------------
[2026-06-02 10:56:55.701] [DEBUG] [main] Browser context closed
[2026-06-02 10:56:55.711] [INFO ] [main] ========================================
[2026-06-02 10:56:55.712] [INFO ] [main] TEST START: testAllUserTypes
[2026-06-02 10:56:55.712] [INFO ] [main] ========================================
[2026-06-02 10:56:55.803] [INFO ] [main] New browser context and page created
[2026-06-02 10:56:55.806] [STEP ] [main] >> Navigating to: https://www.saucedemo.com
[2026-06-02 10:56:56.374] [INFO ] [main] Login page loaded
[2026-06-02 10:56:56.375] [INFO ] [main] Logging in as: standard_user
[2026-06-02 10:56:56.376] [STEP ] [main] >> Typing 'standard_user' into #user-name
[2026-06-02 10:56:56.418] [STEP ] [main] >> Typing [MASKED] into #password
[2026-06-02 10:56:56.435] [STEP ] [main] >> Clicking: #login-button
[2026-06-02 10:56:56.520] [INFO ] [main] TEST END: testAllUserTypes => PASSED
[2026-06-02 10:56:56.520] [INFO ] [main] ----------------------------------------
[2026-06-02 10:56:56.526] [DEBUG] [main] Browser context closed
[2026-06-02 10:56:56.528] [INFO ] [main] ========================================
[2026-06-02 10:56:56.529] [INFO ] [main] TEST START: testAllUserTypes
[2026-06-02 10:56:56.529] [INFO ] [main] ========================================
[2026-06-02 10:56:56.610] [INFO ] [main] New browser context and page created
[2026-06-02 10:56:56.611] [STEP ] [main] >> Navigating to: https://www.saucedemo.com
[2026-06-02 10:56:57.204] [INFO ] [main] Login page loaded
[2026-06-02 10:56:57.205] [INFO ] [main] Attempting login with: locked_out_user (expecting error)
[2026-06-02 10:56:57.205] [STEP ] [main] >> Typing 'locked_out_user' into #user-name
[2026-06-02 10:56:57.246] [STEP ] [main] >> Typing [MASKED] into #password
[2026-06-02 10:56:57.267] [STEP ] [main] >> Clicking: #login-button
[2026-06-02 10:56:57.325] [INFO ] [main] TEST END: testAllUserTypes => PASSED
[2026-06-02 10:56:57.325] [INFO ] [main] ----------------------------------------
[2026-06-02 10:56:57.331] [DEBUG] [main] Browser context closed
[2026-06-02 10:56:57.334] [INFO ] [main] ========================================
[2026-06-02 10:56:57.335] [INFO ] [main] TEST START: testAllUserTypes
[2026-06-02 10:56:57.335] [INFO ] [main] ========================================
[2026-06-02 10:56:57.418] [INFO ] [main] New browser context and page created
[2026-06-02 10:56:57.419] [STEP ] [main] >> Navigating to: https://www.saucedemo.com
[2026-06-02 10:56:57.939] [INFO ] [main] Login page loaded
[2026-06-02 10:56:57.940] [INFO ] [main] Logging in as: problem_user
[2026-06-02 10:56:57.941] [STEP ] [main] >> Typing 'problem_user' into #user-name
[2026-06-02 10:56:57.978] [STEP ] [main] >> Typing [MASKED] into #password
[2026-06-02 10:56:57.996] [STEP ] [main] >> Clicking: #login-button
[2026-06-02 10:56:58.088] [INFO ] [main] TEST END: testAllUserTypes => PASSED
[2026-06-02 10:56:58.088] [INFO ] [main] ----------------------------------------
[2026-06-02 10:56:58.095] [DEBUG] [main] Browser context closed
[2026-06-02 10:56:58.096] [INFO ] [main] ========================================
[2026-06-02 10:56:58.097] [INFO ] [main] TEST START: testAllUserTypes
[2026-06-02 10:56:58.098] [INFO ] [main] ========================================
[2026-06-02 10:56:58.177] [INFO ] [main] New browser context and page created
[2026-06-02 10:56:58.178] [STEP ] [main] >> Navigating to: https://www.saucedemo.com
[2026-06-02 10:56:58.744] [INFO ] [main] Login page loaded
[2026-06-02 10:56:58.745] [INFO ] [main] Logging in as: performance_glitch_user
[2026-06-02 10:56:58.745] [STEP ] [main] >> Typing 'performance_glitch_user' into #user-name
[2026-06-02 10:56:58.792] [STEP ] [main] >> Typing [MASKED] into #password
[2026-06-02 10:56:58.809] [STEP ] [main] >> Clicking: #login-button
[2026-06-02 10:57:03.918] [INFO ] [main] TEST END: testAllUserTypes => PASSED
[2026-06-02 10:57:03.918] [INFO ] [main] ----------------------------------------
[2026-06-02 10:57:03.923] [DEBUG] [main] Browser context closed
[2026-06-02 10:57:03.925] [INFO ] [main] ========================================
[2026-06-02 10:57:03.925] [INFO ] [main] TEST START: testAllUserTypes
[2026-06-02 10:57:03.926] [INFO ] [main] ========================================
[2026-06-02 10:57:04.005] [INFO ] [main] New browser context and page created
[2026-06-02 10:57:04.006] [STEP ] [main] >> Navigating to: https://www.saucedemo.com
[2026-06-02 10:57:04.574] [INFO ] [main] Login page loaded
[2026-06-02 10:57:04.575] [INFO ] [main] Logging in as: error_user
[2026-06-02 10:57:04.575] [STEP ] [main] >> Typing 'error_user' into #user-name
[2026-06-02 10:57:04.616] [STEP ] [main] >> Typing [MASKED] into #password
[2026-06-02 10:57:04.634] [STEP ] [main] >> Clicking: #login-button
[2026-06-02 10:57:04.726] [INFO ] [main] TEST END: testAllUserTypes => PASSED
[2026-06-02 10:57:04.727] [INFO ] [main] ----------------------------------------
[2026-06-02 10:57:04.735] [DEBUG] [main] Browser context closed
[2026-06-02 10:57:04.737] [INFO ] [main] ========================================
[2026-06-02 10:57:04.737] [INFO ] [main] TEST START: testAllUserTypes
[2026-06-02 10:57:04.738] [INFO ] [main] ========================================
[2026-06-02 10:57:04.818] [INFO ] [main] New browser context and page created
[2026-06-02 10:57:04.819] [STEP ] [main] >> Navigating to: https://www.saucedemo.com
[2026-06-02 10:57:05.394] [INFO ] [main] Login page loaded
[2026-06-02 10:57:05.394] [INFO ] [main] Logging in as: visual_user
[2026-06-02 10:57:05.395] [STEP ] [main] >> Typing 'visual_user' into #user-name
[2026-06-02 10:57:05.433] [STEP ] [main] >> Typing [MASKED] into #password
[2026-06-02 10:57:05.451] [STEP ] [main] >> Clicking: #login-button
[2026-06-02 10:57:05.540] [INFO ] [main] TEST END: testAllUserTypes => PASSED
[2026-06-02 10:57:05.540] [INFO ] [main] ----------------------------------------
[2026-06-02 10:57:05.546] [DEBUG] [main] Browser context closed
[2026-06-02 10:57:05.549] [INFO ] [main] ========================================
[2026-06-02 10:57:05.549] [INFO ] [main] TEST START: testInvalidLogin
[2026-06-02 10:57:05.550] [INFO ] [main] ========================================
[2026-06-02 10:57:05.631] [INFO ] [main] New browser context and page created
[2026-06-02 10:57:05.634] [STEP ] [main] >> Navigating to: https://www.saucedemo.com
[2026-06-02 10:57:06.239] [INFO ] [main] Login page loaded
[2026-06-02 10:57:06.240] [INFO ] [main] Attempting login with: locked_out_user (expecting error)
[2026-06-02 10:57:06.240] [STEP ] [main] >> Typing 'locked_out_user' into #user-name
[2026-06-02 10:57:06.279] [STEP ] [main] >> Typing [MASKED] into #password
[2026-06-02 10:57:06.299] [STEP ] [main] >> Clicking: #login-button
[2026-06-02 10:57:06.373] [INFO ] [main] TEST END: testInvalidLogin => PASSED
[2026-06-02 10:57:06.373] [INFO ] [main] ----------------------------------------
[2026-06-02 10:57:06.378] [DEBUG] [main] Browser context closed
[2026-06-02 10:57:06.380] [INFO ] [main] ========================================
[2026-06-02 10:57:06.381] [INFO ] [main] TEST START: testInvalidLogin
[2026-06-02 10:57:06.381] [INFO ] [main] ========================================
[2026-06-02 10:57:06.459] [INFO ] [main] New browser context and page created
[2026-06-02 10:57:06.460] [STEP ] [main] >> Navigating to: https://www.saucedemo.com
[2026-06-02 10:57:07.012] [INFO ] [main] Login page loaded
[2026-06-02 10:57:07.012] [INFO ] [main] Attempting login with: standard_user (expecting error)
[2026-06-02 10:57:07.012] [STEP ] [main] >> Typing 'standard_user' into #user-name
[2026-06-02 10:57:07.049] [STEP ] [main] >> Typing [MASKED] into #password
[2026-06-02 10:57:07.063] [STEP ] [main] >> Clicking: #login-button
[2026-06-02 10:57:07.130] [INFO ] [main] TEST END: testInvalidLogin => PASSED
[2026-06-02 10:57:07.130] [INFO ] [main] ----------------------------------------
[2026-06-02 10:57:07.136] [DEBUG] [main] Browser context closed
[2026-06-02 10:57:07.137] [INFO ] [main] ========================================
[2026-06-02 10:57:07.138] [INFO ] [main] TEST START: testInvalidLogin
[2026-06-02 10:57:07.138] [INFO ] [main] ========================================
[2026-06-02 10:57:07.233] [INFO ] [main] New browser context and page created
[2026-06-02 10:57:07.234] [STEP ] [main] >> Navigating to: https://www.saucedemo.com
[2026-06-02 10:57:07.780] [INFO ] [main] Login page loaded
[2026-06-02 10:57:07.780] [INFO ] [main] Attempting login with:  (expecting error)
[2026-06-02 10:57:07.780] [STEP ] [main] >> Typing '' into #user-name
[2026-06-02 10:57:07.821] [STEP ] [main] >> Typing [MASKED] into #password
[2026-06-02 10:57:07.839] [STEP ] [main] >> Clicking: #login-button
[2026-06-02 10:57:07.911] [INFO ] [main] TEST END: testInvalidLogin => PASSED
[2026-06-02 10:57:07.912] [INFO ] [main] ----------------------------------------
[2026-06-02 10:57:07.917] [DEBUG] [main] Browser context closed
[2026-06-02 10:57:07.917] [INFO ] [main] ========================================
[2026-06-02 10:57:07.917] [INFO ] [main] TEST START: testInvalidLogin
[2026-06-02 10:57:07.917] [INFO ] [main] ========================================
[2026-06-02 10:57:08.002] [INFO ] [main] New browser context and page created
[2026-06-02 10:57:08.003] [STEP ] [main] >> Navigating to: https://www.saucedemo.com
[2026-06-02 10:57:08.554] [INFO ] [main] Login page loaded
[2026-06-02 10:57:08.554] [INFO ] [main] Attempting login with: standard_user (expecting error)
[2026-06-02 10:57:08.554] [STEP ] [main] >> Typing 'standard_user' into #user-name
[2026-06-02 10:57:08.596] [STEP ] [main] >> Typing [MASKED] into #password
[2026-06-02 10:57:08.616] [STEP ] [main] >> Clicking: #login-button
[2026-06-02 10:57:08.680] [INFO ] [main] TEST END: testInvalidLogin => PASSED
[2026-06-02 10:57:08.680] [INFO ] [main] ----------------------------------------
[2026-06-02 10:57:08.685] [DEBUG] [main] Browser context closed
[2026-06-02 10:57:08.685] [INFO ] [main] ========================================
[2026-06-02 10:57:08.688] [INFO ] [main] TEST START: testInvalidLogin
[2026-06-02 10:57:08.689] [INFO ] [main] ========================================
[2026-06-02 10:57:08.769] [INFO ] [main] New browser context and page created
[2026-06-02 10:57:08.770] [STEP ] [main] >> Navigating to: https://www.saucedemo.com
[2026-06-02 10:57:09.387] [INFO ] [main] Login page loaded
[2026-06-02 10:57:09.388] [INFO ] [main] Attempting login with:  (expecting error)
[2026-06-02 10:57:09.388] [STEP ] [main] >> Typing '' into #user-name
[2026-06-02 10:57:09.428] [STEP ] [main] >> Typing [MASKED] into #password
[2026-06-02 10:57:09.443] [STEP ] [main] >> Clicking: #login-button
[2026-06-02 10:57:09.516] [INFO ] [main] TEST END: testInvalidLogin => PASSED
[2026-06-02 10:57:09.516] [INFO ] [main] ----------------------------------------
[2026-06-02 10:57:09.521] [DEBUG] [main] Browser context closed
[2026-06-02 10:57:09.522] [INFO ] [main] ========================================
[2026-06-02 10:57:09.523] [INFO ] [main] TEST START: testInvalidLogin
[2026-06-02 10:57:09.523] [INFO ] [main] ========================================
[2026-06-02 10:57:09.611] [INFO ] [main] New browser context and page created
[2026-06-02 10:57:09.612] [STEP ] [main] >> Navigating to: https://www.saucedemo.com
[2026-06-02 10:57:10.165] [INFO ] [main] Login page loaded
[2026-06-02 10:57:10.165] [INFO ] [main] Attempting login with: nonexistent_user (expecting error)
[2026-06-02 10:57:10.166] [STEP ] [main] >> Typing 'nonexistent_user' into #user-name
[2026-06-02 10:57:10.205] [STEP ] [main] >> Typing [MASKED] into #password
[2026-06-02 10:57:10.220] [STEP ] [main] >> Clicking: #login-button
[2026-06-02 10:57:10.298] [INFO ] [main] TEST END: testInvalidLogin => PASSED
[2026-06-02 10:57:10.298] [INFO ] [main] ----------------------------------------
[2026-06-02 10:57:10.304] [DEBUG] [main] Browser context closed
[2026-06-02 10:57:10.305] [INFO ] [main] ========================================
[2026-06-02 10:57:10.307] [INFO ] [main] TEST START: testLockedOutUser
[2026-06-02 10:57:10.307] [INFO ] [main] ========================================
[2026-06-02 10:57:10.393] [INFO ] [main] New browser context and page created
[2026-06-02 10:57:10.394] [STEP ] [main] >> Navigating to: https://www.saucedemo.com
[2026-06-02 10:57:10.964] [INFO ] [main] Login page loaded
[2026-06-02 10:57:10.973] [INFO ] [main] Attempting login with: locked_out_user (expecting error)
[2026-06-02 10:57:10.973] [STEP ] [main] >> Typing 'locked_out_user' into #user-name
[2026-06-02 10:57:11.009] [STEP ] [main] >> Typing [MASKED] into #password
[2026-06-02 10:57:11.025] [STEP ] [main] >> Clicking: #login-button
[2026-06-02 10:57:11.098] [INFO ] [main] TEST END: testLockedOutUser => PASSED
[2026-06-02 10:57:11.098] [INFO ] [main] ----------------------------------------
[2026-06-02 10:57:11.104] [DEBUG] [main] Browser context closed
[2026-06-02 10:57:11.106] [INFO ] [main] ========================================
[2026-06-02 10:57:11.107] [INFO ] [main] TEST START: testCloseErrorMessage
[2026-06-02 10:57:11.107] [INFO ] [main] ========================================
[2026-06-02 10:57:11.188] [INFO ] [main] New browser context and page created
[2026-06-02 10:57:11.189] [STEP ] [main] >> Navigating to: https://www.saucedemo.com
[2026-06-02 10:57:11.771] [INFO ] [main] Login page loaded
[2026-06-02 10:57:11.772] [INFO ] [main] Attempting login with:  (expecting error)
[2026-06-02 10:57:11.772] [STEP ] [main] >> Typing '' into #user-name
[2026-06-02 10:57:11.811] [STEP ] [main] >> Typing [MASKED] into #password
[2026-06-02 10:57:11.828] [STEP ] [main] >> Clicking: #login-button
[2026-06-02 10:57:11.888] [STEP ] [main] >> Clicking: .error-button
[2026-06-02 10:57:11.926] [INFO ] [main] TEST END: testCloseErrorMessage => PASSED
[2026-06-02 10:57:11.926] [INFO ] [main] ----------------------------------------
[2026-06-02 10:57:11.932] [DEBUG] [main] Browser context closed
[2026-06-02 10:57:11.939] [INFO ] [main] ========================================
[2026-06-02 10:57:11.939] [INFO ] [main] TEST START: testLogout
[2026-06-02 10:57:11.940] [INFO ] [main] ========================================
[2026-06-02 10:57:12.012] [INFO ] [main] New browser context and page created
[2026-06-02 10:57:12.014] [STEP ] [main] >> Navigating to: https://www.saucedemo.com
[2026-06-02 10:57:12.636] [INFO ] [main] Login page loaded
[2026-06-02 10:57:12.636] [INFO ] [main] Logging in as: standard_user
[2026-06-02 10:57:12.636] [STEP ] [main] >> Typing 'standard_user' into #user-name
[2026-06-02 10:57:12.675] [STEP ] [main] >> Typing [MASKED] into #password
[2026-06-02 10:57:12.695] [STEP ] [main] >> Clicking: #login-button
[2026-06-02 10:57:12.784] [STEP ] [main] >> Logging out
[2026-06-02 10:57:12.784] [STEP ] [main] >> Clicking: #react-burger-menu-btn
[2026-06-02 10:57:12.822] [STEP ] [main] >> Clicking: #logout_sidebar_link
[2026-06-02 10:57:13.747] [INFO ] [main] TEST END: testLogout => PASSED
[2026-06-02 10:57:13.748] [INFO ] [main] ----------------------------------------
[2026-06-02 10:57:13.755] [DEBUG] [main] Browser context closed
[2026-06-02 10:57:13.828] [INFO ] [main] Browser closed
[2026-06-02 10:57:13.868] [INFO ] [main] Playwright instance closed
[2026-06-02 10:57:13.868] [INFO ] [main] ################################################
[2026-06-02 10:57:13.869] [INFO ] [main] SUITE COMPLETED
[2026-06-02 10:57:13.869] [INFO ] [main] ################################################
[2026-06-04 07:58:42.635] [INFO ] [main] ################################################
[2026-06-04 07:58:42.636] [INFO ] [main] SUITE START: SauceDemo Automation Suite
[2026-06-04 07:58:42.637] [INFO ] [main] Configuration loaded successfully
[2026-06-04 07:58:42.638] [INFO ] [main] Browser: chromium
[2026-06-04 07:58:42.639] [INFO ] [main] Headless: true
[2026-06-04 07:58:42.639] [INFO ] [main] Base URL: https://www.saucedemo.com
[2026-06-04 07:58:42.639] [INFO ] [main] ################################################
[2026-06-04 07:58:56.121] [INFO ] [main] Playwright instance created
[2026-06-04 07:58:56.139] [INFO ] [main] Launching browser: chromium | headless: true | slowMotion: 0ms
[2026-06-04 07:58:57.050] [INFO ] [main] chromium browser launched
[2026-06-04 07:58:57.066] [INFO ] [main] ========================================
[2026-06-04 07:58:57.067] [INFO ] [main] TEST START: testValidLogin
[2026-06-04 07:58:57.067] [INFO ] [main] ========================================
[2026-06-04 07:58:57.605] [INFO ] [main] New browser context and page created
[2026-06-04 07:58:57.609] [STEP ] [main] >> Navigating to: https://www.saucedemo.com
[2026-06-04 07:59:01.083] [INFO ] [main] Login page loaded
[2026-06-04 07:59:01.083] [INFO ] [main] Logging in as: standard_user
[2026-06-04 07:59:01.084] [STEP ] [main] >> Typing 'standard_user' into #user-name
[2026-06-04 07:59:01.134] [STEP ] [main] >> Typing [MASKED] into #password
[2026-06-04 07:59:01.156] [STEP ] [main] >> Clicking: #login-button
[2026-06-04 07:59:01.280] [INFO ] [main] TEST END: testValidLogin => PASSED
[2026-06-04 07:59:01.281] [INFO ] [main] ----------------------------------------
[2026-06-04 07:59:01.292] [DEBUG] [main] Browser context closed
[2026-06-04 07:59:01.294] [INFO ] [main] ========================================
[2026-06-04 07:59:01.294] [INFO ] [main] TEST START: testAllUserTypes
[2026-06-04 07:59:01.294] [INFO ] [main] ========================================
[2026-06-04 07:59:01.402] [INFO ] [main] New browser context and page created
[2026-06-04 07:59:01.406] [STEP ] [main] >> Navigating to: https://www.saucedemo.com
[2026-06-04 07:59:02.009] [INFO ] [main] Login page loaded
[2026-06-04 07:59:02.010] [INFO ] [main] Logging in as: standard_user
[2026-06-04 07:59:02.011] [STEP ] [main] >> Typing 'standard_user' into #user-name
[2026-06-04 07:59:02.051] [STEP ] [main] >> Typing [MASKED] into #password
[2026-06-04 07:59:02.069] [STEP ] [main] >> Clicking: #login-button
[2026-06-04 07:59:02.166] [INFO ] [main] TEST END: testAllUserTypes => PASSED
[2026-06-04 07:59:02.167] [INFO ] [main] ----------------------------------------
[2026-06-04 07:59:02.175] [DEBUG] [main] Browser context closed
[2026-06-04 07:59:02.177] [INFO ] [main] ========================================
[2026-06-04 07:59:02.178] [INFO ] [main] TEST START: testAllUserTypes
[2026-06-04 07:59:02.179] [INFO ] [main] ========================================
[2026-06-04 07:59:02.297] [INFO ] [main] New browser context and page created
[2026-06-04 07:59:02.299] [STEP ] [main] >> Navigating to: https://www.saucedemo.com
[2026-06-04 07:59:02.893] [INFO ] [main] Login page loaded
[2026-06-04 07:59:02.894] [INFO ] [main] Attempting login with: locked_out_user (expecting error)
[2026-06-04 07:59:02.894] [STEP ] [main] >> Typing 'locked_out_user' into #user-name
[2026-06-04 07:59:02.936] [STEP ] [main] >> Typing [MASKED] into #password
[2026-06-04 07:59:02.954] [STEP ] [main] >> Clicking: #login-button
[2026-06-04 07:59:03.017] [INFO ] [main] TEST END: testAllUserTypes => PASSED
[2026-06-04 07:59:03.018] [INFO ] [main] ----------------------------------------
[2026-06-04 07:59:03.024] [DEBUG] [main] Browser context closed
[2026-06-04 07:59:03.027] [INFO ] [main] ========================================
[2026-06-04 07:59:03.028] [INFO ] [main] TEST START: testAllUserTypes
[2026-06-04 07:59:03.028] [INFO ] [main] ========================================
[2026-06-04 07:59:03.118] [INFO ] [main] New browser context and page created
[2026-06-04 07:59:03.119] [STEP ] [main] >> Navigating to: https://www.saucedemo.com
[2026-06-04 07:59:03.747] [INFO ] [main] Login page loaded
[2026-06-04 07:59:03.749] [INFO ] [main] Logging in as: problem_user
[2026-06-04 07:59:03.749] [STEP ] [main] >> Typing 'problem_user' into #user-name
[2026-06-04 07:59:03.797] [STEP ] [main] >> Typing [MASKED] into #password
[2026-06-04 07:59:03.814] [STEP ] [main] >> Clicking: #login-button
[2026-06-04 07:59:03.893] [INFO ] [main] TEST END: testAllUserTypes => PASSED
[2026-06-04 07:59:03.894] [INFO ] [main] ----------------------------------------
[2026-06-04 07:59:03.899] [DEBUG] [main] Browser context closed
[2026-06-04 07:59:03.901] [INFO ] [main] ========================================
[2026-06-04 07:59:03.902] [INFO ] [main] TEST START: testAllUserTypes
[2026-06-04 07:59:03.902] [INFO ] [main] ========================================
[2026-06-04 07:59:03.993] [INFO ] [main] New browser context and page created
[2026-06-04 07:59:03.994] [STEP ] [main] >> Navigating to: https://www.saucedemo.com
[2026-06-04 07:59:04.559] [INFO ] [main] Login page loaded
[2026-06-04 07:59:04.560] [INFO ] [main] Logging in as: performance_glitch_user
[2026-06-04 07:59:04.561] [STEP ] [main] >> Typing 'performance_glitch_user' into #user-name
[2026-06-04 07:59:04.599] [STEP ] [main] >> Typing [MASKED] into #password
[2026-06-04 07:59:04.618] [STEP ] [main] >> Clicking: #login-button
[2026-06-04 07:59:09.731] [INFO ] [main] TEST END: testAllUserTypes => PASSED
[2026-06-04 07:59:09.731] [INFO ] [main] ----------------------------------------
[2026-06-04 07:59:09.737] [DEBUG] [main] Browser context closed
[2026-06-04 07:59:09.738] [INFO ] [main] ========================================
[2026-06-04 07:59:09.738] [INFO ] [main] TEST START: testAllUserTypes
[2026-06-04 07:59:09.738] [INFO ] [main] ========================================
[2026-06-04 07:59:09.814] [INFO ] [main] New browser context and page created
[2026-06-04 07:59:09.815] [STEP ] [main] >> Navigating to: https://www.saucedemo.com
[2026-06-04 07:59:10.365] [INFO ] [main] Login page loaded
[2026-06-04 07:59:10.365] [INFO ] [main] Logging in as: error_user
[2026-06-04 07:59:10.365] [STEP ] [main] >> Typing 'error_user' into #user-name
[2026-06-04 07:59:10.404] [STEP ] [main] >> Typing [MASKED] into #password
[2026-06-04 07:59:10.420] [STEP ] [main] >> Clicking: #login-button
[2026-06-04 07:59:10.517] [INFO ] [main] TEST END: testAllUserTypes => PASSED
[2026-06-04 07:59:10.517] [INFO ] [main] ----------------------------------------
[2026-06-04 07:59:10.522] [DEBUG] [main] Browser context closed
[2026-06-04 07:59:10.524] [INFO ] [main] ========================================
[2026-06-04 07:59:10.524] [INFO ] [main] TEST START: testAllUserTypes
[2026-06-04 07:59:10.524] [INFO ] [main] ========================================
[2026-06-04 07:59:10.606] [INFO ] [main] New browser context and page created
[2026-06-04 07:59:10.607] [STEP ] [main] >> Navigating to: https://www.saucedemo.com
[2026-06-04 07:59:11.152] [INFO ] [main] Login page loaded
[2026-06-04 07:59:11.152] [INFO ] [main] Logging in as: visual_user
[2026-06-04 07:59:11.153] [STEP ] [main] >> Typing 'visual_user' into #user-name
[2026-06-04 07:59:11.189] [STEP ] [main] >> Typing [MASKED] into #password
[2026-06-04 07:59:11.208] [STEP ] [main] >> Clicking: #login-button
[2026-06-04 07:59:11.296] [INFO ] [main] TEST END: testAllUserTypes => PASSED
[2026-06-04 07:59:11.297] [INFO ] [main] ----------------------------------------
[2026-06-04 07:59:11.303] [DEBUG] [main] Browser context closed
[2026-06-04 07:59:11.306] [INFO ] [main] ========================================
[2026-06-04 07:59:11.307] [INFO ] [main] TEST START: testInvalidLogin
[2026-06-04 07:59:11.308] [INFO ] [main] ========================================
[2026-06-04 07:59:11.384] [INFO ] [main] New browser context and page created
[2026-06-04 07:59:11.387] [STEP ] [main] >> Navigating to: https://www.saucedemo.com
[2026-06-04 07:59:11.977] [INFO ] [main] Login page loaded
[2026-06-04 07:59:11.977] [INFO ] [main] Attempting login with: locked_out_user (expecting error)
[2026-06-04 07:59:11.978] [STEP ] [main] >> Typing 'locked_out_user' into #user-name
[2026-06-04 07:59:12.015] [STEP ] [main] >> Typing [MASKED] into #password
[2026-06-04 07:59:12.030] [STEP ] [main] >> Clicking: #login-button
[2026-06-04 07:59:12.108] [INFO ] [main] TEST END: testInvalidLogin => PASSED
[2026-06-04 07:59:12.108] [INFO ] [main] ----------------------------------------
[2026-06-04 07:59:12.113] [DEBUG] [main] Browser context closed
[2026-06-04 07:59:12.115] [INFO ] [main] ========================================
[2026-06-04 07:59:12.115] [INFO ] [main] TEST START: testInvalidLogin
[2026-06-04 07:59:12.115] [INFO ] [main] ========================================
[2026-06-04 07:59:12.194] [INFO ] [main] New browser context and page created
[2026-06-04 07:59:12.195] [STEP ] [main] >> Navigating to: https://www.saucedemo.com
[2026-06-04 07:59:12.723] [INFO ] [main] Login page loaded
[2026-06-04 07:59:12.724] [INFO ] [main] Attempting login with: standard_user (expecting error)
[2026-06-04 07:59:12.724] [STEP ] [main] >> Typing 'standard_user' into #user-name
[2026-06-04 07:59:12.770] [STEP ] [main] >> Typing [MASKED] into #password
[2026-06-04 07:59:12.788] [STEP ] [main] >> Clicking: #login-button
[2026-06-04 07:59:12.858] [INFO ] [main] TEST END: testInvalidLogin => PASSED
[2026-06-04 07:59:12.859] [INFO ] [main] ----------------------------------------
[2026-06-04 07:59:12.864] [DEBUG] [main] Browser context closed
[2026-06-04 07:59:12.865] [INFO ] [main] ========================================
[2026-06-04 07:59:12.866] [INFO ] [main] TEST START: testInvalidLogin
[2026-06-04 07:59:12.866] [INFO ] [main] ========================================
[2026-06-04 07:59:12.948] [INFO ] [main] New browser context and page created
[2026-06-04 07:59:12.949] [STEP ] [main] >> Navigating to: https://www.saucedemo.com
[2026-06-04 07:59:13.505] [INFO ] [main] Login page loaded
[2026-06-04 07:59:13.505] [INFO ] [main] Attempting login with:  (expecting error)
[2026-06-04 07:59:13.505] [STEP ] [main] >> Typing '' into #user-name
[2026-06-04 07:59:13.541] [STEP ] [main] >> Typing [MASKED] into #password
[2026-06-04 07:59:13.561] [STEP ] [main] >> Clicking: #login-button
[2026-06-04 07:59:13.640] [INFO ] [main] TEST END: testInvalidLogin => PASSED
[2026-06-04 07:59:13.640] [INFO ] [main] ----------------------------------------
[2026-06-04 07:59:13.647] [DEBUG] [main] Browser context closed
[2026-06-04 07:59:13.649] [INFO ] [main] ========================================
[2026-06-04 07:59:13.650] [INFO ] [main] TEST START: testInvalidLogin
[2026-06-04 07:59:13.650] [INFO ] [main] ========================================
[2026-06-04 07:59:13.741] [INFO ] [main] New browser context and page created
[2026-06-04 07:59:13.741] [STEP ] [main] >> Navigating to: https://www.saucedemo.com
[2026-06-04 07:59:14.287] [INFO ] [main] Login page loaded
[2026-06-04 07:59:14.288] [INFO ] [main] Attempting login with: standard_user (expecting error)
[2026-06-04 07:59:14.288] [STEP ] [main] >> Typing 'standard_user' into #user-name
[2026-06-04 07:59:14.327] [STEP ] [main] >> Typing [MASKED] into #password
[2026-06-04 07:59:14.346] [STEP ] [main] >> Clicking: #login-button
[2026-06-04 07:59:14.419] [INFO ] [main] TEST END: testInvalidLogin => PASSED
[2026-06-04 07:59:14.420] [INFO ] [main] ----------------------------------------
[2026-06-04 07:59:14.424] [DEBUG] [main] Browser context closed
[2026-06-04 07:59:14.425] [INFO ] [main] ========================================
[2026-06-04 07:59:14.426] [INFO ] [main] TEST START: testInvalidLogin
[2026-06-04 07:59:14.426] [INFO ] [main] ========================================
[2026-06-04 07:59:14.498] [INFO ] [main] New browser context and page created
[2026-06-04 07:59:14.499] [STEP ] [main] >> Navigating to: https://www.saucedemo.com
[2026-06-04 07:59:15.098] [INFO ] [main] Login page loaded
[2026-06-04 07:59:15.099] [INFO ] [main] Attempting login with:  (expecting error)
[2026-06-04 07:59:15.100] [STEP ] [main] >> Typing '' into #user-name
[2026-06-04 07:59:15.136] [STEP ] [main] >> Typing [MASKED] into #password
[2026-06-04 07:59:15.150] [STEP ] [main] >> Clicking: #login-button
[2026-06-04 07:59:15.223] [INFO ] [main] TEST END: testInvalidLogin => PASSED
[2026-06-04 07:59:15.224] [INFO ] [main] ----------------------------------------
[2026-06-04 07:59:15.231] [DEBUG] [main] Browser context closed
[2026-06-04 07:59:15.233] [INFO ] [main] ========================================
[2026-06-04 07:59:15.234] [INFO ] [main] TEST START: testInvalidLogin
[2026-06-04 07:59:15.234] [INFO ] [main] ========================================
[2026-06-04 07:59:15.316] [INFO ] [main] New browser context and page created
[2026-06-04 07:59:15.317] [STEP ] [main] >> Navigating to: https://www.saucedemo.com
[2026-06-04 07:59:15.922] [INFO ] [main] Login page loaded
[2026-06-04 07:59:15.923] [INFO ] [main] Attempting login with: nonexistent_user (expecting error)
[2026-06-04 07:59:15.923] [STEP ] [main] >> Typing 'nonexistent_user' into #user-name
[2026-06-04 07:59:15.963] [STEP ] [main] >> Typing [MASKED] into #password
[2026-06-04 07:59:15.978] [STEP ] [main] >> Clicking: #login-button
[2026-06-04 07:59:16.039] [INFO ] [main] TEST END: testInvalidLogin => PASSED
[2026-06-04 07:59:16.039] [INFO ] [main] ----------------------------------------
[2026-06-04 07:59:16.044] [DEBUG] [main] Browser context closed
[2026-06-04 07:59:16.044] [INFO ] [main] ========================================
[2026-06-04 07:59:16.044] [INFO ] [main] TEST START: testLockedOutUser
[2026-06-04 07:59:16.044] [INFO ] [main] ========================================
[2026-06-04 07:59:16.132] [INFO ] [main] New browser context and page created
[2026-06-04 07:59:16.133] [STEP ] [main] >> Navigating to: https://www.saucedemo.com
[2026-06-04 07:59:16.672] [INFO ] [main] Login page loaded
[2026-06-04 07:59:16.673] [INFO ] [main] Attempting login with: locked_out_user (expecting error)
[2026-06-04 07:59:16.673] [STEP ] [main] >> Typing 'locked_out_user' into #user-name
[2026-06-04 07:59:16.712] [STEP ] [main] >> Typing [MASKED] into #password
[2026-06-04 07:59:16.729] [STEP ] [main] >> Clicking: #login-button
[2026-06-04 07:59:16.796] [INFO ] [main] TEST END: testLockedOutUser => PASSED
[2026-06-04 07:59:16.796] [INFO ] [main] ----------------------------------------
[2026-06-04 07:59:16.802] [DEBUG] [main] Browser context closed
[2026-06-04 07:59:16.803] [INFO ] [main] ========================================
[2026-06-04 07:59:16.804] [INFO ] [main] TEST START: testCloseErrorMessage
[2026-06-04 07:59:16.804] [INFO ] [main] ========================================
[2026-06-04 07:59:16.895] [INFO ] [main] New browser context and page created
[2026-06-04 07:59:16.897] [STEP ] [main] >> Navigating to: https://www.saucedemo.com
[2026-06-04 07:59:17.440] [INFO ] [main] Login page loaded
[2026-06-04 07:59:17.440] [INFO ] [main] Attempting login with:  (expecting error)
[2026-06-04 07:59:17.441] [STEP ] [main] >> Typing '' into #user-name
[2026-06-04 07:59:17.475] [STEP ] [main] >> Typing [MASKED] into #password
[2026-06-04 07:59:17.489] [STEP ] [main] >> Clicking: #login-button
[2026-06-04 07:59:17.558] [STEP ] [main] >> Clicking: .error-button
[2026-06-04 07:59:17.627] [INFO ] [main] TEST END: testCloseErrorMessage => PASSED
[2026-06-04 07:59:17.627] [INFO ] [main] ----------------------------------------
[2026-06-04 07:59:17.636] [DEBUG] [main] Browser context closed
[2026-06-04 07:59:17.638] [INFO ] [main] ========================================
[2026-06-04 07:59:17.639] [INFO ] [main] TEST START: testLogout
[2026-06-04 07:59:17.639] [INFO ] [main] ========================================
[2026-06-04 07:59:17.735] [INFO ] [main] New browser context and page created
[2026-06-04 07:59:17.736] [STEP ] [main] >> Navigating to: https://www.saucedemo.com
[2026-06-04 07:59:18.336] [INFO ] [main] Login page loaded
[2026-06-04 07:59:18.336] [INFO ] [main] Logging in as: standard_user
[2026-06-04 07:59:18.337] [STEP ] [main] >> Typing 'standard_user' into #user-name
[2026-06-04 07:59:18.380] [STEP ] [main] >> Typing [MASKED] into #password
[2026-06-04 07:59:18.396] [STEP ] [main] >> Clicking: #login-button
[2026-06-04 07:59:18.504] [STEP ] [main] >> Logging out
[2026-06-04 07:59:18.504] [STEP ] [main] >> Clicking: #react-burger-menu-btn
[2026-06-04 07:59:18.568] [STEP ] [main] >> Clicking: #logout_sidebar_link
[2026-06-04 07:59:19.489] [INFO ] [main] TEST END: testLogout => PASSED
[2026-06-04 07:59:19.489] [INFO ] [main] ----------------------------------------
[2026-06-04 07:59:19.495] [DEBUG] [main] Browser context closed
[2026-06-04 07:59:19.556] [INFO ] [main] Browser closed
[2026-06-04 07:59:19.602] [INFO ] [main] Playwright instance closed
[2026-06-04 07:59:19.602] [INFO ] [main] ################################################
[2026-06-04 07:59:19.602] [INFO ] [main] SUITE COMPLETED
[2026-06-04 07:59:19.603] [INFO ] [main] ################################################
[2026-06-04 07:59:56.966] [INFO ] [main] ################################################
[2026-06-04 07:59:56.967] [INFO ] [main] SUITE START: SauceDemo Automation Suite
[2026-06-04 07:59:56.967] [INFO ] [main] Configuration loaded successfully
[2026-06-04 07:59:56.968] [INFO ] [main] Browser: chromium
[2026-06-04 07:59:56.968] [INFO ] [main] Headless: true
[2026-06-04 07:59:56.968] [INFO ] [main] Base URL: https://www.saucedemo.com
[2026-06-04 07:59:56.969] [INFO ] [main] ################################################
[2026-06-04 08:00:02.651] [INFO ] [main] Playwright instance created
[2026-06-04 08:00:02.668] [INFO ] [main] Launching browser: chromium | headless: true | slowMotion: 0ms
[2026-06-04 08:00:02.836] [INFO ] [main] chromium browser launched
[2026-06-04 08:00:02.849] [INFO ] [main] ========================================
[2026-06-04 08:00:02.849] [INFO ] [main] TEST START: testEmptyCartPage
[2026-06-04 08:00:02.850] [INFO ] [main] ========================================
[2026-06-04 08:00:02.971] [INFO ] [main] New browser context and page created
[2026-06-04 08:00:03.142] [INFO ] [main] Screenshot saved: reports/screenshots/FAIL_testEmptyCartPage_2026-06-04_08-00-02.png
[2026-06-04 08:00:03.142] [ERROR] [main] Test FAILED: testEmptyCartPage
[2026-06-04 08:00:03.143] [ERROR] [main] Error: Cannot invoke "com.bjit.ecauto.pages.ProductsPage.goToCart()" because "productsPage" is null
[2026-06-04 08:00:03.143] [ERROR] [main] Screenshot: reports/screenshots/FAIL_testEmptyCartPage_2026-06-04_08-00-02.png
[2026-06-04 08:00:03.143] [INFO ] [main] TEST END: testEmptyCartPage => FAILED
[2026-06-04 08:00:03.144] [INFO ] [main] ----------------------------------------
[2026-06-04 08:00:03.151] [DEBUG] [main] Browser context closed
[2026-06-04 08:00:03.154] [INFO ] [main] ========================================
[2026-06-04 08:00:03.155] [INFO ] [main] TEST START: testSingleItemInCart
[2026-06-04 08:00:03.155] [INFO ] [main] ========================================
[2026-06-04 08:00:03.230] [INFO ] [main] New browser context and page created
[2026-06-04 08:00:03.354] [INFO ] [main] Screenshot saved: reports/screenshots/FAIL_testSingleItemInCart_2026-06-04_08-00-03.png
[2026-06-04 08:00:03.354] [ERROR] [main] Test FAILED: testSingleItemInCart
[2026-06-04 08:00:03.354] [ERROR] [main] Error: Cannot invoke "com.bjit.ecauto.pages.ProductsPage.addBackpackToCart()" because "productsPage" is null
[2026-06-04 08:00:03.354] [ERROR] [main] Screenshot: reports/screenshots/FAIL_testSingleItemInCart_2026-06-04_08-00-03.png
[2026-06-04 08:00:03.354] [INFO ] [main] TEST END: testSingleItemInCart => FAILED
[2026-06-04 08:00:03.356] [INFO ] [main] ----------------------------------------
[2026-06-04 08:00:03.360] [DEBUG] [main] Browser context closed
[2026-06-04 08:00:03.361] [INFO ] [main] ========================================
[2026-06-04 08:00:03.362] [INFO ] [main] TEST START: testMultipleItemsInCart
[2026-06-04 08:00:03.362] [INFO ] [main] ========================================
[2026-06-04 08:00:03.432] [INFO ] [main] New browser context and page created
[2026-06-04 08:00:03.556] [INFO ] [main] Screenshot saved: reports/screenshots/FAIL_testMultipleItemsInCart_2026-06-04_08-00-03.png
[2026-06-04 08:00:03.556] [ERROR] [main] Test FAILED: testMultipleItemsInCart
[2026-06-04 08:00:03.557] [ERROR] [main] Error: Cannot invoke "com.bjit.ecauto.pages.ProductsPage.addBackpackToCart()" because "productsPage" is null
[2026-06-04 08:00:03.557] [ERROR] [main] Screenshot: reports/screenshots/FAIL_testMultipleItemsInCart_2026-06-04_08-00-03.png
[2026-06-04 08:00:03.558] [INFO ] [main] TEST END: testMultipleItemsInCart => FAILED
[2026-06-04 08:00:03.558] [INFO ] [main] ----------------------------------------
[2026-06-04 08:00:03.562] [DEBUG] [main] Browser context closed
[2026-06-04 08:00:03.565] [INFO ] [main] ========================================
[2026-06-04 08:00:03.566] [INFO ] [main] TEST START: testRemoveItemFromCart
[2026-06-04 08:00:03.566] [INFO ] [main] ========================================
[2026-06-04 08:00:03.649] [INFO ] [main] New browser context and page created
[2026-06-04 08:00:03.773] [INFO ] [main] Screenshot saved: reports/screenshots/FAIL_testRemoveItemFromCart_2026-06-04_08-00-03.png
[2026-06-04 08:00:03.773] [ERROR] [main] Test FAILED: testRemoveItemFromCart
[2026-06-04 08:00:03.774] [ERROR] [main] Error: Cannot invoke "com.bjit.ecauto.pages.ProductsPage.addBackpackToCart()" because "productsPage" is null
[2026-06-04 08:00:03.774] [ERROR] [main] Screenshot: reports/screenshots/FAIL_testRemoveItemFromCart_2026-06-04_08-00-03.png
[2026-06-04 08:00:03.774] [INFO ] [main] TEST END: testRemoveItemFromCart => FAILED
[2026-06-04 08:00:03.774] [INFO ] [main] ----------------------------------------
[2026-06-04 08:00:03.779] [DEBUG] [main] Browser context closed
[2026-06-04 08:00:03.780] [INFO ] [main] ========================================
[2026-06-04 08:00:03.781] [INFO ] [main] TEST START: testRemoveAllItemsFromCart
[2026-06-04 08:00:03.781] [INFO ] [main] ========================================
[2026-06-04 08:00:03.856] [INFO ] [main] New browser context and page created
[2026-06-04 08:00:03.972] [INFO ] [main] Screenshot saved: reports/screenshots/FAIL_testRemoveAllItemsFromCart_2026-06-04_08-00-03.png
[2026-06-04 08:00:03.972] [ERROR] [main] Test FAILED: testRemoveAllItemsFromCart
[2026-06-04 08:00:03.972] [ERROR] [main] Error: Cannot invoke "com.bjit.ecauto.pages.ProductsPage.addBackpackToCart()" because "productsPage" is null
[2026-06-04 08:00:03.972] [ERROR] [main] Screenshot: reports/screenshots/FAIL_testRemoveAllItemsFromCart_2026-06-04_08-00-03.png
[2026-06-04 08:00:03.972] [INFO ] [main] TEST END: testRemoveAllItemsFromCart => FAILED
[2026-06-04 08:00:03.973] [INFO ] [main] ----------------------------------------
[2026-06-04 08:00:03.978] [DEBUG] [main] Browser context closed
[2026-06-04 08:00:03.980] [INFO ] [main] ========================================
[2026-06-04 08:00:03.980] [INFO ] [main] TEST START: testContinueShopping
[2026-06-04 08:00:03.980] [INFO ] [main] ========================================
[2026-06-04 08:00:04.056] [INFO ] [main] New browser context and page created
[2026-06-04 08:00:04.173] [INFO ] [main] Screenshot saved: reports/screenshots/FAIL_testContinueShopping_2026-06-04_08-00-04.png
[2026-06-04 08:00:04.173] [ERROR] [main] Test FAILED: testContinueShopping
[2026-06-04 08:00:04.173] [ERROR] [main] Error: Cannot invoke "com.bjit.ecauto.pages.ProductsPage.addBackpackToCart()" because "productsPage" is null
[2026-06-04 08:00:04.174] [ERROR] [main] Screenshot: reports/screenshots/FAIL_testContinueShopping_2026-06-04_08-00-04.png
[2026-06-04 08:00:04.174] [INFO ] [main] TEST END: testContinueShopping => FAILED
[2026-06-04 08:00:04.174] [INFO ] [main] ----------------------------------------
[2026-06-04 08:00:04.179] [DEBUG] [main] Browser context closed
[2026-06-04 08:00:04.180] [INFO ] [main] ========================================
[2026-06-04 08:00:04.181] [INFO ] [main] TEST START: testProceedToCheckout
[2026-06-04 08:00:04.181] [INFO ] [main] ========================================
[2026-06-04 08:00:04.250] [INFO ] [main] New browser context and page created
[2026-06-04 08:00:04.372] [INFO ] [main] Screenshot saved: reports/screenshots/FAIL_testProceedToCheckout_2026-06-04_08-00-04.png
[2026-06-04 08:00:04.372] [ERROR] [main] Test FAILED: testProceedToCheckout
[2026-06-04 08:00:04.372] [ERROR] [main] Error: Cannot invoke "com.bjit.ecauto.pages.ProductsPage.addBackpackToCart()" because "productsPage" is null
[2026-06-04 08:00:04.372] [ERROR] [main] Screenshot: reports/screenshots/FAIL_testProceedToCheckout_2026-06-04_08-00-04.png
[2026-06-04 08:00:04.372] [INFO ] [main] TEST END: testProceedToCheckout => FAILED
[2026-06-04 08:00:04.372] [INFO ] [main] ----------------------------------------
[2026-06-04 08:00:04.381] [DEBUG] [main] Browser context closed
[2026-06-04 08:00:04.422] [INFO ] [main] Browser closed
[2026-06-04 08:00:04.468] [INFO ] [main] Playwright instance closed
[2026-06-04 08:00:04.469] [INFO ] [main] ################################################
[2026-06-04 08:00:04.469] [INFO ] [main] SUITE COMPLETED
[2026-06-04 08:00:04.469] [INFO ] [main] ################################################
[2026-06-04 08:15:58.570] [INFO ] [main] ################################################
[2026-06-04 08:15:58.571] [INFO ] [main] SUITE START: SauceDemo Automation Suite
[2026-06-04 08:15:58.572] [INFO ] [main] Configuration loaded successfully
[2026-06-04 08:15:58.572] [INFO ] [main] Browser: chromium
[2026-06-04 08:15:58.573] [INFO ] [main] Headless: true
[2026-06-04 08:15:58.573] [INFO ] [main] Base URL: https://www.saucedemo.com
[2026-06-04 08:15:58.573] [INFO ] [main] ################################################
[2026-06-04 08:16:09.761] [INFO ] [main] Playwright instance created
[2026-06-04 08:16:09.780] [INFO ] [main] Launching browser: chromium | headless: true | slowMotion: 0ms
[2026-06-04 08:16:10.904] [INFO ] [main] chromium browser launched
[2026-06-04 08:16:10.923] [INFO ] [main] ========================================
[2026-06-04 08:16:10.924] [INFO ] [main] TEST START: testEmptyCartPage
[2026-06-04 08:16:10.924] [INFO ] [main] ========================================
[2026-06-04 08:16:11.296] [INFO ] [main] New browser context and page created
[2026-06-04 08:16:11.445] [INFO ] [main] Screenshot saved: reports/screenshots/FAIL_testEmptyCartPage_2026-06-04_08-16-11.png
[2026-06-04 08:16:11.445] [ERROR] [main] Test FAILED: testEmptyCartPage
[2026-06-04 08:16:11.445] [ERROR] [main] Error: Cannot invoke "com.bjit.ecauto.pages.ProductsPage.goToCart()" because "productsPage" is null
[2026-06-04 08:16:11.445] [ERROR] [main] Screenshot: reports/screenshots/FAIL_testEmptyCartPage_2026-06-04_08-16-11.png
[2026-06-04 08:16:11.446] [INFO ] [main] TEST END: testEmptyCartPage => FAILED
[2026-06-04 08:16:11.446] [INFO ] [main] ----------------------------------------
[2026-06-04 08:16:11.453] [DEBUG] [main] Browser context closed
[2026-06-04 08:16:11.457] [INFO ] [main] ========================================
[2026-06-04 08:16:11.457] [INFO ] [main] TEST START: testSingleItemInCart
[2026-06-04 08:16:11.458] [INFO ] [main] ========================================
[2026-06-04 08:16:11.536] [INFO ] [main] New browser context and page created
[2026-06-04 08:16:11.652] [INFO ] [main] Screenshot saved: reports/screenshots/FAIL_testSingleItemInCart_2026-06-04_08-16-11.png
[2026-06-04 08:16:11.653] [ERROR] [main] Test FAILED: testSingleItemInCart
[2026-06-04 08:16:11.653] [ERROR] [main] Error: Cannot invoke "com.bjit.ecauto.pages.ProductsPage.addBackpackToCart()" because "productsPage" is null
[2026-06-04 08:16:11.653] [ERROR] [main] Screenshot: reports/screenshots/FAIL_testSingleItemInCart_2026-06-04_08-16-11.png
[2026-06-04 08:16:11.654] [INFO ] [main] TEST END: testSingleItemInCart => FAILED
[2026-06-04 08:16:11.654] [INFO ] [main] ----------------------------------------
[2026-06-04 08:16:11.658] [DEBUG] [main] Browser context closed
[2026-06-04 08:16:11.659] [INFO ] [main] ========================================
[2026-06-04 08:16:11.660] [INFO ] [main] TEST START: testMultipleItemsInCart
[2026-06-04 08:16:11.660] [INFO ] [main] ========================================
[2026-06-04 08:16:11.748] [INFO ] [main] New browser context and page created
[2026-06-04 08:16:11.865] [INFO ] [main] Screenshot saved: reports/screenshots/FAIL_testMultipleItemsInCart_2026-06-04_08-16-11.png
[2026-06-04 08:16:11.865] [ERROR] [main] Test FAILED: testMultipleItemsInCart
[2026-06-04 08:16:11.866] [ERROR] [main] Error: Cannot invoke "com.bjit.ecauto.pages.ProductsPage.addBackpackToCart()" because "productsPage" is null
[2026-06-04 08:16:11.866] [ERROR] [main] Screenshot: reports/screenshots/FAIL_testMultipleItemsInCart_2026-06-04_08-16-11.png
[2026-06-04 08:16:11.866] [INFO ] [main] TEST END: testMultipleItemsInCart => FAILED
[2026-06-04 08:16:11.866] [INFO ] [main] ----------------------------------------
[2026-06-04 08:16:11.870] [DEBUG] [main] Browser context closed
[2026-06-04 08:16:11.873] [INFO ] [main] ========================================
[2026-06-04 08:16:11.874] [INFO ] [main] TEST START: testRemoveItemFromCart
[2026-06-04 08:16:11.874] [INFO ] [main] ========================================
[2026-06-04 08:16:11.959] [INFO ] [main] New browser context and page created
[2026-06-04 08:16:12.089] [INFO ] [main] Screenshot saved: reports/screenshots/FAIL_testRemoveItemFromCart_2026-06-04_08-16-11.png
[2026-06-04 08:16:12.089] [ERROR] [main] Test FAILED: testRemoveItemFromCart
[2026-06-04 08:16:12.089] [ERROR] [main] Error: Cannot invoke "com.bjit.ecauto.pages.ProductsPage.addBackpackToCart()" because "productsPage" is null
[2026-06-04 08:16:12.089] [ERROR] [main] Screenshot: reports/screenshots/FAIL_testRemoveItemFromCart_2026-06-04_08-16-11.png
[2026-06-04 08:16:12.089] [INFO ] [main] TEST END: testRemoveItemFromCart => FAILED
[2026-06-04 08:16:12.089] [INFO ] [main] ----------------------------------------
[2026-06-04 08:16:12.095] [DEBUG] [main] Browser context closed
[2026-06-04 08:16:12.098] [INFO ] [main] ========================================
[2026-06-04 08:16:12.098] [INFO ] [main] TEST START: testRemoveAllItemsFromCart
[2026-06-04 08:16:12.098] [INFO ] [main] ========================================
[2026-06-04 08:16:12.177] [INFO ] [main] New browser context and page created
[2026-06-04 08:16:12.302] [INFO ] [main] Screenshot saved: reports/screenshots/FAIL_testRemoveAllItemsFromCart_2026-06-04_08-16-12.png
[2026-06-04 08:16:12.302] [ERROR] [main] Test FAILED: testRemoveAllItemsFromCart
[2026-06-04 08:16:12.303] [ERROR] [main] Error: Cannot invoke "com.bjit.ecauto.pages.ProductsPage.addBackpackToCart()" because "productsPage" is null
[2026-06-04 08:16:12.303] [ERROR] [main] Screenshot: reports/screenshots/FAIL_testRemoveAllItemsFromCart_2026-06-04_08-16-12.png
[2026-06-04 08:16:12.303] [INFO ] [main] TEST END: testRemoveAllItemsFromCart => FAILED
[2026-06-04 08:16:12.303] [INFO ] [main] ----------------------------------------
[2026-06-04 08:16:12.308] [DEBUG] [main] Browser context closed
[2026-06-04 08:16:12.308] [INFO ] [main] ========================================
[2026-06-04 08:16:12.308] [INFO ] [main] TEST START: testContinueShopping
[2026-06-04 08:16:12.308] [INFO ] [main] ========================================
[2026-06-04 08:16:12.399] [INFO ] [main] New browser context and page created
[2026-06-04 08:16:12.522] [INFO ] [main] Screenshot saved: reports/screenshots/FAIL_testContinueShopping_2026-06-04_08-16-12.png
[2026-06-04 08:16:12.523] [ERROR] [main] Test FAILED: testContinueShopping
[2026-06-04 08:16:12.524] [ERROR] [main] Error: Cannot invoke "com.bjit.ecauto.pages.ProductsPage.addBackpackToCart()" because "productsPage" is null
[2026-06-04 08:16:12.524] [ERROR] [main] Screenshot: reports/screenshots/FAIL_testContinueShopping_2026-06-04_08-16-12.png
[2026-06-04 08:16:12.524] [INFO ] [main] TEST END: testContinueShopping => FAILED
[2026-06-04 08:16:12.524] [INFO ] [main] ----------------------------------------
[2026-06-04 08:16:12.529] [DEBUG] [main] Browser context closed
[2026-06-04 08:16:12.531] [INFO ] [main] ========================================
[2026-06-04 08:16:12.532] [INFO ] [main] TEST START: testProceedToCheckout
[2026-06-04 08:16:12.532] [INFO ] [main] ========================================
[2026-06-04 08:16:12.607] [INFO ] [main] New browser context and page created
[2026-06-04 08:16:12.731] [INFO ] [main] Screenshot saved: reports/screenshots/FAIL_testProceedToCheckout_2026-06-04_08-16-12.png
[2026-06-04 08:16:12.731] [ERROR] [main] Test FAILED: testProceedToCheckout
[2026-06-04 08:16:12.732] [ERROR] [main] Error: Cannot invoke "com.bjit.ecauto.pages.ProductsPage.addBackpackToCart()" because "productsPage" is null
[2026-06-04 08:16:12.732] [ERROR] [main] Screenshot: reports/screenshots/FAIL_testProceedToCheckout_2026-06-04_08-16-12.png
[2026-06-04 08:16:12.732] [INFO ] [main] TEST END: testProceedToCheckout => FAILED
[2026-06-04 08:16:12.732] [INFO ] [main] ----------------------------------------
[2026-06-04 08:16:12.737] [DEBUG] [main] Browser context closed
[2026-06-04 08:16:12.786] [INFO ] [main] Browser closed
[2026-06-04 08:16:12.836] [INFO ] [main] Playwright instance closed
[2026-06-04 08:16:12.837] [INFO ] [main] ################################################
[2026-06-04 08:16:12.837] [INFO ] [main] SUITE COMPLETED
[2026-06-04 08:16:12.837] [INFO ] [main] ################################################
[2026-06-04 08:17:34.898] [INFO ] [main] ################################################
[2026-06-04 08:17:34.899] [INFO ] [main] SUITE START: SauceDemo Automation Suite
[2026-06-04 08:17:34.900] [INFO ] [main] Configuration loaded successfully
[2026-06-04 08:17:34.900] [INFO ] [main] Browser: chromium
[2026-06-04 08:17:34.900] [INFO ] [main] Headless: true
[2026-06-04 08:17:34.901] [INFO ] [main] Base URL: https://www.saucedemo.com
[2026-06-04 08:17:34.901] [INFO ] [main] ################################################
[2026-06-04 08:17:40.969] [INFO ] [main] Playwright instance created
[2026-06-04 08:17:40.989] [INFO ] [main] Launching browser: chromium | headless: true | slowMotion: 0ms
[2026-06-04 08:17:41.156] [INFO ] [main] chromium browser launched
[2026-06-04 08:17:41.172] [INFO ] [main] ========================================
[2026-06-04 08:17:41.172] [INFO ] [main] TEST START: testEmptyCartPage
[2026-06-04 08:17:41.172] [INFO ] [main] ========================================
[2026-06-04 08:17:41.309] [INFO ] [main] New browser context and page created
[2026-06-04 08:17:41.312] [STEP ] [main] >> Navigating to: https://www.saucedemo.com
[2026-06-04 08:17:44.844] [INFO ] [main] Login page loaded
[2026-06-04 08:17:44.845] [INFO ] [main] Logging in as: standard_user
[2026-06-04 08:17:44.846] [STEP ] [main] >> Typing 'standard_user' into #user-name
[2026-06-04 08:17:44.895] [STEP ] [main] >> Typing [MASKED] into #password
[2026-06-04 08:17:44.915] [STEP ] [main] >> Clicking: #login-button
[2026-06-04 08:17:45.004] [STEP ] [main] >> Navigating to cart
[2026-06-04 08:17:45.005] [STEP ] [main] >> Clicking: .shopping_cart_link
[2026-06-04 08:17:45.086] [INFO ] [main] TEST END: testEmptyCartPage => PASSED
[2026-06-04 08:17:45.086] [INFO ] [main] ----------------------------------------
[2026-06-04 08:17:45.097] [DEBUG] [main] Browser context closed
[2026-06-04 08:17:45.100] [INFO ] [main] ========================================
[2026-06-04 08:17:45.100] [INFO ] [main] TEST START: testSingleItemInCart
[2026-06-04 08:17:45.101] [INFO ] [main] ========================================
[2026-06-04 08:17:45.191] [INFO ] [main] New browser context and page created
[2026-06-04 08:17:45.193] [STEP ] [main] >> Navigating to: https://www.saucedemo.com
[2026-06-04 08:17:45.756] [INFO ] [main] Login page loaded
[2026-06-04 08:17:45.756] [INFO ] [main] Logging in as: standard_user
[2026-06-04 08:17:45.757] [STEP ] [main] >> Typing 'standard_user' into #user-name
[2026-06-04 08:17:45.795] [STEP ] [main] >> Typing [MASKED] into #password
[2026-06-04 08:17:45.816] [STEP ] [main] >> Clicking: #login-button
[2026-06-04 08:17:45.896] [STEP ] [main] >> Adding to cart: sauce-labs-backpack
[2026-06-04 08:17:45.897] [STEP ] [main] >> Clicking: [data-test='add-to-cart-sauce-labs-backpack']
[2026-06-04 08:17:45.943] [STEP ] [main] >> Navigating to cart
[2026-06-04 08:17:45.943] [STEP ] [main] >> Clicking: .shopping_cart_link
[2026-06-04 08:17:46.018] [INFO ] [main] TEST END: testSingleItemInCart => PASSED
[2026-06-04 08:17:46.018] [INFO ] [main] ----------------------------------------
[2026-06-04 08:17:46.023] [DEBUG] [main] Browser context closed
[2026-06-04 08:17:46.025] [INFO ] [main] ========================================
[2026-06-04 08:17:46.025] [INFO ] [main] TEST START: testMultipleItemsInCart
[2026-06-04 08:17:46.026] [INFO ] [main] ========================================
[2026-06-04 08:17:46.142] [INFO ] [main] New browser context and page created
[2026-06-04 08:17:46.143] [STEP ] [main] >> Navigating to: https://www.saucedemo.com
[2026-06-04 08:17:46.862] [INFO ] [main] Login page loaded
[2026-06-04 08:17:46.862] [INFO ] [main] Logging in as: standard_user
[2026-06-04 08:17:46.863] [STEP ] [main] >> Typing 'standard_user' into #user-name
[2026-06-04 08:17:46.904] [STEP ] [main] >> Typing [MASKED] into #password
[2026-06-04 08:17:46.924] [STEP ] [main] >> Clicking: #login-button
[2026-06-04 08:17:47.008] [STEP ] [main] >> Adding to cart: sauce-labs-backpack
[2026-06-04 08:17:47.008] [STEP ] [main] >> Clicking: [data-test='add-to-cart-sauce-labs-backpack']
[2026-06-04 08:17:47.059] [STEP ] [main] >> Adding to cart: sauce-labs-bike-light
[2026-06-04 08:17:47.059] [STEP ] [main] >> Clicking: [data-test='add-to-cart-sauce-labs-bike-light']
[2026-06-04 08:17:47.104] [STEP ] [main] >> Adding to cart: sauce-labs-fleece-jacket
[2026-06-04 08:17:47.104] [STEP ] [main] >> Clicking: [data-test='add-to-cart-sauce-labs-fleece-jacket']
[2026-06-04 08:17:47.155] [STEP ] [main] >> Navigating to cart
[2026-06-04 08:17:47.155] [STEP ] [main] >> Clicking: .shopping_cart_link
[2026-06-04 08:17:47.227] [INFO ] [main] TEST END: testMultipleItemsInCart => PASSED
[2026-06-04 08:17:47.228] [INFO ] [main] ----------------------------------------
[2026-06-04 08:17:47.235] [DEBUG] [main] Browser context closed
[2026-06-04 08:17:47.237] [INFO ] [main] ========================================
[2026-06-04 08:17:47.239] [INFO ] [main] TEST START: testRemoveItemFromCart
[2026-06-04 08:17:47.239] [INFO ] [main] ========================================
[2026-06-04 08:17:47.326] [INFO ] [main] New browser context and page created
[2026-06-04 08:17:47.328] [STEP ] [main] >> Navigating to: https://www.saucedemo.com
[2026-06-04 08:17:47.877] [INFO ] [main] Login page loaded
[2026-06-04 08:17:47.878] [INFO ] [main] Logging in as: standard_user
[2026-06-04 08:17:47.878] [STEP ] [main] >> Typing 'standard_user' into #user-name
[2026-06-04 08:17:47.914] [STEP ] [main] >> Typing [MASKED] into #password
[2026-06-04 08:17:47.931] [STEP ] [main] >> Clicking: #login-button
[2026-06-04 08:17:48.009] [STEP ] [main] >> Adding to cart: sauce-labs-backpack
[2026-06-04 08:17:48.010] [STEP ] [main] >> Clicking: [data-test='add-to-cart-sauce-labs-backpack']
[2026-06-04 08:17:48.060] [STEP ] [main] >> Adding to cart: sauce-labs-bike-light
[2026-06-04 08:17:48.060] [STEP ] [main] >> Clicking: [data-test='add-to-cart-sauce-labs-bike-light']
[2026-06-04 08:17:48.106] [STEP ] [main] >> Navigating to cart
[2026-06-04 08:17:48.106] [STEP ] [main] >> Clicking: .shopping_cart_link
[2026-06-04 08:17:48.164] [STEP ] [main] >> Removing item from cart: sauce-labs-backpack
[2026-06-04 08:17:48.165] [STEP ] [main] >> Clicking: [data-test='remove-sauce-labs-backpack']
[2026-06-04 08:17:48.217] [INFO ] [main] TEST END: testRemoveItemFromCart => PASSED
[2026-06-04 08:17:48.218] [INFO ] [main] ----------------------------------------
[2026-06-04 08:17:48.224] [DEBUG] [main] Browser context closed
[2026-06-04 08:17:48.225] [INFO ] [main] ========================================
[2026-06-04 08:17:48.226] [INFO ] [main] TEST START: testRemoveAllItemsFromCart
[2026-06-04 08:17:48.226] [INFO ] [main] ========================================
[2026-06-04 08:17:48.306] [INFO ] [main] New browser context and page created
[2026-06-04 08:17:48.308] [STEP ] [main] >> Navigating to: https://www.saucedemo.com
[2026-06-04 08:17:48.877] [INFO ] [main] Login page loaded
[2026-06-04 08:17:48.878] [INFO ] [main] Logging in as: standard_user
[2026-06-04 08:17:48.879] [STEP ] [main] >> Typing 'standard_user' into #user-name
[2026-06-04 08:17:48.921] [STEP ] [main] >> Typing [MASKED] into #password
[2026-06-04 08:17:48.937] [STEP ] [main] >> Clicking: #login-button
[2026-06-04 08:17:49.025] [STEP ] [main] >> Adding to cart: sauce-labs-backpack
[2026-06-04 08:17:49.025] [STEP ] [main] >> Clicking: [data-test='add-to-cart-sauce-labs-backpack']
[2026-06-04 08:17:49.078] [STEP ] [main] >> Adding to cart: sauce-labs-bike-light
[2026-06-04 08:17:49.079] [STEP ] [main] >> Clicking: [data-test='add-to-cart-sauce-labs-bike-light']
[2026-06-04 08:17:49.121] [STEP ] [main] >> Navigating to cart
[2026-06-04 08:17:49.122] [STEP ] [main] >> Clicking: .shopping_cart_link
[2026-06-04 08:17:49.181] [STEP ] [main] >> Removing item from cart: sauce-labs-backpack
[2026-06-04 08:17:49.181] [STEP ] [main] >> Clicking: [data-test='remove-sauce-labs-backpack']
[2026-06-04 08:17:49.220] [STEP ] [main] >> Removing item from cart: sauce-labs-bike-light
[2026-06-04 08:17:49.221] [STEP ] [main] >> Clicking: [data-test='remove-sauce-labs-bike-light']
[2026-06-04 08:17:49.261] [INFO ] [main] TEST END: testRemoveAllItemsFromCart => PASSED
[2026-06-04 08:17:49.262] [INFO ] [main] ----------------------------------------
[2026-06-04 08:17:49.271] [DEBUG] [main] Browser context closed
[2026-06-04 08:17:49.272] [INFO ] [main] ========================================
[2026-06-04 08:17:49.272] [INFO ] [main] TEST START: testContinueShopping
[2026-06-04 08:17:49.273] [INFO ] [main] ========================================
[2026-06-04 08:17:49.356] [INFO ] [main] New browser context and page created
[2026-06-04 08:17:49.358] [STEP ] [main] >> Navigating to: https://www.saucedemo.com
[2026-06-04 08:17:49.940] [INFO ] [main] Login page loaded
[2026-06-04 08:17:49.940] [INFO ] [main] Logging in as: standard_user
[2026-06-04 08:17:49.941] [STEP ] [main] >> Typing 'standard_user' into #user-name
[2026-06-04 08:17:49.983] [STEP ] [main] >> Typing [MASKED] into #password
[2026-06-04 08:17:50.000] [STEP ] [main] >> Clicking: #login-button
[2026-06-04 08:17:50.071] [STEP ] [main] >> Adding to cart: sauce-labs-backpack
[2026-06-04 08:17:50.072] [STEP ] [main] >> Clicking: [data-test='add-to-cart-sauce-labs-backpack']
[2026-06-04 08:17:50.126] [STEP ] [main] >> Navigating to cart
[2026-06-04 08:17:50.127] [STEP ] [main] >> Clicking: .shopping_cart_link
[2026-06-04 08:17:50.181] [STEP ] [main] >> Continuing shopping
[2026-06-04 08:17:50.181] [STEP ] [main] >> Clicking: [data-test='continue-shopping']
[2026-06-04 08:17:50.259] [INFO ] [main] TEST END: testContinueShopping => PASSED
[2026-06-04 08:17:50.259] [INFO ] [main] ----------------------------------------
[2026-06-04 08:17:50.265] [DEBUG] [main] Browser context closed
[2026-06-04 08:17:50.265] [INFO ] [main] ========================================
[2026-06-04 08:17:50.265] [INFO ] [main] TEST START: testProceedToCheckout
[2026-06-04 08:17:50.265] [INFO ] [main] ========================================
[2026-06-04 08:17:50.348] [INFO ] [main] New browser context and page created
[2026-06-04 08:17:50.349] [STEP ] [main] >> Navigating to: https://www.saucedemo.com
[2026-06-04 08:17:50.934] [INFO ] [main] Login page loaded
[2026-06-04 08:17:50.935] [INFO ] [main] Logging in as: standard_user
[2026-06-04 08:17:50.935] [STEP ] [main] >> Typing 'standard_user' into #user-name
[2026-06-04 08:17:50.979] [STEP ] [main] >> Typing [MASKED] into #password
[2026-06-04 08:17:50.997] [STEP ] [main] >> Clicking: #login-button
[2026-06-04 08:17:51.071] [STEP ] [main] >> Adding to cart: sauce-labs-backpack
[2026-06-04 08:17:51.071] [STEP ] [main] >> Clicking: [data-test='add-to-cart-sauce-labs-backpack']
[2026-06-04 08:17:51.124] [STEP ] [main] >> Navigating to cart
[2026-06-04 08:17:51.124] [STEP ] [main] >> Clicking: .shopping_cart_link
[2026-06-04 08:17:51.177] [STEP ] [main] >> Proceeding to checkout
[2026-06-04 08:17:51.177] [STEP ] [main] >> Clicking: [data-test='checkout']
[2026-06-04 08:17:51.240] [INFO ] [main] TEST END: testProceedToCheckout => PASSED
[2026-06-04 08:17:51.241] [INFO ] [main] ----------------------------------------
[2026-06-04 08:17:51.246] [DEBUG] [main] Browser context closed
[2026-06-04 08:17:51.308] [INFO ] [main] Browser closed
[2026-06-04 08:17:51.339] [INFO ] [main] Playwright instance closed
[2026-06-04 08:17:51.340] [INFO ] [main] ################################################
[2026-06-04 08:17:51.340] [INFO ] [main] SUITE COMPLETED
[2026-06-04 08:17:51.340] [INFO ] [main] ################################################
[2026-06-04 08:20:43.249] [INFO ] [main] ################################################
[2026-06-04 08:20:43.250] [INFO ] [main] SUITE START: SauceDemo Automation Suite
[2026-06-04 08:20:43.252] [INFO ] [main] Configuration loaded successfully
[2026-06-04 08:20:43.252] [INFO ] [main] Browser: chromium
[2026-06-04 08:20:43.253] [INFO ] [main] Headless: true
[2026-06-04 08:20:43.253] [INFO ] [main] Base URL: https://www.saucedemo.com
[2026-06-04 08:20:43.254] [INFO ] [main] ################################################
[2026-06-04 08:20:48.880] [INFO ] [main] Playwright instance created
[2026-06-04 08:20:48.896] [INFO ] [main] Launching browser: chromium | headless: true | slowMotion: 0ms
[2026-06-04 08:20:49.053] [INFO ] [main] chromium browser launched
[2026-06-04 08:20:49.065] [INFO ] [main] ========================================
[2026-06-04 08:20:49.066] [INFO ] [main] TEST START: testCheckoutStepOneLoads
[2026-06-04 08:20:49.066] [INFO ] [main] ========================================
[2026-06-04 08:20:49.190] [INFO ] [main] New browser context and page created
[2026-06-04 08:20:49.193] [STEP ] [main] >> Navigating to: https://www.saucedemo.com
[2026-06-04 08:20:49.780] [INFO ] [main] Login page loaded
[2026-06-04 08:20:49.781] [INFO ] [main] Logging in as: standard_user
[2026-06-04 08:20:49.781] [STEP ] [main] >> Typing 'standard_user' into #user-name
[2026-06-04 08:20:49.833] [STEP ] [main] >> Typing [MASKED] into #password
[2026-06-04 08:20:49.854] [STEP ] [main] >> Clicking: #login-button
[2026-06-04 08:20:49.935] [STEP ] [main] >> Adding to cart: sauce-labs-backpack
[2026-06-04 08:20:49.936] [STEP ] [main] >> Clicking: [data-test='add-to-cart-sauce-labs-backpack']
[2026-06-04 08:20:49.987] [STEP ] [main] >> Navigating to cart
[2026-06-04 08:20:49.987] [STEP ] [main] >> Clicking: .shopping_cart_link
[2026-06-04 08:20:50.038] [STEP ] [main] >> Proceeding to checkout
[2026-06-04 08:20:50.039] [STEP ] [main] >> Clicking: [data-test='checkout']
[2026-06-04 08:20:50.129] [INFO ] [main] TEST END: testCheckoutStepOneLoads => PASSED
[2026-06-04 08:20:50.130] [INFO ] [main] ----------------------------------------
[2026-06-04 08:20:50.141] [DEBUG] [main] Browser context closed
[2026-06-04 08:20:50.153] [INFO ] [main] ========================================
[2026-06-04 08:20:50.154] [INFO ] [main] TEST START: testAllFieldsEmpty
[2026-06-04 08:20:50.154] [INFO ] [main] ========================================
[2026-06-04 08:20:50.244] [INFO ] [main] New browser context and page created
[2026-06-04 08:20:50.245] [STEP ] [main] >> Navigating to: https://www.saucedemo.com
[2026-06-04 08:20:50.781] [INFO ] [main] Login page loaded
[2026-06-04 08:20:50.782] [INFO ] [main] Logging in as: standard_user
[2026-06-04 08:20:50.782] [STEP ] [main] >> Typing 'standard_user' into #user-name
[2026-06-04 08:20:50.819] [STEP ] [main] >> Typing [MASKED] into #password
[2026-06-04 08:20:50.837] [STEP ] [main] >> Clicking: #login-button
[2026-06-04 08:20:50.917] [STEP ] [main] >> Adding to cart: sauce-labs-backpack
[2026-06-04 08:20:50.917] [STEP ] [main] >> Clicking: [data-test='add-to-cart-sauce-labs-backpack']
[2026-06-04 08:20:50.969] [STEP ] [main] >> Navigating to cart
[2026-06-04 08:20:50.969] [STEP ] [main] >> Clicking: .shopping_cart_link
[2026-06-04 08:20:51.021] [STEP ] [main] >> Proceeding to checkout
[2026-06-04 08:20:51.021] [STEP ] [main] >> Clicking: [data-test='checkout']
[2026-06-04 08:20:51.069] [STEP ] [main] >> Clicking: [data-test='continue']
[2026-06-04 08:20:51.136] [INFO ] [main] TEST END: testAllFieldsEmpty => PASSED
[2026-06-04 08:20:51.136] [INFO ] [main] ----------------------------------------
[2026-06-04 08:20:51.147] [DEBUG] [main] Browser context closed
[2026-06-04 08:20:51.149] [INFO ] [main] ========================================
[2026-06-04 08:20:51.150] [INFO ] [main] TEST START: testCancelOnStepOne
[2026-06-04 08:20:51.150] [INFO ] [main] ========================================
[2026-06-04 08:20:51.230] [INFO ] [main] New browser context and page created
[2026-06-04 08:20:51.231] [STEP ] [main] >> Navigating to: https://www.saucedemo.com
[2026-06-04 08:20:51.792] [INFO ] [main] Login page loaded
[2026-06-04 08:20:51.792] [INFO ] [main] Logging in as: standard_user
[2026-06-04 08:20:51.793] [STEP ] [main] >> Typing 'standard_user' into #user-name
[2026-06-04 08:20:51.836] [STEP ] [main] >> Typing [MASKED] into #password
[2026-06-04 08:20:51.853] [STEP ] [main] >> Clicking: #login-button
[2026-06-04 08:20:51.941] [STEP ] [main] >> Adding to cart: sauce-labs-backpack
[2026-06-04 08:20:51.941] [STEP ] [main] >> Clicking: [data-test='add-to-cart-sauce-labs-backpack']
[2026-06-04 08:20:51.995] [STEP ] [main] >> Navigating to cart
[2026-06-04 08:20:51.997] [STEP ] [main] >> Clicking: .shopping_cart_link
[2026-06-04 08:20:52.036] [STEP ] [main] >> Proceeding to checkout
[2026-06-04 08:20:52.037] [STEP ] [main] >> Clicking: [data-test='checkout']
[2026-06-04 08:20:52.095] [STEP ] [main] >> Clicking: [data-test='cancel']
[2026-06-04 08:20:52.165] [INFO ] [main] TEST END: testCancelOnStepOne => PASSED
[2026-06-04 08:20:52.166] [INFO ] [main] ----------------------------------------
[2026-06-04 08:20:52.171] [DEBUG] [main] Browser context closed
[2026-06-04 08:20:52.173] [INFO ] [main] ========================================
[2026-06-04 08:20:52.175] [INFO ] [main] TEST START: testOverviewShowsSingleItem
[2026-06-04 08:20:52.175] [INFO ] [main] ========================================
[2026-06-04 08:20:52.278] [INFO ] [main] New browser context and page created
[2026-06-04 08:20:52.280] [STEP ] [main] >> Navigating to: https://www.saucedemo.com
[2026-06-04 08:20:52.840] [INFO ] [main] Login page loaded
[2026-06-04 08:20:52.841] [INFO ] [main] Logging in as: standard_user
[2026-06-04 08:20:52.841] [STEP ] [main] >> Typing 'standard_user' into #user-name
[2026-06-04 08:20:52.885] [STEP ] [main] >> Typing [MASKED] into #password
[2026-06-04 08:20:52.901] [STEP ] [main] >> Clicking: #login-button
[2026-06-04 08:20:52.980] [STEP ] [main] >> Adding to cart: sauce-labs-backpack
[2026-06-04 08:20:52.981] [STEP ] [main] >> Clicking: [data-test='add-to-cart-sauce-labs-backpack']
[2026-06-04 08:20:53.035] [STEP ] [main] >> Navigating to cart
[2026-06-04 08:20:53.036] [STEP ] [main] >> Clicking: .shopping_cart_link
[2026-06-04 08:20:53.088] [STEP ] [main] >> Proceeding to checkout
[2026-06-04 08:20:53.088] [STEP ] [main] >> Clicking: [data-test='checkout']
[2026-06-04 08:20:53.137] [STEP ] [main] >> Typing 'John' into [data-test='firstName']
[2026-06-04 08:20:53.151] [STEP ] [main] >> Typing 'Doe' into [data-test='lastName']
[2026-06-04 08:20:53.164] [STEP ] [main] >> Typing '12345' into [data-test='postalCode']
[2026-06-04 08:20:53.178] [STEP ] [main] >> Clicking: [data-test='continue']
[2026-06-04 08:20:53.252] [INFO ] [main] TEST END: testOverviewShowsSingleItem => PASSED
[2026-06-04 08:20:53.252] [INFO ] [main] ----------------------------------------
[2026-06-04 08:20:53.257] [DEBUG] [main] Browser context closed
[2026-06-04 08:20:53.259] [INFO ] [main] ========================================
[2026-06-04 08:20:53.259] [INFO ] [main] TEST START: testOverviewShowsMultipleItems
[2026-06-04 08:20:53.259] [INFO ] [main] ========================================
[2026-06-04 08:20:53.341] [INFO ] [main] New browser context and page created
[2026-06-04 08:20:53.343] [STEP ] [main] >> Navigating to: https://www.saucedemo.com
[2026-06-04 08:20:53.927] [INFO ] [main] Login page loaded
[2026-06-04 08:20:53.927] [INFO ] [main] Logging in as: standard_user
[2026-06-04 08:20:53.927] [STEP ] [main] >> Typing 'standard_user' into #user-name
[2026-06-04 08:20:53.967] [STEP ] [main] >> Typing [MASKED] into #password
[2026-06-04 08:20:53.986] [STEP ] [main] >> Clicking: #login-button
[2026-06-04 08:20:54.065] [STEP ] [main] >> Adding to cart: sauce-labs-backpack
[2026-06-04 08:20:54.066] [STEP ] [main] >> Clicking: [data-test='add-to-cart-sauce-labs-backpack']
[2026-06-04 08:20:54.120] [STEP ] [main] >> Adding to cart: sauce-labs-bike-light
[2026-06-04 08:20:54.120] [STEP ] [main] >> Clicking: [data-test='add-to-cart-sauce-labs-bike-light']
[2026-06-04 08:20:54.165] [STEP ] [main] >> Adding to cart: sauce-labs-onesie
[2026-06-04 08:20:54.166] [STEP ] [main] >> Clicking: [data-test='add-to-cart-sauce-labs-onesie']
[2026-06-04 08:20:54.214] [STEP ] [main] >> Navigating to cart
[2026-06-04 08:20:54.214] [STEP ] [main] >> Clicking: .shopping_cart_link
[2026-06-04 08:20:54.270] [STEP ] [main] >> Proceeding to checkout
[2026-06-04 08:20:54.271] [STEP ] [main] >> Clicking: [data-test='checkout']
[2026-06-04 08:20:54.319] [STEP ] [main] >> Typing 'Jane' into [data-test='firstName']
[2026-06-04 08:20:54.338] [STEP ] [main] >> Typing 'Smith' into [data-test='lastName']
[2026-06-04 08:20:54.356] [STEP ] [main] >> Typing '54321' into [data-test='postalCode']
[2026-06-04 08:20:54.371] [STEP ] [main] >> Clicking: [data-test='continue']
[2026-06-04 08:20:54.435] [INFO ] [main] TEST END: testOverviewShowsMultipleItems => PASSED
[2026-06-04 08:20:54.436] [INFO ] [main] ----------------------------------------
[2026-06-04 08:20:54.441] [DEBUG] [main] Browser context closed
[2026-06-04 08:20:54.443] [INFO ] [main] ========================================
[2026-06-04 08:20:54.443] [INFO ] [main] TEST START: testSubtotalSingleItem
[2026-06-04 08:20:54.443] [INFO ] [main] ========================================
[2026-06-04 08:20:54.519] [INFO ] [main] New browser context and page created
[2026-06-04 08:20:54.520] [STEP ] [main] >> Navigating to: https://www.saucedemo.com
[2026-06-04 08:20:55.119] [INFO ] [main] Login page loaded
[2026-06-04 08:20:55.119] [INFO ] [main] Logging in as: standard_user
[2026-06-04 08:20:55.120] [STEP ] [main] >> Typing 'standard_user' into #user-name
[2026-06-04 08:20:55.162] [STEP ] [main] >> Typing [MASKED] into #password
[2026-06-04 08:20:55.181] [STEP ] [main] >> Clicking: #login-button
[2026-06-04 08:20:55.270] [STEP ] [main] >> Adding to cart: sauce-labs-backpack
[2026-06-04 08:20:55.270] [STEP ] [main] >> Clicking: [data-test='add-to-cart-sauce-labs-backpack']
[2026-06-04 08:20:55.321] [STEP ] [main] >> Navigating to cart
[2026-06-04 08:20:55.321] [STEP ] [main] >> Clicking: .shopping_cart_link
[2026-06-04 08:20:55.372] [STEP ] [main] >> Proceeding to checkout
[2026-06-04 08:20:55.372] [STEP ] [main] >> Clicking: [data-test='checkout']
[2026-06-04 08:20:55.418] [STEP ] [main] >> Typing 'John' into [data-test='firstName']
[2026-06-04 08:20:55.437] [STEP ] [main] >> Typing 'Doe' into [data-test='lastName']
[2026-06-04 08:20:55.450] [STEP ] [main] >> Typing '12345' into [data-test='postalCode']
[2026-06-04 08:20:55.463] [STEP ] [main] >> Clicking: [data-test='continue']
[2026-06-04 08:20:55.513] [INFO ] [main] TEST END: testSubtotalSingleItem => PASSED
[2026-06-04 08:20:55.514] [INFO ] [main] ----------------------------------------
[2026-06-04 08:20:55.519] [DEBUG] [main] Browser context closed
[2026-06-04 08:20:55.521] [INFO ] [main] ========================================
[2026-06-04 08:20:55.521] [INFO ] [main] TEST START: testSubtotalMultipleItems
[2026-06-04 08:20:55.521] [INFO ] [main] ========================================
[2026-06-04 08:20:55.630] [INFO ] [main] New browser context and page created
[2026-06-04 08:20:55.631] [STEP ] [main] >> Navigating to: https://www.saucedemo.com
[2026-06-04 08:20:56.201] [INFO ] [main] Login page loaded
[2026-06-04 08:20:56.201] [INFO ] [main] Logging in as: standard_user
[2026-06-04 08:20:56.202] [STEP ] [main] >> Typing 'standard_user' into #user-name
[2026-06-04 08:20:56.242] [STEP ] [main] >> Typing [MASKED] into #password
[2026-06-04 08:20:56.261] [STEP ] [main] >> Clicking: #login-button
[2026-06-04 08:20:56.348] [STEP ] [main] >> Adding to cart: sauce-labs-backpack
[2026-06-04 08:20:56.348] [STEP ] [main] >> Clicking: [data-test='add-to-cart-sauce-labs-backpack']
[2026-06-04 08:20:56.396] [STEP ] [main] >> Adding to cart: sauce-labs-bike-light
[2026-06-04 08:20:56.397] [STEP ] [main] >> Clicking: [data-test='add-to-cart-sauce-labs-bike-light']
[2026-06-04 08:20:56.452] [STEP ] [main] >> Adding to cart: sauce-labs-onesie
[2026-06-04 08:20:56.453] [STEP ] [main] >> Clicking: [data-test='add-to-cart-sauce-labs-onesie']
[2026-06-04 08:20:56.509] [STEP ] [main] >> Navigating to cart
[2026-06-04 08:20:56.510] [STEP ] [main] >> Clicking: .shopping_cart_link
[2026-06-04 08:20:56.568] [STEP ] [main] >> Proceeding to checkout
[2026-06-04 08:20:56.569] [STEP ] [main] >> Clicking: [data-test='checkout']
[2026-06-04 08:20:56.625] [STEP ] [main] >> Typing 'Jane' into [data-test='firstName']
[2026-06-04 08:20:56.646] [STEP ] [main] >> Typing 'Smith' into [data-test='lastName']
[2026-06-04 08:20:56.664] [STEP ] [main] >> Typing '54321' into [data-test='postalCode']
[2026-06-04 08:20:56.677] [STEP ] [main] >> Clicking: [data-test='continue']
[2026-06-04 08:20:56.738] [INFO ] [main] TEST END: testSubtotalMultipleItems => PASSED
[2026-06-04 08:20:56.739] [INFO ] [main] ----------------------------------------
[2026-06-04 08:20:56.745] [DEBUG] [main] Browser context closed
[2026-06-04 08:20:56.747] [INFO ] [main] ========================================
[2026-06-04 08:20:56.748] [INFO ] [main] TEST START: testTaxCalculation
[2026-06-04 08:20:56.748] [INFO ] [main] ========================================
[2026-06-04 08:20:56.852] [INFO ] [main] New browser context and page created
[2026-06-04 08:20:56.853] [STEP ] [main] >> Navigating to: https://www.saucedemo.com
[2026-06-04 08:20:57.392] [INFO ] [main] Login page loaded
[2026-06-04 08:20:57.393] [INFO ] [main] Logging in as: standard_user
[2026-06-04 08:20:57.393] [STEP ] [main] >> Typing 'standard_user' into #user-name
[2026-06-04 08:20:57.429] [STEP ] [main] >> Typing [MASKED] into #password
[2026-06-04 08:20:57.444] [STEP ] [main] >> Clicking: #login-button
[2026-06-04 08:20:57.531] [STEP ] [main] >> Adding to cart: sauce-labs-backpack
[2026-06-04 08:20:57.531] [STEP ] [main] >> Clicking: [data-test='add-to-cart-sauce-labs-backpack']
[2026-06-04 08:20:57.580] [STEP ] [main] >> Navigating to cart
[2026-06-04 08:20:57.580] [STEP ] [main] >> Clicking: .shopping_cart_link
[2026-06-04 08:20:57.636] [STEP ] [main] >> Proceeding to checkout
[2026-06-04 08:20:57.637] [STEP ] [main] >> Clicking: [data-test='checkout']
[2026-06-04 08:20:57.694] [STEP ] [main] >> Typing 'John' into [data-test='firstName']
[2026-06-04 08:20:57.707] [STEP ] [main] >> Typing 'Doe' into [data-test='lastName']
[2026-06-04 08:20:57.718] [STEP ] [main] >> Typing '12345' into [data-test='postalCode']
[2026-06-04 08:20:57.731] [STEP ] [main] >> Clicking: [data-test='continue']
[2026-06-04 08:20:57.832] [INFO ] [main] TEST END: testTaxCalculation => PASSED
[2026-06-04 08:20:57.832] [INFO ] [main] ----------------------------------------
[2026-06-04 08:20:57.837] [DEBUG] [main] Browser context closed
[2026-06-04 08:20:57.903] [INFO ] [main] Browser closed
[2026-06-04 08:20:57.942] [INFO ] [main] Playwright instance closed
[2026-06-04 08:20:57.943] [INFO ] [main] ################################################
[2026-06-04 08:20:57.943] [INFO ] [main] SUITE COMPLETED
[2026-06-04 08:20:57.943] [INFO ] [main] ################################################
[2026-06-04 08:21:36.346] [INFO ] [main] ################################################
[2026-06-04 08:21:36.347] [INFO ] [main] SUITE START: SauceDemo Automation Suite
[2026-06-04 08:21:36.348] [INFO ] [main] Configuration loaded successfully
[2026-06-04 08:21:36.349] [INFO ] [main] Browser: chromium
[2026-06-04 08:21:36.349] [INFO ] [main] Headless: true
[2026-06-04 08:21:36.350] [INFO ] [main] Base URL: https://www.saucedemo.com
[2026-06-04 08:21:36.350] [INFO ] [main] ################################################
[2026-06-04 08:21:42.158] [INFO ] [main] Playwright instance created
[2026-06-04 08:21:42.175] [INFO ] [main] Launching browser: chromium | headless: true | slowMotion: 0ms
[2026-06-04 08:21:42.334] [INFO ] [main] chromium browser launched
[2026-06-04 08:21:42.348] [INFO ] [main] ========================================
[2026-06-04 08:21:42.348] [INFO ] [main] TEST START: testCheckoutStepOneLoads
[2026-06-04 08:21:42.349] [INFO ] [main] ========================================
[2026-06-04 08:21:42.457] [INFO ] [main] New browser context and page created
[2026-06-04 08:21:42.461] [STEP ] [main] >> Navigating to: https://www.saucedemo.com
[2026-06-04 08:21:43.093] [INFO ] [main] Login page loaded
[2026-06-04 08:21:43.094] [INFO ] [main] Logging in as: standard_user
[2026-06-04 08:21:43.094] [STEP ] [main] >> Typing 'standard_user' into #user-name
[2026-06-04 08:21:43.143] [STEP ] [main] >> Typing [MASKED] into #password
[2026-06-04 08:21:43.162] [STEP ] [main] >> Clicking: #login-button
[2026-06-04 08:21:43.251] [STEP ] [main] >> Adding to cart: sauce-labs-backpack
[2026-06-04 08:21:43.251] [STEP ] [main] >> Clicking: [data-test='add-to-cart-sauce-labs-backpack']
[2026-06-04 08:21:43.303] [STEP ] [main] >> Navigating to cart
[2026-06-04 08:21:43.304] [STEP ] [main] >> Clicking: .shopping_cart_link
[2026-06-04 08:21:43.355] [STEP ] [main] >> Proceeding to checkout
[2026-06-04 08:21:43.355] [STEP ] [main] >> Clicking: [data-test='checkout']
[2026-06-04 08:21:43.428] [INFO ] [main] TEST END: testCheckoutStepOneLoads => PASSED
[2026-06-04 08:21:43.429] [INFO ] [main] ----------------------------------------
[2026-06-04 08:21:43.438] [DEBUG] [main] Browser context closed
[2026-06-04 08:21:43.447] [INFO ] [main] ========================================
[2026-06-04 08:21:43.448] [INFO ] [main] TEST START: testValidCheckoutInfo
[2026-06-04 08:21:43.448] [INFO ] [main] ========================================
[2026-06-04 08:21:43.547] [INFO ] [main] New browser context and page created
[2026-06-04 08:21:43.550] [STEP ] [main] >> Navigating to: https://www.saucedemo.com
[2026-06-04 08:21:44.114] [INFO ] [main] Login page loaded
[2026-06-04 08:21:44.115] [INFO ] [main] Logging in as: standard_user
[2026-06-04 08:21:44.115] [STEP ] [main] >> Typing 'standard_user' into #user-name
[2026-06-04 08:21:44.153] [STEP ] [main] >> Typing [MASKED] into #password
[2026-06-04 08:21:44.172] [STEP ] [main] >> Clicking: #login-button
[2026-06-04 08:21:44.248] [STEP ] [main] >> Adding to cart: sauce-labs-backpack
[2026-06-04 08:21:44.249] [STEP ] [main] >> Clicking: [data-test='add-to-cart-sauce-labs-backpack']
[2026-06-04 08:21:44.297] [STEP ] [main] >> Navigating to cart
[2026-06-04 08:21:44.297] [STEP ] [main] >> Clicking: .shopping_cart_link
[2026-06-04 08:21:44.354] [STEP ] [main] >> Proceeding to checkout
[2026-06-04 08:21:44.354] [STEP ] [main] >> Clicking: [data-test='checkout']
[2026-06-04 08:21:44.409] [STEP ] [main] >> Typing 'John' into [data-test='firstName']
[2026-06-04 08:21:44.429] [STEP ] [main] >> Typing 'Doe' into [data-test='lastName']
[2026-06-04 08:21:44.446] [STEP ] [main] >> Typing '10001' into [data-test='postalCode']
[2026-06-04 08:21:44.463] [STEP ] [main] >> Clicking: [data-test='continue']
[2026-06-04 08:21:44.560] [INFO ] [main] TEST END: testValidCheckoutInfo => PASSED
[2026-06-04 08:21:44.561] [INFO ] [main] ----------------------------------------
[2026-06-04 08:21:44.567] [DEBUG] [main] Browser context closed
[2026-06-04 08:21:44.568] [INFO ] [main] ========================================
[2026-06-04 08:21:44.569] [INFO ] [main] TEST START: testValidCheckoutInfo
[2026-06-04 08:21:44.569] [INFO ] [main] ========================================
[2026-06-04 08:21:44.674] [INFO ] [main] New browser context and page created
[2026-06-04 08:21:44.676] [STEP ] [main] >> Navigating to: https://www.saucedemo.com
[2026-06-04 08:21:45.240] [INFO ] [main] Login page loaded
[2026-06-04 08:21:45.241] [INFO ] [main] Logging in as: standard_user
[2026-06-04 08:21:45.242] [STEP ] [main] >> Typing 'standard_user' into #user-name
[2026-06-04 08:21:45.285] [STEP ] [main] >> Typing [MASKED] into #password
[2026-06-04 08:21:45.303] [STEP ] [main] >> Clicking: #login-button
[2026-06-04 08:21:45.379] [STEP ] [main] >> Adding to cart: sauce-labs-backpack
[2026-06-04 08:21:45.379] [STEP ] [main] >> Clicking: [data-test='add-to-cart-sauce-labs-backpack']
[2026-06-04 08:21:45.427] [STEP ] [main] >> Navigating to cart
[2026-06-04 08:21:45.428] [STEP ] [main] >> Clicking: .shopping_cart_link
[2026-06-04 08:21:45.473] [STEP ] [main] >> Proceeding to checkout
[2026-06-04 08:21:45.473] [STEP ] [main] >> Clicking: [data-test='checkout']
[2026-06-04 08:21:45.519] [STEP ] [main] >> Typing 'Jane' into [data-test='firstName']
[2026-06-04 08:21:45.539] [STEP ] [main] >> Typing 'Smith' into [data-test='lastName']
[2026-06-04 08:21:45.562] [STEP ] [main] >> Typing '90210' into [data-test='postalCode']
[2026-06-04 08:21:45.577] [STEP ] [main] >> Clicking: [data-test='continue']
[2026-06-04 08:21:45.647] [INFO ] [main] TEST END: testValidCheckoutInfo => PASSED
[2026-06-04 08:21:45.647] [INFO ] [main] ----------------------------------------
[2026-06-04 08:21:45.652] [DEBUG] [main] Browser context closed
[2026-06-04 08:21:45.653] [INFO ] [main] ========================================
[2026-06-04 08:21:45.654] [INFO ] [main] TEST START: testValidCheckoutInfo
[2026-06-04 08:21:45.654] [INFO ] [main] ========================================
[2026-06-04 08:21:45.765] [INFO ] [main] New browser context and page created
[2026-06-04 08:21:45.767] [STEP ] [main] >> Navigating to: https://www.saucedemo.com
[2026-06-04 08:21:46.380] [INFO ] [main] Login page loaded
[2026-06-04 08:21:46.381] [INFO ] [main] Logging in as: standard_user
[2026-06-04 08:21:46.381] [STEP ] [main] >> Typing 'standard_user' into #user-name
[2026-06-04 08:21:46.430] [STEP ] [main] >> Typing [MASKED] into #password
[2026-06-04 08:21:46.448] [STEP ] [main] >> Clicking: #login-button
[2026-06-04 08:21:46.535] [STEP ] [main] >> Adding to cart: sauce-labs-backpack
[2026-06-04 08:21:46.536] [STEP ] [main] >> Clicking: [data-test='add-to-cart-sauce-labs-backpack']
[2026-06-04 08:21:46.598] [STEP ] [main] >> Navigating to cart
[2026-06-04 08:21:46.599] [STEP ] [main] >> Clicking: .shopping_cart_link
[2026-06-04 08:21:46.651] [STEP ] [main] >> Proceeding to checkout
[2026-06-04 08:21:46.651] [STEP ] [main] >> Clicking: [data-test='checkout']
[2026-06-04 08:21:46.700] [STEP ] [main] >> Typing 'Alex' into [data-test='firstName']
[2026-06-04 08:21:46.715] [STEP ] [main] >> Typing 'Brown' into [data-test='lastName']
[2026-06-04 08:21:46.728] [STEP ] [main] >> Typing '60601' into [data-test='postalCode']
[2026-06-04 08:21:46.741] [STEP ] [main] >> Clicking: [data-test='continue']
[2026-06-04 08:21:46.804] [INFO ] [main] TEST END: testValidCheckoutInfo => PASSED
[2026-06-04 08:21:46.805] [INFO ] [main] ----------------------------------------
[2026-06-04 08:21:46.811] [DEBUG] [main] Browser context closed
[2026-06-04 08:21:46.813] [INFO ] [main] ========================================
[2026-06-04 08:21:46.814] [INFO ] [main] TEST START: testInvalidCheckoutInfo
[2026-06-04 08:21:46.814] [INFO ] [main] ========================================
[2026-06-04 08:21:46.898] [INFO ] [main] New browser context and page created
[2026-06-04 08:21:46.901] [STEP ] [main] >> Navigating to: https://www.saucedemo.com
[2026-06-04 08:21:47.502] [INFO ] [main] Login page loaded
[2026-06-04 08:21:47.503] [INFO ] [main] Logging in as: standard_user
[2026-06-04 08:21:47.503] [STEP ] [main] >> Typing 'standard_user' into #user-name
[2026-06-04 08:21:47.541] [STEP ] [main] >> Typing [MASKED] into #password
[2026-06-04 08:21:47.558] [STEP ] [main] >> Clicking: #login-button
[2026-06-04 08:21:47.644] [STEP ] [main] >> Adding to cart: sauce-labs-backpack
[2026-06-04 08:21:47.645] [STEP ] [main] >> Clicking: [data-test='add-to-cart-sauce-labs-backpack']
[2026-06-04 08:21:47.698] [STEP ] [main] >> Navigating to cart
[2026-06-04 08:21:47.698] [STEP ] [main] >> Clicking: .shopping_cart_link
[2026-06-04 08:21:47.752] [STEP ] [main] >> Proceeding to checkout
[2026-06-04 08:21:47.753] [STEP ] [main] >> Clicking: [data-test='checkout']
[2026-06-04 08:21:47.808] [STEP ] [main] >> Typing '' into [data-test='firstName']
[2026-06-04 08:21:47.824] [STEP ] [main] >> Typing 'Doe' into [data-test='lastName']
[2026-06-04 08:21:47.844] [STEP ] [main] >> Typing '10001' into [data-test='postalCode']
[2026-06-04 08:21:47.862] [STEP ] [main] >> Clicking: [data-test='continue']
[2026-06-04 08:21:47.930] [INFO ] [main] TEST END: testInvalidCheckoutInfo => PASSED
[2026-06-04 08:21:47.931] [INFO ] [main] ----------------------------------------
[2026-06-04 08:21:47.937] [DEBUG] [main] Browser context closed
[2026-06-04 08:21:47.939] [INFO ] [main] ========================================
[2026-06-04 08:21:47.939] [INFO ] [main] TEST START: testInvalidCheckoutInfo
[2026-06-04 08:21:47.939] [INFO ] [main] ========================================
[2026-06-04 08:21:48.047] [INFO ] [main] New browser context and page created
[2026-06-04 08:21:48.048] [STEP ] [main] >> Navigating to: https://www.saucedemo.com
[2026-06-04 08:21:48.600] [INFO ] [main] Login page loaded
[2026-06-04 08:21:48.600] [INFO ] [main] Logging in as: standard_user
[2026-06-04 08:21:48.601] [STEP ] [main] >> Typing 'standard_user' into #user-name
[2026-06-04 08:21:48.640] [STEP ] [main] >> Typing [MASKED] into #password
[2026-06-04 08:21:48.657] [STEP ] [main] >> Clicking: #login-button
[2026-06-04 08:21:48.730] [STEP ] [main] >> Adding to cart: sauce-labs-backpack
[2026-06-04 08:21:48.731] [STEP ] [main] >> Clicking: [data-test='add-to-cart-sauce-labs-backpack']
[2026-06-04 08:21:48.782] [STEP ] [main] >> Navigating to cart
[2026-06-04 08:21:48.782] [STEP ] [main] >> Clicking: .shopping_cart_link
[2026-06-04 08:21:48.832] [STEP ] [main] >> Proceeding to checkout
[2026-06-04 08:21:48.832] [STEP ] [main] >> Clicking: [data-test='checkout']
[2026-06-04 08:21:48.884] [STEP ] [main] >> Typing 'John' into [data-test='firstName']
[2026-06-04 08:21:48.898] [STEP ] [main] >> Typing '' into [data-test='lastName']
[2026-06-04 08:21:48.909] [STEP ] [main] >> Typing '10001' into [data-test='postalCode']
[2026-06-04 08:21:48.921] [STEP ] [main] >> Clicking: [data-test='continue']
[2026-06-04 08:21:48.979] [INFO ] [main] TEST END: testInvalidCheckoutInfo => PASSED
[2026-06-04 08:21:48.979] [INFO ] [main] ----------------------------------------
[2026-06-04 08:21:48.984] [DEBUG] [main] Browser context closed
[2026-06-04 08:21:48.985] [INFO ] [main] ========================================
[2026-06-04 08:21:48.986] [INFO ] [main] TEST START: testInvalidCheckoutInfo
[2026-06-04 08:21:48.986] [INFO ] [main] ========================================
[2026-06-04 08:21:49.088] [INFO ] [main] New browser context and page created
[2026-06-04 08:21:49.089] [STEP ] [main] >> Navigating to: https://www.saucedemo.com
[2026-06-04 08:21:49.654] [INFO ] [main] Login page loaded
[2026-06-04 08:21:49.654] [INFO ] [main] Logging in as: standard_user
[2026-06-04 08:21:49.655] [STEP ] [main] >> Typing 'standard_user' into #user-name
[2026-06-04 08:21:49.694] [STEP ] [main] >> Typing [MASKED] into #password
[2026-06-04 08:21:49.711] [STEP ] [main] >> Clicking: #login-button
[2026-06-04 08:21:49.796] [STEP ] [main] >> Adding to cart: sauce-labs-backpack
[2026-06-04 08:21:49.796] [STEP ] [main] >> Clicking: [data-test='add-to-cart-sauce-labs-backpack']
[2026-06-04 08:21:49.854] [STEP ] [main] >> Navigating to cart
[2026-06-04 08:21:49.854] [STEP ] [main] >> Clicking: .shopping_cart_link
[2026-06-04 08:21:49.899] [STEP ] [main] >> Proceeding to checkout
[2026-06-04 08:21:49.900] [STEP ] [main] >> Clicking: [data-test='checkout']
[2026-06-04 08:21:49.948] [STEP ] [main] >> Typing 'John' into [data-test='firstName']
[2026-06-04 08:21:49.964] [STEP ] [main] >> Typing 'Doe' into [data-test='lastName']
[2026-06-04 08:21:49.978] [STEP ] [main] >> Typing '' into [data-test='postalCode']
[2026-06-04 08:21:49.989] [STEP ] [main] >> Clicking: [data-test='continue']
[2026-06-04 08:21:50.049] [INFO ] [main] TEST END: testInvalidCheckoutInfo => PASSED
[2026-06-04 08:21:50.049] [INFO ] [main] ----------------------------------------
[2026-06-04 08:21:50.055] [DEBUG] [main] Browser context closed
[2026-06-04 08:21:50.057] [INFO ] [main] ========================================
[2026-06-04 08:21:50.057] [INFO ] [main] TEST START: testAllFieldsEmpty
[2026-06-04 08:21:50.057] [INFO ] [main] ========================================
[2026-06-04 08:21:50.154] [INFO ] [main] New browser context and page created
[2026-06-04 08:21:50.155] [STEP ] [main] >> Navigating to: https://www.saucedemo.com
[2026-06-04 08:21:50.692] [INFO ] [main] Login page loaded
[2026-06-04 08:21:50.692] [INFO ] [main] Logging in as: standard_user
[2026-06-04 08:21:50.692] [STEP ] [main] >> Typing 'standard_user' into #user-name
[2026-06-04 08:21:50.731] [STEP ] [main] >> Typing [MASKED] into #password
[2026-06-04 08:21:50.746] [STEP ] [main] >> Clicking: #login-button
[2026-06-04 08:21:50.834] [STEP ] [main] >> Adding to cart: sauce-labs-backpack
[2026-06-04 08:21:50.834] [STEP ] [main] >> Clicking: [data-test='add-to-cart-sauce-labs-backpack']
[2026-06-04 08:21:50.882] [STEP ] [main] >> Navigating to cart
[2026-06-04 08:21:50.883] [STEP ] [main] >> Clicking: .shopping_cart_link
[2026-06-04 08:21:50.938] [STEP ] [main] >> Proceeding to checkout
[2026-06-04 08:21:50.939] [STEP ] [main] >> Clicking: [data-test='checkout']
[2026-06-04 08:21:50.995] [STEP ] [main] >> Clicking: [data-test='continue']
[2026-06-04 08:21:51.069] [INFO ] [main] TEST END: testAllFieldsEmpty => PASSED
[2026-06-04 08:21:51.069] [INFO ] [main] ----------------------------------------
[2026-06-04 08:21:51.075] [DEBUG] [main] Browser context closed
[2026-06-04 08:21:51.077] [INFO ] [main] ========================================
[2026-06-04 08:21:51.077] [INFO ] [main] TEST START: testCancelOnStepOne
[2026-06-04 08:21:51.078] [INFO ] [main] ========================================
[2026-06-04 08:21:51.189] [INFO ] [main] New browser context and page created
[2026-06-04 08:21:51.191] [STEP ] [main] >> Navigating to: https://www.saucedemo.com
[2026-06-04 08:21:51.768] [INFO ] [main] Login page loaded
[2026-06-04 08:21:51.768] [INFO ] [main] Logging in as: standard_user
[2026-06-04 08:21:51.769] [STEP ] [main] >> Typing 'standard_user' into #user-name
[2026-06-04 08:21:51.808] [STEP ] [main] >> Typing [MASKED] into #password
[2026-06-04 08:21:51.823] [STEP ] [main] >> Clicking: #login-button
[2026-06-04 08:21:51.895] [STEP ] [main] >> Adding to cart: sauce-labs-backpack
[2026-06-04 08:21:51.895] [STEP ] [main] >> Clicking: [data-test='add-to-cart-sauce-labs-backpack']
[2026-06-04 08:21:51.948] [STEP ] [main] >> Navigating to cart
[2026-06-04 08:21:51.948] [STEP ] [main] >> Clicking: .shopping_cart_link
[2026-06-04 08:21:52.005] [STEP ] [main] >> Proceeding to checkout
[2026-06-04 08:21:52.005] [STEP ] [main] >> Clicking: [data-test='checkout']
[2026-06-04 08:21:52.050] [STEP ] [main] >> Clicking: [data-test='cancel']
[2026-06-04 08:21:52.129] [INFO ] [main] TEST END: testCancelOnStepOne => PASSED
[2026-06-04 08:21:52.130] [INFO ] [main] ----------------------------------------
[2026-06-04 08:21:52.136] [DEBUG] [main] Browser context closed
[2026-06-04 08:21:52.140] [INFO ] [main] ========================================
[2026-06-04 08:21:52.140] [INFO ] [main] TEST START: testOverviewShowsSingleItem
[2026-06-04 08:21:52.141] [INFO ] [main] ========================================
[2026-06-04 08:21:52.227] [INFO ] [main] New browser context and page created
[2026-06-04 08:21:52.228] [STEP ] [main] >> Navigating to: https://www.saucedemo.com
[2026-06-04 08:21:52.773] [INFO ] [main] Login page loaded
[2026-06-04 08:21:52.773] [INFO ] [main] Logging in as: standard_user
[2026-06-04 08:21:52.775] [STEP ] [main] >> Typing 'standard_user' into #user-name
[2026-06-04 08:21:52.814] [STEP ] [main] >> Typing [MASKED] into #password
[2026-06-04 08:21:52.830] [STEP ] [main] >> Clicking: #login-button
[2026-06-04 08:21:52.911] [STEP ] [main] >> Adding to cart: sauce-labs-backpack
[2026-06-04 08:21:52.912] [STEP ] [main] >> Clicking: [data-test='add-to-cart-sauce-labs-backpack']
[2026-06-04 08:21:52.963] [STEP ] [main] >> Navigating to cart
[2026-06-04 08:21:52.963] [STEP ] [main] >> Clicking: .shopping_cart_link
[2026-06-04 08:21:53.017] [STEP ] [main] >> Proceeding to checkout
[2026-06-04 08:21:53.018] [STEP ] [main] >> Clicking: [data-test='checkout']
[2026-06-04 08:21:53.065] [STEP ] [main] >> Typing 'John' into [data-test='firstName']
[2026-06-04 08:21:53.081] [STEP ] [main] >> Typing 'Doe' into [data-test='lastName']
[2026-06-04 08:21:53.094] [STEP ] [main] >> Typing '12345' into [data-test='postalCode']
[2026-06-04 08:21:53.107] [STEP ] [main] >> Clicking: [data-test='continue']
[2026-06-04 08:21:53.173] [INFO ] [main] TEST END: testOverviewShowsSingleItem => PASSED
[2026-06-04 08:21:53.174] [INFO ] [main] ----------------------------------------
[2026-06-04 08:21:53.179] [DEBUG] [main] Browser context closed
[2026-06-04 08:21:53.180] [INFO ] [main] ========================================
[2026-06-04 08:21:53.181] [INFO ] [main] TEST START: testOverviewShowsMultipleItems
[2026-06-04 08:21:53.181] [INFO ] [main] ========================================
[2026-06-04 08:21:53.257] [INFO ] [main] New browser context and page created
[2026-06-04 08:21:53.259] [STEP ] [main] >> Navigating to: https://www.saucedemo.com
[2026-06-04 08:21:53.850] [INFO ] [main] Login page loaded
[2026-06-04 08:21:53.850] [INFO ] [main] Logging in as: standard_user
[2026-06-04 08:21:53.850] [STEP ] [main] >> Typing 'standard_user' into #user-name
[2026-06-04 08:21:53.893] [STEP ] [main] >> Typing [MASKED] into #password
[2026-06-04 08:21:53.913] [STEP ] [main] >> Clicking: #login-button
[2026-06-04 08:21:53.996] [STEP ] [main] >> Adding to cart: sauce-labs-backpack
[2026-06-04 08:21:53.997] [STEP ] [main] >> Clicking: [data-test='add-to-cart-sauce-labs-backpack']
[2026-06-04 08:21:54.050] [STEP ] [main] >> Adding to cart: sauce-labs-bike-light
[2026-06-04 08:21:54.051] [STEP ] [main] >> Clicking: [data-test='add-to-cart-sauce-labs-bike-light']
[2026-06-04 08:21:54.094] [STEP ] [main] >> Adding to cart: sauce-labs-onesie
[2026-06-04 08:21:54.095] [STEP ] [main] >> Clicking: [data-test='add-to-cart-sauce-labs-onesie']
[2026-06-04 08:21:54.156] [STEP ] [main] >> Navigating to cart
[2026-06-04 08:21:54.157] [STEP ] [main] >> Clicking: .shopping_cart_link
[2026-06-04 08:21:54.211] [STEP ] [main] >> Proceeding to checkout
[2026-06-04 08:21:54.212] [STEP ] [main] >> Clicking: [data-test='checkout']
[2026-06-04 08:21:54.273] [STEP ] [main] >> Typing 'Jane' into [data-test='firstName']
[2026-06-04 08:21:54.291] [STEP ] [main] >> Typing 'Smith' into [data-test='lastName']
[2026-06-04 08:21:54.305] [STEP ] [main] >> Typing '54321' into [data-test='postalCode']
[2026-06-04 08:21:54.319] [STEP ] [main] >> Clicking: [data-test='continue']
[2026-06-04 08:21:54.381] [INFO ] [main] TEST END: testOverviewShowsMultipleItems => PASSED
[2026-06-04 08:21:54.382] [INFO ] [main] ----------------------------------------
[2026-06-04 08:21:54.386] [DEBUG] [main] Browser context closed
[2026-06-04 08:21:54.388] [INFO ] [main] ========================================
[2026-06-04 08:21:54.388] [INFO ] [main] TEST START: testSubtotalSingleItem
[2026-06-04 08:21:54.390] [INFO ] [main] ========================================
[2026-06-04 08:21:54.492] [INFO ] [main] New browser context and page created
[2026-06-04 08:21:54.494] [STEP ] [main] >> Navigating to: https://www.saucedemo.com
[2026-06-04 08:21:55.094] [INFO ] [main] Login page loaded
[2026-06-04 08:21:55.094] [INFO ] [main] Logging in as: standard_user
[2026-06-04 08:21:55.094] [STEP ] [main] >> Typing 'standard_user' into #user-name
[2026-06-04 08:21:55.134] [STEP ] [main] >> Typing [MASKED] into #password
[2026-06-04 08:21:55.153] [STEP ] [main] >> Clicking: #login-button
[2026-06-04 08:21:55.230] [STEP ] [main] >> Adding to cart: sauce-labs-backpack
[2026-06-04 08:21:55.230] [STEP ] [main] >> Clicking: [data-test='add-to-cart-sauce-labs-backpack']
[2026-06-04 08:21:55.286] [STEP ] [main] >> Navigating to cart
[2026-06-04 08:21:55.287] [STEP ] [main] >> Clicking: .shopping_cart_link
[2026-06-04 08:21:55.332] [STEP ] [main] >> Proceeding to checkout
[2026-06-04 08:21:55.332] [STEP ] [main] >> Clicking: [data-test='checkout']
[2026-06-04 08:21:55.384] [STEP ] [main] >> Typing 'John' into [data-test='firstName']
[2026-06-04 08:21:55.399] [STEP ] [main] >> Typing 'Doe' into [data-test='lastName']
[2026-06-04 08:21:55.411] [STEP ] [main] >> Typing '12345' into [data-test='postalCode']
[2026-06-04 08:21:55.424] [STEP ] [main] >> Clicking: [data-test='continue']
[2026-06-04 08:21:55.480] [INFO ] [main] TEST END: testSubtotalSingleItem => PASSED
[2026-06-04 08:21:55.480] [INFO ] [main] ----------------------------------------
[2026-06-04 08:21:55.487] [DEBUG] [main] Browser context closed
[2026-06-04 08:21:55.489] [INFO ] [main] ========================================
[2026-06-04 08:21:55.489] [INFO ] [main] TEST START: testSubtotalMultipleItems
[2026-06-04 08:21:55.489] [INFO ] [main] ========================================
[2026-06-04 08:21:55.599] [INFO ] [main] New browser context and page created
[2026-06-04 08:21:55.600] [STEP ] [main] >> Navigating to: https://www.saucedemo.com
[2026-06-04 08:21:56.201] [INFO ] [main] Login page loaded
[2026-06-04 08:21:56.201] [INFO ] [main] Logging in as: standard_user
[2026-06-04 08:21:56.202] [STEP ] [main] >> Typing 'standard_user' into #user-name
[2026-06-04 08:21:56.241] [STEP ] [main] >> Typing [MASKED] into #password
[2026-06-04 08:21:56.259] [STEP ] [main] >> Clicking: #login-button
[2026-06-04 08:21:56.327] [STEP ] [main] >> Adding to cart: sauce-labs-backpack
[2026-06-04 08:21:56.327] [STEP ] [main] >> Clicking: [data-test='add-to-cart-sauce-labs-backpack']
[2026-06-04 08:21:56.378] [STEP ] [main] >> Adding to cart: sauce-labs-bike-light
[2026-06-04 08:21:56.378] [STEP ] [main] >> Clicking: [data-test='add-to-cart-sauce-labs-bike-light']
[2026-06-04 08:21:56.428] [STEP ] [main] >> Adding to cart: sauce-labs-onesie
[2026-06-04 08:21:56.428] [STEP ] [main] >> Clicking: [data-test='add-to-cart-sauce-labs-onesie']
[2026-06-04 08:21:56.479] [STEP ] [main] >> Navigating to cart
[2026-06-04 08:21:56.479] [STEP ] [main] >> Clicking: .shopping_cart_link
[2026-06-04 08:21:56.534] [STEP ] [main] >> Proceeding to checkout
[2026-06-04 08:21:56.534] [STEP ] [main] >> Clicking: [data-test='checkout']
[2026-06-04 08:21:56.601] [STEP ] [main] >> Typing 'Jane' into [data-test='firstName']
[2026-06-04 08:21:56.617] [STEP ] [main] >> Typing 'Smith' into [data-test='lastName']
[2026-06-04 08:21:56.631] [STEP ] [main] >> Typing '54321' into [data-test='postalCode']
[2026-06-04 08:21:56.643] [STEP ] [main] >> Clicking: [data-test='continue']
[2026-06-04 08:21:56.698] [INFO ] [main] TEST END: testSubtotalMultipleItems => PASSED
[2026-06-04 08:21:56.698] [INFO ] [main] ----------------------------------------
[2026-06-04 08:21:56.704] [DEBUG] [main] Browser context closed
[2026-06-04 08:21:56.706] [INFO ] [main] ========================================
[2026-06-04 08:21:56.707] [INFO ] [main] TEST START: testTaxCalculation
[2026-06-04 08:21:56.707] [INFO ] [main] ========================================
[2026-06-04 08:21:56.820] [INFO ] [main] New browser context and page created
[2026-06-04 08:21:56.821] [STEP ] [main] >> Navigating to: https://www.saucedemo.com
[2026-06-04 08:21:57.383] [INFO ] [main] Login page loaded
[2026-06-04 08:21:57.383] [INFO ] [main] Logging in as: standard_user
[2026-06-04 08:21:57.384] [STEP ] [main] >> Typing 'standard_user' into #user-name
[2026-06-04 08:21:57.419] [STEP ] [main] >> Typing [MASKED] into #password
[2026-06-04 08:21:57.432] [STEP ] [main] >> Clicking: #login-button
[2026-06-04 08:21:57.517] [STEP ] [main] >> Adding to cart: sauce-labs-backpack
[2026-06-04 08:21:57.517] [STEP ] [main] >> Clicking: [data-test='add-to-cart-sauce-labs-backpack']
[2026-06-04 08:21:57.567] [STEP ] [main] >> Navigating to cart
[2026-06-04 08:21:57.567] [STEP ] [main] >> Clicking: .shopping_cart_link
[2026-06-04 08:21:57.616] [STEP ] [main] >> Proceeding to checkout
[2026-06-04 08:21:57.617] [STEP ] [main] >> Clicking: [data-test='checkout']
[2026-06-04 08:21:57.665] [STEP ] [main] >> Typing 'John' into [data-test='firstName']
[2026-06-04 08:21:57.679] [STEP ] [main] >> Typing 'Doe' into [data-test='lastName']
[2026-06-04 08:21:57.693] [STEP ] [main] >> Typing '12345' into [data-test='postalCode']
[2026-06-04 08:21:57.707] [STEP ] [main] >> Clicking: [data-test='continue']
[2026-06-04 08:21:57.777] [INFO ] [main] TEST END: testTaxCalculation => PASSED
[2026-06-04 08:21:57.777] [INFO ] [main] ----------------------------------------
[2026-06-04 08:21:57.782] [DEBUG] [main] Browser context closed
[2026-06-04 08:21:57.836] [INFO ] [main] Browser closed
[2026-06-04 08:21:57.871] [INFO ] [main] Playwright instance closed
[2026-06-04 08:21:57.872] [INFO ] [main] ################################################
[2026-06-04 08:21:57.872] [INFO ] [main] SUITE COMPLETED
[2026-06-04 08:21:57.872] [INFO ] [main] ################################################
[2026-06-04 08:24:28.883] [INFO ] [main] ################################################
[2026-06-04 08:24:28.885] [INFO ] [main] SUITE START: SauceDemo Automation Suite
[2026-06-04 08:24:28.886] [INFO ] [main] Configuration loaded successfully
[2026-06-04 08:24:28.886] [INFO ] [main] Browser: chromium
[2026-06-04 08:24:28.887] [INFO ] [main] Headless: true
[2026-06-04 08:24:28.887] [INFO ] [main] Base URL: https://www.saucedemo.com
[2026-06-04 08:24:28.887] [INFO ] [main] ################################################
[2026-06-04 08:24:34.582] [INFO ] [main] Playwright instance created
[2026-06-04 08:24:34.587] [INFO ] [main] Test Suite starting: Login Tests
[2026-06-04 08:24:34.587] [INFO ] [main] Launching browser: chromium | headless: true | slowMotion: 0ms
[2026-06-04 08:24:34.760] [INFO ] [main] chromium browser launched
[2026-06-04 08:24:34.776] [INFO ] [main] ========================================
[2026-06-04 08:24:34.777] [INFO ] [main] TEST START: testValidLogin
[2026-06-04 08:24:34.777] [INFO ] [main] ========================================
[2026-06-04 08:24:34.901] [INFO ] [main] New browser context and page created
[2026-06-04 08:24:34.905] [STEP ] [main] >> Navigating to: https://www.saucedemo.com
[2026-06-04 08:24:35.515] [INFO ] [main] Login page loaded
[2026-06-04 08:24:35.516] [INFO ] [main] Logging in as: standard_user
[2026-06-04 08:24:35.516] [STEP ] [main] >> Typing 'standard_user' into #user-name
[2026-06-04 08:24:35.567] [STEP ] [main] >> Typing [MASKED] into #password
[2026-06-04 08:24:35.588] [STEP ] [main] >> Clicking: #login-button
[2026-06-04 08:24:35.705] [INFO ] [main] [PASSED] testValidLogin
[2026-06-04 08:24:35.709] [INFO ] [main] TEST END: testValidLogin => PASSED
[2026-06-04 08:24:35.709] [INFO ] [main] ----------------------------------------
[2026-06-04 08:24:35.722] [DEBUG] [main] Browser context closed
[2026-06-04 08:24:35.729] [INFO ] [main] ========================================
[2026-06-04 08:24:35.730] [INFO ] [main] TEST START: testAllUserTypes
[2026-06-04 08:24:35.730] [INFO ] [main] ========================================
[2026-06-04 08:24:35.811] [INFO ] [main] New browser context and page created
[2026-06-04 08:24:35.817] [STEP ] [main] >> Navigating to: https://www.saucedemo.com
[2026-06-04 08:24:36.392] [INFO ] [main] Login page loaded
[2026-06-04 08:24:36.393] [INFO ] [main] Logging in as: standard_user
[2026-06-04 08:24:36.393] [STEP ] [main] >> Typing 'standard_user' into #user-name
[2026-06-04 08:24:36.438] [STEP ] [main] >> Typing [MASKED] into #password
[2026-06-04 08:24:36.457] [STEP ] [main] >> Clicking: #login-button
[2026-06-04 08:24:36.561] [INFO ] [main] [PASSED] testAllUserTypes
[2026-06-04 08:24:36.562] [INFO ] [main] TEST END: testAllUserTypes => PASSED
[2026-06-04 08:24:36.562] [INFO ] [main] ----------------------------------------
[2026-06-04 08:24:36.568] [DEBUG] [main] Browser context closed
[2026-06-04 08:24:36.570] [INFO ] [main] ========================================
[2026-06-04 08:24:36.570] [INFO ] [main] TEST START: testAllUserTypes
[2026-06-04 08:24:36.571] [INFO ] [main] ========================================
[2026-06-04 08:24:36.649] [INFO ] [main] New browser context and page created
[2026-06-04 08:24:36.650] [STEP ] [main] >> Navigating to: https://www.saucedemo.com
[2026-06-04 08:24:37.230] [INFO ] [main] Login page loaded
[2026-06-04 08:24:37.231] [INFO ] [main] Attempting login with: locked_out_user (expecting error)
[2026-06-04 08:24:37.231] [STEP ] [main] >> Typing 'locked_out_user' into #user-name
[2026-06-04 08:24:37.273] [STEP ] [main] >> Typing [MASKED] into #password
[2026-06-04 08:24:37.291] [STEP ] [main] >> Clicking: #login-button
[2026-06-04 08:24:37.358] [INFO ] [main] [PASSED] testAllUserTypes
[2026-06-04 08:24:37.358] [INFO ] [main] TEST END: testAllUserTypes => PASSED
[2026-06-04 08:24:37.359] [INFO ] [main] ----------------------------------------
[2026-06-04 08:24:37.363] [DEBUG] [main] Browser context closed
[2026-06-04 08:24:37.365] [INFO ] [main] ========================================
[2026-06-04 08:24:37.365] [INFO ] [main] TEST START: testAllUserTypes
[2026-06-04 08:24:37.365] [INFO ] [main] ========================================
[2026-06-04 08:24:37.452] [INFO ] [main] New browser context and page created
[2026-06-04 08:24:37.453] [STEP ] [main] >> Navigating to: https://www.saucedemo.com
[2026-06-04 08:24:38.028] [INFO ] [main] Login page loaded
[2026-06-04 08:24:38.029] [INFO ] [main] Logging in as: problem_user
[2026-06-04 08:24:38.029] [STEP ] [main] >> Typing 'problem_user' into #user-name
[2026-06-04 08:24:38.084] [STEP ] [main] >> Typing [MASKED] into #password
[2026-06-04 08:24:38.106] [STEP ] [main] >> Clicking: #login-button
[2026-06-04 08:24:38.232] [INFO ] [main] [PASSED] testAllUserTypes
[2026-06-04 08:24:38.233] [INFO ] [main] TEST END: testAllUserTypes => PASSED
[2026-06-04 08:24:38.233] [INFO ] [main] ----------------------------------------
[2026-06-04 08:24:38.243] [DEBUG] [main] Browser context closed
[2026-06-04 08:24:38.245] [INFO ] [main] ========================================
[2026-06-04 08:24:38.245] [INFO ] [main] TEST START: testAllUserTypes
[2026-06-04 08:24:38.245] [INFO ] [main] ========================================
[2026-06-04 08:24:38.354] [INFO ] [main] New browser context and page created
[2026-06-04 08:24:38.355] [STEP ] [main] >> Navigating to: https://www.saucedemo.com
[2026-06-04 08:24:38.938] [INFO ] [main] Login page loaded
[2026-06-04 08:24:38.939] [INFO ] [main] Logging in as: performance_glitch_user
[2026-06-04 08:24:38.939] [STEP ] [main] >> Typing 'performance_glitch_user' into #user-name
[2026-06-04 08:24:38.977] [STEP ] [main] >> Typing [MASKED] into #password
[2026-06-04 08:24:38.994] [STEP ] [main] >> Clicking: #login-button
[2026-06-04 08:24:44.103] [INFO ] [main] [PASSED] testAllUserTypes
[2026-06-04 08:24:44.104] [INFO ] [main] TEST END: testAllUserTypes => PASSED
[2026-06-04 08:24:44.105] [INFO ] [main] ----------------------------------------
[2026-06-04 08:24:44.113] [DEBUG] [main] Browser context closed
[2026-06-04 08:24:44.114] [INFO ] [main] ========================================
[2026-06-04 08:24:44.115] [INFO ] [main] TEST START: testAllUserTypes
[2026-06-04 08:24:44.116] [INFO ] [main] ========================================
[2026-06-04 08:24:44.200] [INFO ] [main] New browser context and page created
[2026-06-04 08:24:44.200] [STEP ] [main] >> Navigating to: https://www.saucedemo.com
[2026-06-04 08:24:44.743] [INFO ] [main] Login page loaded
[2026-06-04 08:24:44.743] [INFO ] [main] Logging in as: error_user
[2026-06-04 08:24:44.744] [STEP ] [main] >> Typing 'error_user' into #user-name
[2026-06-04 08:24:44.790] [STEP ] [main] >> Typing [MASKED] into #password
[2026-06-04 08:24:44.806] [STEP ] [main] >> Clicking: #login-button
[2026-06-04 08:24:44.901] [INFO ] [main] [PASSED] testAllUserTypes
[2026-06-04 08:24:44.902] [INFO ] [main] TEST END: testAllUserTypes => PASSED
[2026-06-04 08:24:44.902] [INFO ] [main] ----------------------------------------
[2026-06-04 08:24:44.907] [DEBUG] [main] Browser context closed
[2026-06-04 08:24:44.907] [INFO ] [main] ========================================
[2026-06-04 08:24:44.907] [INFO ] [main] TEST START: testAllUserTypes
[2026-06-04 08:24:44.907] [INFO ] [main] ========================================
[2026-06-04 08:24:44.986] [INFO ] [main] New browser context and page created
[2026-06-04 08:24:44.987] [STEP ] [main] >> Navigating to: https://www.saucedemo.com
[2026-06-04 08:24:45.587] [INFO ] [main] Login page loaded
[2026-06-04 08:24:45.588] [INFO ] [main] Logging in as: visual_user
[2026-06-04 08:24:45.589] [STEP ] [main] >> Typing 'visual_user' into #user-name
[2026-06-04 08:24:45.635] [STEP ] [main] >> Typing [MASKED] into #password
[2026-06-04 08:24:45.658] [STEP ] [main] >> Clicking: #login-button
[2026-06-04 08:24:45.776] [INFO ] [main] [PASSED] testAllUserTypes
[2026-06-04 08:24:45.777] [INFO ] [main] TEST END: testAllUserTypes => PASSED
[2026-06-04 08:24:45.778] [INFO ] [main] ----------------------------------------
[2026-06-04 08:24:45.787] [DEBUG] [main] Browser context closed
[2026-06-04 08:24:45.789] [INFO ] [main] ========================================
[2026-06-04 08:24:45.790] [INFO ] [main] TEST START: testInvalidLogin
[2026-06-04 08:24:45.790] [INFO ] [main] ========================================
[2026-06-04 08:24:45.871] [INFO ] [main] New browser context and page created
[2026-06-04 08:24:45.874] [STEP ] [main] >> Navigating to: https://www.saucedemo.com
[2026-06-04 08:24:46.468] [INFO ] [main] Login page loaded
[2026-06-04 08:24:46.468] [INFO ] [main] Attempting login with: locked_out_user (expecting error)
[2026-06-04 08:24:46.469] [STEP ] [main] >> Typing 'locked_out_user' into #user-name
[2026-06-04 08:24:46.505] [STEP ] [main] >> Typing [MASKED] into #password
[2026-06-04 08:24:46.519] [STEP ] [main] >> Clicking: #login-button
[2026-06-04 08:24:46.584] [INFO ] [main] [PASSED] testInvalidLogin
[2026-06-04 08:24:46.585] [INFO ] [main] TEST END: testInvalidLogin => PASSED
[2026-06-04 08:24:46.585] [INFO ] [main] ----------------------------------------
[2026-06-04 08:24:46.592] [DEBUG] [main] Browser context closed
[2026-06-04 08:24:46.593] [INFO ] [main] ========================================
[2026-06-04 08:24:46.593] [INFO ] [main] TEST START: testInvalidLogin
[2026-06-04 08:24:46.594] [INFO ] [main] ========================================
[2026-06-04 08:24:46.674] [INFO ] [main] New browser context and page created
[2026-06-04 08:24:46.675] [STEP ] [main] >> Navigating to: https://www.saucedemo.com
[2026-06-04 08:24:47.214] [INFO ] [main] Login page loaded
[2026-06-04 08:24:47.215] [INFO ] [main] Attempting login with: standard_user (expecting error)
[2026-06-04 08:24:47.215] [STEP ] [main] >> Typing 'standard_user' into #user-name
[2026-06-04 08:24:47.251] [STEP ] [main] >> Typing [MASKED] into #password
[2026-06-04 08:24:47.266] [STEP ] [main] >> Clicking: #login-button
[2026-06-04 08:24:47.327] [INFO ] [main] [PASSED] testInvalidLogin
[2026-06-04 08:24:47.328] [INFO ] [main] TEST END: testInvalidLogin => PASSED
[2026-06-04 08:24:47.329] [INFO ] [main] ----------------------------------------
[2026-06-04 08:24:47.336] [DEBUG] [main] Browser context closed
[2026-06-04 08:24:47.336] [INFO ] [main] ========================================
[2026-06-04 08:24:47.338] [INFO ] [main] TEST START: testInvalidLogin
[2026-06-04 08:24:47.338] [INFO ] [main] ========================================
[2026-06-04 08:24:47.423] [INFO ] [main] New browser context and page created
[2026-06-04 08:24:47.424] [STEP ] [main] >> Navigating to: https://www.saucedemo.com
[2026-06-04 08:24:47.999] [INFO ] [main] Login page loaded
[2026-06-04 08:24:48.000] [INFO ] [main] Attempting login with:  (expecting error)
[2026-06-04 08:24:48.000] [STEP ] [main] >> Typing '' into #user-name
[2026-06-04 08:24:48.037] [STEP ] [main] >> Typing [MASKED] into #password
[2026-06-04 08:24:48.058] [STEP ] [main] >> Clicking: #login-button
[2026-06-04 08:24:48.126] [INFO ] [main] [PASSED] testInvalidLogin
[2026-06-04 08:24:48.127] [INFO ] [main] TEST END: testInvalidLogin => PASSED
[2026-06-04 08:24:48.127] [INFO ] [main] ----------------------------------------
[2026-06-04 08:24:48.136] [DEBUG] [main] Browser context closed
[2026-06-04 08:24:48.137] [INFO ] [main] ========================================
[2026-06-04 08:24:48.138] [INFO ] [main] TEST START: testInvalidLogin
[2026-06-04 08:24:48.138] [INFO ] [main] ========================================
[2026-06-04 08:24:48.228] [INFO ] [main] New browser context and page created
[2026-06-04 08:24:48.229] [STEP ] [main] >> Navigating to: https://www.saucedemo.com
[2026-06-04 08:24:48.768] [INFO ] [main] Login page loaded
[2026-06-04 08:24:48.768] [INFO ] [main] Attempting login with: standard_user (expecting error)
[2026-06-04 08:24:48.769] [STEP ] [main] >> Typing 'standard_user' into #user-name
[2026-06-04 08:24:48.807] [STEP ] [main] >> Typing [MASKED] into #password
[2026-06-04 08:24:48.825] [STEP ] [main] >> Clicking: #login-button
[2026-06-04 08:24:48.892] [INFO ] [main] [PASSED] testInvalidLogin
[2026-06-04 08:24:48.893] [INFO ] [main] TEST END: testInvalidLogin => PASSED
[2026-06-04 08:24:48.893] [INFO ] [main] ----------------------------------------
[2026-06-04 08:24:48.898] [DEBUG] [main] Browser context closed
[2026-06-04 08:24:48.900] [INFO ] [main] ========================================
[2026-06-04 08:24:48.900] [INFO ] [main] TEST START: testInvalidLogin
[2026-06-04 08:24:48.900] [INFO ] [main] ========================================
[2026-06-04 08:24:48.995] [INFO ] [main] New browser context and page created
[2026-06-04 08:24:48.996] [STEP ] [main] >> Navigating to: https://www.saucedemo.com
[2026-06-04 08:24:49.567] [INFO ] [main] Login page loaded
[2026-06-04 08:24:49.568] [INFO ] [main] Attempting login with:  (expecting error)
[2026-06-04 08:24:49.568] [STEP ] [main] >> Typing '' into #user-name
[2026-06-04 08:24:49.611] [STEP ] [main] >> Typing [MASKED] into #password
[2026-06-04 08:24:49.628] [STEP ] [main] >> Clicking: #login-button
[2026-06-04 08:24:49.692] [INFO ] [main] [PASSED] testInvalidLogin
[2026-06-04 08:24:49.693] [INFO ] [main] TEST END: testInvalidLogin => PASSED
[2026-06-04 08:24:49.693] [INFO ] [main] ----------------------------------------
[2026-06-04 08:24:49.697] [DEBUG] [main] Browser context closed
[2026-06-04 08:24:49.699] [INFO ] [main] ========================================
[2026-06-04 08:24:49.699] [INFO ] [main] TEST START: testInvalidLogin
[2026-06-04 08:24:49.699] [INFO ] [main] ========================================
[2026-06-04 08:24:49.783] [INFO ] [main] New browser context and page created
[2026-06-04 08:24:49.783] [STEP ] [main] >> Navigating to: https://www.saucedemo.com
[2026-06-04 08:24:50.339] [INFO ] [main] Login page loaded
[2026-06-04 08:24:50.340] [INFO ] [main] Attempting login with: nonexistent_user (expecting error)
[2026-06-04 08:24:50.340] [STEP ] [main] >> Typing 'nonexistent_user' into #user-name
[2026-06-04 08:24:50.376] [STEP ] [main] >> Typing [MASKED] into #password
[2026-06-04 08:24:50.391] [STEP ] [main] >> Clicking: #login-button
[2026-06-04 08:24:50.468] [INFO ] [main] [PASSED] testInvalidLogin
[2026-06-04 08:24:50.470] [INFO ] [main] TEST END: testInvalidLogin => PASSED
[2026-06-04 08:24:50.470] [INFO ] [main] ----------------------------------------
[2026-06-04 08:24:50.475] [DEBUG] [main] Browser context closed
[2026-06-04 08:24:50.476] [INFO ] [main] ========================================
[2026-06-04 08:24:50.478] [INFO ] [main] TEST START: testLockedOutUser
[2026-06-04 08:24:50.478] [INFO ] [main] ========================================
[2026-06-04 08:24:50.561] [INFO ] [main] New browser context and page created
[2026-06-04 08:24:50.562] [STEP ] [main] >> Navigating to: https://www.saucedemo.com
[2026-06-04 08:24:51.134] [INFO ] [main] Login page loaded
[2026-06-04 08:24:51.135] [INFO ] [main] Attempting login with: locked_out_user (expecting error)
[2026-06-04 08:24:51.135] [STEP ] [main] >> Typing 'locked_out_user' into #user-name
[2026-06-04 08:24:51.172] [STEP ] [main] >> Typing [MASKED] into #password
[2026-06-04 08:24:51.188] [STEP ] [main] >> Clicking: #login-button
[2026-06-04 08:24:51.268] [INFO ] [main] [PASSED] testLockedOutUser
[2026-06-04 08:24:51.268] [INFO ] [main] TEST END: testLockedOutUser => PASSED
[2026-06-04 08:24:51.269] [INFO ] [main] ----------------------------------------
[2026-06-04 08:24:51.274] [DEBUG] [main] Browser context closed
[2026-06-04 08:24:51.276] [INFO ] [main] ========================================
[2026-06-04 08:24:51.277] [INFO ] [main] TEST START: testCloseErrorMessage
[2026-06-04 08:24:51.277] [INFO ] [main] ========================================
[2026-06-04 08:24:51.364] [INFO ] [main] New browser context and page created
[2026-06-04 08:24:51.365] [STEP ] [main] >> Navigating to: https://www.saucedemo.com
[2026-06-04 08:24:51.948] [INFO ] [main] Login page loaded
[2026-06-04 08:24:51.949] [INFO ] [main] Attempting login with:  (expecting error)
[2026-06-04 08:24:51.949] [STEP ] [main] >> Typing '' into #user-name
[2026-06-04 08:24:51.986] [STEP ] [main] >> Typing [MASKED] into #password
[2026-06-04 08:24:52.003] [STEP ] [main] >> Clicking: #login-button
[2026-06-04 08:24:52.071] [STEP ] [main] >> Clicking: .error-button
[2026-06-04 08:24:52.107] [INFO ] [main] [PASSED] testCloseErrorMessage
[2026-06-04 08:24:52.109] [INFO ] [main] TEST END: testCloseErrorMessage => PASSED
[2026-06-04 08:24:52.109] [INFO ] [main] ----------------------------------------
[2026-06-04 08:24:52.114] [DEBUG] [main] Browser context closed
[2026-06-04 08:24:52.116] [INFO ] [main] ========================================
[2026-06-04 08:24:52.116] [INFO ] [main] TEST START: testLogout
[2026-06-04 08:24:52.117] [INFO ] [main] ========================================
[2026-06-04 08:24:52.197] [INFO ] [main] New browser context and page created
[2026-06-04 08:24:52.198] [STEP ] [main] >> Navigating to: https://www.saucedemo.com
[2026-06-04 08:24:52.811] [INFO ] [main] Login page loaded
[2026-06-04 08:24:52.811] [INFO ] [main] Logging in as: standard_user
[2026-06-04 08:24:52.811] [STEP ] [main] >> Typing 'standard_user' into #user-name
[2026-06-04 08:24:52.859] [STEP ] [main] >> Typing [MASKED] into #password
[2026-06-04 08:24:52.884] [STEP ] [main] >> Clicking: #login-button
[2026-06-04 08:24:52.995] [STEP ] [main] >> Logging out
[2026-06-04 08:24:52.995] [STEP ] [main] >> Clicking: #react-burger-menu-btn
[2026-06-04 08:24:53.073] [STEP ] [main] >> Clicking: #logout_sidebar_link
[2026-06-04 08:24:53.992] [INFO ] [main] [PASSED] testLogout
[2026-06-04 08:24:53.993] [INFO ] [main] TEST END: testLogout => PASSED
[2026-06-04 08:24:53.993] [INFO ] [main] ----------------------------------------
[2026-06-04 08:24:53.999] [DEBUG] [main] Browser context closed
[2026-06-04 08:24:54.063] [INFO ] [main] Browser closed
[2026-06-04 08:24:54.063] [INFO ] [main] 
[2026-06-04 08:24:54.064] [INFO ] [main] ==========================================
[2026-06-04 08:24:54.064] [INFO ] [main]          FINAL TEST RESULTS               
[2026-06-04 08:24:54.064] [INFO ] [main] ==========================================
[2026-06-04 08:24:54.064] [INFO ] [main]   Passed  : 16
[2026-06-04 08:24:54.065] [INFO ] [main]   Failed  : 0
[2026-06-04 08:24:54.065] [INFO ] [main]   Skipped : 0
[2026-06-04 08:24:54.065] [INFO ] [main]   Total   : 16
[2026-06-04 08:24:54.067] [INFO ] [main]   Pass Rate: 100.0%
[2026-06-04 08:24:54.068] [INFO ] [main] ==========================================
[2026-06-04 08:24:54.091] [INFO ] [main] Test Suite starting: Products Tests
[2026-06-04 08:24:54.092] [INFO ] [main] Launching browser: chromium | headless: true | slowMotion: 0ms
[2026-06-04 08:24:54.222] [INFO ] [main] chromium browser launched
[2026-06-04 08:24:54.224] [INFO ] [main] ========================================
[2026-06-04 08:24:54.225] [INFO ] [main] TEST START: testProductsPageLoads
[2026-06-04 08:24:54.225] [INFO ] [main] ========================================
[2026-06-04 08:24:54.338] [INFO ] [main] New browser context and page created
[2026-06-04 08:24:54.339] [STEP ] [main] >> Navigating to: https://www.saucedemo.com
[2026-06-04 08:24:54.901] [INFO ] [main] Login page loaded
[2026-06-04 08:24:54.901] [INFO ] [main] Logging in as: standard_user
[2026-06-04 08:24:54.902] [STEP ] [main] >> Typing 'standard_user' into #user-name
[2026-06-04 08:24:54.941] [STEP ] [main] >> Typing [MASKED] into #password
[2026-06-04 08:24:54.957] [STEP ] [main] >> Clicking: #login-button
[2026-06-04 08:24:55.067] [INFO ] [main] [PASSED] testProductsPageLoads
[2026-06-04 08:24:55.069] [INFO ] [main] TEST END: testProductsPageLoads => PASSED
[2026-06-04 08:24:55.069] [INFO ] [main] ----------------------------------------
[2026-06-04 08:24:55.077] [DEBUG] [main] Browser context closed
[2026-06-04 08:24:55.080] [INFO ] [main] ========================================
[2026-06-04 08:24:55.081] [INFO ] [main] TEST START: testProductCount
[2026-06-04 08:24:55.081] [INFO ] [main] ========================================
[2026-06-04 08:24:55.158] [INFO ] [main] New browser context and page created
[2026-06-04 08:24:55.160] [STEP ] [main] >> Navigating to: https://www.saucedemo.com
[2026-06-04 08:24:55.774] [INFO ] [main] Login page loaded
[2026-06-04 08:24:55.775] [INFO ] [main] Logging in as: standard_user
[2026-06-04 08:24:55.775] [STEP ] [main] >> Typing 'standard_user' into #user-name
[2026-06-04 08:24:55.819] [STEP ] [main] >> Typing [MASKED] into #password
[2026-06-04 08:24:55.843] [STEP ] [main] >> Clicking: #login-button
[2026-06-04 08:24:55.935] [INFO ] [main] [PASSED] testProductCount
[2026-06-04 08:24:55.937] [INFO ] [main] TEST END: testProductCount => PASSED
[2026-06-04 08:24:55.937] [INFO ] [main] ----------------------------------------
[2026-06-04 08:24:55.946] [DEBUG] [main] Browser context closed
[2026-06-04 08:24:55.949] [INFO ] [main] ========================================
[2026-06-04 08:24:55.949] [INFO ] [main] TEST START: testProductNamesDisplayed
[2026-06-04 08:24:55.950] [INFO ] [main] ========================================
[2026-06-04 08:24:56.041] [INFO ] [main] New browser context and page created
[2026-06-04 08:24:56.043] [STEP ] [main] >> Navigating to: https://www.saucedemo.com
[2026-06-04 08:24:56.601] [INFO ] [main] Login page loaded
[2026-06-04 08:24:56.601] [INFO ] [main] Logging in as: standard_user
[2026-06-04 08:24:56.602] [STEP ] [main] >> Typing 'standard_user' into #user-name
[2026-06-04 08:24:56.642] [STEP ] [main] >> Typing [MASKED] into #password
[2026-06-04 08:24:56.659] [STEP ] [main] >> Clicking: #login-button
[2026-06-04 08:24:56.750] [INFO ] [main] [PASSED] testProductNamesDisplayed
[2026-06-04 08:24:56.751] [INFO ] [main] TEST END: testProductNamesDisplayed => PASSED
[2026-06-04 08:24:56.752] [INFO ] [main] ----------------------------------------
[2026-06-04 08:24:56.757] [DEBUG] [main] Browser context closed
[2026-06-04 08:24:56.757] [INFO ] [main] ========================================
[2026-06-04 08:24:56.760] [INFO ] [main] TEST START: testProductPricesValid
[2026-06-04 08:24:56.760] [INFO ] [main] ========================================
[2026-06-04 08:24:56.841] [INFO ] [main] New browser context and page created
[2026-06-04 08:24:56.842] [STEP ] [main] >> Navigating to: https://www.saucedemo.com
[2026-06-04 08:24:57.424] [INFO ] [main] Login page loaded
[2026-06-04 08:24:57.424] [INFO ] [main] Logging in as: standard_user
[2026-06-04 08:24:57.424] [STEP ] [main] >> Typing 'standard_user' into #user-name
[2026-06-04 08:24:57.465] [STEP ] [main] >> Typing [MASKED] into #password
[2026-06-04 08:24:57.485] [STEP ] [main] >> Clicking: #login-button
[2026-06-04 08:24:57.594] [INFO ] [main] [PASSED] testProductPricesValid
[2026-06-04 08:24:57.596] [INFO ] [main] TEST END: testProductPricesValid => PASSED
[2026-06-04 08:24:57.596] [INFO ] [main] ----------------------------------------
[2026-06-04 08:24:57.602] [DEBUG] [main] Browser context closed
[2026-06-04 08:24:57.603] [INFO ] [main] ========================================
[2026-06-04 08:24:57.603] [INFO ] [main] TEST START: testSortByNameAZ
[2026-06-04 08:24:57.604] [INFO ] [main] ========================================
[2026-06-04 08:24:57.687] [INFO ] [main] New browser context and page created
[2026-06-04 08:24:57.687] [STEP ] [main] >> Navigating to: https://www.saucedemo.com
[2026-06-04 08:24:58.250] [INFO ] [main] Login page loaded
[2026-06-04 08:24:58.251] [INFO ] [main] Logging in as: standard_user
[2026-06-04 08:24:58.251] [STEP ] [main] >> Typing 'standard_user' into #user-name
[2026-06-04 08:24:58.289] [STEP ] [main] >> Typing [MASKED] into #password
[2026-06-04 08:24:58.303] [STEP ] [main] >> Clicking: #login-button
[2026-06-04 08:24:58.427] [STEP ] [main] >> Sorting: Name (A to Z)
[2026-06-04 08:24:58.429] [STEP ] [main] >> Selecting value 'az' from [data-test='product-sort-container']
[2026-06-04 08:24:58.498] [INFO ] [main] [PASSED] testSortByNameAZ
[2026-06-04 08:24:58.499] [INFO ] [main] TEST END: testSortByNameAZ => PASSED
[2026-06-04 08:24:58.500] [INFO ] [main] ----------------------------------------
[2026-06-04 08:24:58.510] [DEBUG] [main] Browser context closed
[2026-06-04 08:24:58.512] [INFO ] [main] ========================================
[2026-06-04 08:24:58.512] [INFO ] [main] TEST START: testSortByNameZA
[2026-06-04 08:24:58.513] [INFO ] [main] ========================================
[2026-06-04 08:24:58.601] [INFO ] [main] New browser context and page created
[2026-06-04 08:24:58.603] [STEP ] [main] >> Navigating to: https://www.saucedemo.com
[2026-06-04 08:24:59.194] [INFO ] [main] Login page loaded
[2026-06-04 08:24:59.195] [INFO ] [main] Logging in as: standard_user
[2026-06-04 08:24:59.195] [STEP ] [main] >> Typing 'standard_user' into #user-name
[2026-06-04 08:24:59.236] [STEP ] [main] >> Typing [MASKED] into #password
[2026-06-04 08:24:59.254] [STEP ] [main] >> Clicking: #login-button
[2026-06-04 08:24:59.346] [STEP ] [main] >> Sorting: Name (Z to A)
[2026-06-04 08:24:59.346] [STEP ] [main] >> Selecting value 'za' from [data-test='product-sort-container']
[2026-06-04 08:24:59.390] [INFO ] [main] [PASSED] testSortByNameZA
[2026-06-04 08:24:59.391] [INFO ] [main] TEST END: testSortByNameZA => PASSED
[2026-06-04 08:24:59.391] [INFO ] [main] ----------------------------------------
[2026-06-04 08:24:59.400] [DEBUG] [main] Browser context closed
[2026-06-04 08:24:59.401] [INFO ] [main] ========================================
[2026-06-04 08:24:59.402] [INFO ] [main] TEST START: testSortByPriceLowToHigh
[2026-06-04 08:24:59.402] [INFO ] [main] ========================================
[2026-06-04 08:24:59.489] [INFO ] [main] New browser context and page created
[2026-06-04 08:24:59.490] [STEP ] [main] >> Navigating to: https://www.saucedemo.com
[2026-06-04 08:25:00.097] [INFO ] [main] Login page loaded
[2026-06-04 08:25:00.097] [INFO ] [main] Logging in as: standard_user
[2026-06-04 08:25:00.098] [STEP ] [main] >> Typing 'standard_user' into #user-name
[2026-06-04 08:25:00.222] [STEP ] [main] >> Typing [MASKED] into #password
[2026-06-04 08:25:00.243] [STEP ] [main] >> Clicking: #login-button
[2026-06-04 08:25:00.328] [STEP ] [main] >> Sorting: Price (Low to High)
[2026-06-04 08:25:00.329] [STEP ] [main] >> Selecting value 'lohi' from [data-test='product-sort-container']
[2026-06-04 08:25:00.345] [INFO ] [main] [PASSED] testSortByPriceLowToHigh
[2026-06-04 08:25:00.347] [INFO ] [main] TEST END: testSortByPriceLowToHigh => PASSED
[2026-06-04 08:25:00.348] [INFO ] [main] ----------------------------------------
[2026-06-04 08:25:00.354] [DEBUG] [main] Browser context closed
[2026-06-04 08:25:00.356] [INFO ] [main] ========================================
[2026-06-04 08:25:00.357] [INFO ] [main] TEST START: testSortByPriceHighToLow
[2026-06-04 08:25:00.357] [INFO ] [main] ========================================
[2026-06-04 08:25:00.435] [INFO ] [main] New browser context and page created
[2026-06-04 08:25:00.436] [STEP ] [main] >> Navigating to: https://www.saucedemo.com
[2026-06-04 08:25:01.096] [INFO ] [main] Login page loaded
[2026-06-04 08:25:01.096] [INFO ] [main] Logging in as: standard_user
[2026-06-04 08:25:01.097] [STEP ] [main] >> Typing 'standard_user' into #user-name
[2026-06-04 08:25:01.137] [STEP ] [main] >> Typing [MASKED] into #password
[2026-06-04 08:25:01.154] [STEP ] [main] >> Clicking: #login-button
[2026-06-04 08:25:01.220] [STEP ] [main] >> Sorting: Price (High to Low)
[2026-06-04 08:25:01.220] [STEP ] [main] >> Selecting value 'hilo' from [data-test='product-sort-container']
[2026-06-04 08:25:01.240] [INFO ] [main] [PASSED] testSortByPriceHighToLow
[2026-06-04 08:25:01.241] [INFO ] [main] TEST END: testSortByPriceHighToLow => PASSED
[2026-06-04 08:25:01.241] [INFO ] [main] ----------------------------------------
[2026-06-04 08:25:01.246] [DEBUG] [main] Browser context closed
[2026-06-04 08:25:01.248] [INFO ] [main] ========================================
[2026-06-04 08:25:01.248] [INFO ] [main] TEST START: testAddSingleItemToCart
[2026-06-04 08:25:01.248] [INFO ] [main] ========================================
[2026-06-04 08:25:01.354] [INFO ] [main] New browser context and page created
[2026-06-04 08:25:01.355] [STEP ] [main] >> Navigating to: https://www.saucedemo.com
[2026-06-04 08:25:01.940] [INFO ] [main] Login page loaded
[2026-06-04 08:25:01.940] [INFO ] [main] Logging in as: standard_user
[2026-06-04 08:25:01.940] [STEP ] [main] >> Typing 'standard_user' into #user-name
[2026-06-04 08:25:01.982] [STEP ] [main] >> Typing [MASKED] into #password
[2026-06-04 08:25:02.001] [STEP ] [main] >> Clicking: #login-button
[2026-06-04 08:25:02.103] [STEP ] [main] >> Adding to cart: sauce-labs-backpack
[2026-06-04 08:25:02.103] [STEP ] [main] >> Clicking: [data-test='add-to-cart-sauce-labs-backpack']
[2026-06-04 08:25:02.171] [INFO ] [main] [PASSED] testAddSingleItemToCart
[2026-06-04 08:25:02.173] [INFO ] [main] TEST END: testAddSingleItemToCart => PASSED
[2026-06-04 08:25:02.173] [INFO ] [main] ----------------------------------------
[2026-06-04 08:25:02.179] [DEBUG] [main] Browser context closed
[2026-06-04 08:25:02.181] [INFO ] [main] ========================================
[2026-06-04 08:25:02.181] [INFO ] [main] TEST START: testAddMultipleItemsToCart
[2026-06-04 08:25:02.182] [INFO ] [main] ========================================
[2026-06-04 08:25:02.282] [INFO ] [main] New browser context and page created
[2026-06-04 08:25:02.284] [STEP ] [main] >> Navigating to: https://www.saucedemo.com
[2026-06-04 08:25:02.872] [INFO ] [main] Login page loaded
[2026-06-04 08:25:02.872] [INFO ] [main] Logging in as: standard_user
[2026-06-04 08:25:02.873] [STEP ] [main] >> Typing 'standard_user' into #user-name
[2026-06-04 08:25:02.925] [STEP ] [main] >> Typing [MASKED] into #password
[2026-06-04 08:25:02.951] [STEP ] [main] >> Clicking: #login-button
[2026-06-04 08:25:03.035] [STEP ] [main] >> Adding to cart: sauce-labs-backpack
[2026-06-04 08:25:03.036] [STEP ] [main] >> Clicking: [data-test='add-to-cart-sauce-labs-backpack']
[2026-06-04 08:25:03.089] [STEP ] [main] >> Adding to cart: sauce-labs-bike-light
[2026-06-04 08:25:03.089] [STEP ] [main] >> Clicking: [data-test='add-to-cart-sauce-labs-bike-light']
[2026-06-04 08:25:03.140] [STEP ] [main] >> Adding to cart: sauce-labs-bolt-t-shirt
[2026-06-04 08:25:03.141] [STEP ] [main] >> Clicking: [data-test='add-to-cart-sauce-labs-bolt-t-shirt']
[2026-06-04 08:25:03.216] [INFO ] [main] [PASSED] testAddMultipleItemsToCart
[2026-06-04 08:25:03.217] [INFO ] [main] TEST END: testAddMultipleItemsToCart => PASSED
[2026-06-04 08:25:03.217] [INFO ] [main] ----------------------------------------
[2026-06-04 08:25:03.223] [DEBUG] [main] Browser context closed
[2026-06-04 08:25:03.225] [INFO ] [main] ========================================
[2026-06-04 08:25:03.227] [INFO ] [main] TEST START: testAddAllItemsToCart
[2026-06-04 08:25:03.227] [INFO ] [main] ========================================
[2026-06-04 08:25:03.302] [INFO ] [main] New browser context and page created
[2026-06-04 08:25:03.303] [STEP ] [main] >> Navigating to: https://www.saucedemo.com
[2026-06-04 08:25:03.875] [INFO ] [main] Login page loaded
[2026-06-04 08:25:03.876] [INFO ] [main] Logging in as: standard_user
[2026-06-04 08:25:03.876] [STEP ] [main] >> Typing 'standard_user' into #user-name
[2026-06-04 08:25:03.917] [STEP ] [main] >> Typing [MASKED] into #password
[2026-06-04 08:25:03.935] [STEP ] [main] >> Clicking: #login-button
[2026-06-04 08:25:04.040] [STEP ] [main] >> Adding to cart: sauce-labs-backpack
[2026-06-04 08:25:04.041] [STEP ] [main] >> Clicking: [data-test='add-to-cart-sauce-labs-backpack']
[2026-06-04 08:25:04.095] [STEP ] [main] >> Adding to cart: sauce-labs-bike-light
[2026-06-04 08:25:04.095] [STEP ] [main] >> Clicking: [data-test='add-to-cart-sauce-labs-bike-light']
[2026-06-04 08:25:04.137] [STEP ] [main] >> Adding to cart: sauce-labs-bolt-t-shirt
[2026-06-04 08:25:04.138] [STEP ] [main] >> Clicking: [data-test='add-to-cart-sauce-labs-bolt-t-shirt']
[2026-06-04 08:25:04.171] [STEP ] [main] >> Adding to cart: sauce-labs-fleece-jacket
[2026-06-04 08:25:04.172] [STEP ] [main] >> Clicking: [data-test='add-to-cart-sauce-labs-fleece-jacket']
[2026-06-04 08:25:04.222] [STEP ] [main] >> Adding to cart: sauce-labs-onesie
[2026-06-04 08:25:04.222] [STEP ] [main] >> Clicking: [data-test='add-to-cart-sauce-labs-onesie']
[2026-06-04 08:25:04.273] [STEP ] [main] >> Adding to cart: test.allthethings()-t-shirt-(red)
[2026-06-04 08:25:04.273] [STEP ] [main] >> Clicking: [data-test='add-to-cart-test.allthethings()-t-shirt-(red)']
[2026-06-04 08:25:04.335] [INFO ] [main] [PASSED] testAddAllItemsToCart
[2026-06-04 08:25:04.336] [INFO ] [main] TEST END: testAddAllItemsToCart => PASSED
[2026-06-04 08:25:04.336] [INFO ] [main] ----------------------------------------
[2026-06-04 08:25:04.341] [DEBUG] [main] Browser context closed
[2026-06-04 08:25:04.343] [INFO ] [main] ========================================
[2026-06-04 08:25:04.343] [INFO ] [main] TEST START: testRemoveItemFromProductsPage
[2026-06-04 08:25:04.344] [INFO ] [main] ========================================
[2026-06-04 08:25:04.458] [INFO ] [main] New browser context and page created
[2026-06-04 08:25:04.459] [STEP ] [main] >> Navigating to: https://www.saucedemo.com
[2026-06-04 08:25:05.038] [INFO ] [main] Login page loaded
[2026-06-04 08:25:05.038] [INFO ] [main] Logging in as: standard_user
[2026-06-04 08:25:05.039] [STEP ] [main] >> Typing 'standard_user' into #user-name
[2026-06-04 08:25:05.074] [STEP ] [main] >> Typing [MASKED] into #password
[2026-06-04 08:25:05.090] [STEP ] [main] >> Clicking: #login-button
[2026-06-04 08:25:05.180] [STEP ] [main] >> Adding to cart: sauce-labs-backpack
[2026-06-04 08:25:05.180] [STEP ] [main] >> Clicking: [data-test='add-to-cart-sauce-labs-backpack']
[2026-06-04 08:25:05.242] [STEP ] [main] >> Removing from cart: sauce-labs-backpack
[2026-06-04 08:25:05.243] [STEP ] [main] >> Clicking: [data-test='remove-sauce-labs-backpack']
[2026-06-04 08:25:05.272] [INFO ] [main] [PASSED] testRemoveItemFromProductsPage
[2026-06-04 08:25:05.273] [INFO ] [main] TEST END: testRemoveItemFromProductsPage => PASSED
[2026-06-04 08:25:05.273] [INFO ] [main] ----------------------------------------
[2026-06-04 08:25:05.277] [DEBUG] [main] Browser context closed
[2026-06-04 08:25:05.280] [INFO ] [main] ========================================
[2026-06-04 08:25:05.280] [INFO ] [main] TEST START: testAddAndRemoveMultiple
[2026-06-04 08:25:05.280] [INFO ] [main] ========================================
[2026-06-04 08:25:05.390] [INFO ] [main] New browser context and page created
[2026-06-04 08:25:05.390] [STEP ] [main] >> Navigating to: https://www.saucedemo.com
[2026-06-04 08:25:06.000] [INFO ] [main] Login page loaded
[2026-06-04 08:25:06.001] [INFO ] [main] Logging in as: standard_user
[2026-06-04 08:25:06.001] [STEP ] [main] >> Typing 'standard_user' into #user-name
[2026-06-04 08:25:06.051] [STEP ] [main] >> Typing [MASKED] into #password
[2026-06-04 08:25:06.075] [STEP ] [main] >> Clicking: #login-button
[2026-06-04 08:25:06.160] [STEP ] [main] >> Adding to cart: sauce-labs-backpack
[2026-06-04 08:25:06.161] [STEP ] [main] >> Clicking: [data-test='add-to-cart-sauce-labs-backpack']
[2026-06-04 08:25:06.220] [STEP ] [main] >> Adding to cart: sauce-labs-bike-light
[2026-06-04 08:25:06.220] [STEP ] [main] >> Clicking: [data-test='add-to-cart-sauce-labs-bike-light']
[2026-06-04 08:25:06.265] [STEP ] [main] >> Removing from cart: sauce-labs-backpack
[2026-06-04 08:25:06.266] [STEP ] [main] >> Clicking: [data-test='remove-sauce-labs-backpack']
[2026-06-04 08:25:06.317] [INFO ] [main] [PASSED] testAddAndRemoveMultiple
[2026-06-04 08:25:06.318] [INFO ] [main] TEST END: testAddAndRemoveMultiple => PASSED
[2026-06-04 08:25:06.319] [INFO ] [main] ----------------------------------------
[2026-06-04 08:25:06.324] [DEBUG] [main] Browser context closed
[2026-06-04 08:25:06.471] [INFO ] [main] Browser closed
[2026-06-04 08:25:06.471] [INFO ] [main] 
[2026-06-04 08:25:06.472] [INFO ] [main] ==========================================
[2026-06-04 08:25:06.472] [INFO ] [main]          FINAL TEST RESULTS               
[2026-06-04 08:25:06.472] [INFO ] [main] ==========================================
[2026-06-04 08:25:06.472] [INFO ] [main]   Passed  : 29
[2026-06-04 08:25:06.473] [INFO ] [main]   Failed  : 0
[2026-06-04 08:25:06.473] [INFO ] [main]   Skipped : 0
[2026-06-04 08:25:06.473] [INFO ] [main]   Total   : 29
[2026-06-04 08:25:06.474] [INFO ] [main]   Pass Rate: 100.0%
[2026-06-04 08:25:06.474] [INFO ] [main] ==========================================
[2026-06-04 08:25:06.479] [INFO ] [main] Test Suite starting: Cart Tests
[2026-06-04 08:25:06.480] [INFO ] [main] Launching browser: chromium | headless: true | slowMotion: 0ms
[2026-06-04 08:25:06.623] [INFO ] [main] chromium browser launched
[2026-06-04 08:25:06.625] [INFO ] [main] ========================================
[2026-06-04 08:25:06.625] [INFO ] [main] TEST START: testEmptyCartPage
[2026-06-04 08:25:06.625] [INFO ] [main] ========================================
[2026-06-04 08:25:06.740] [INFO ] [main] New browser context and page created
[2026-06-04 08:25:06.740] [STEP ] [main] >> Navigating to: https://www.saucedemo.com
[2026-06-04 08:25:07.350] [INFO ] [main] Login page loaded
[2026-06-04 08:25:07.350] [INFO ] [main] Logging in as: standard_user
[2026-06-04 08:25:07.351] [STEP ] [main] >> Typing 'standard_user' into #user-name
[2026-06-04 08:25:07.394] [STEP ] [main] >> Typing [MASKED] into #password
[2026-06-04 08:25:07.414] [STEP ] [main] >> Clicking: #login-button
[2026-06-04 08:25:07.491] [STEP ] [main] >> Navigating to cart
[2026-06-04 08:25:07.491] [STEP ] [main] >> Clicking: .shopping_cart_link
[2026-06-04 08:25:07.567] [INFO ] [main] [PASSED] testEmptyCartPage
[2026-06-04 08:25:07.568] [INFO ] [main] TEST END: testEmptyCartPage => PASSED
[2026-06-04 08:25:07.568] [INFO ] [main] ----------------------------------------
[2026-06-04 08:25:07.576] [DEBUG] [main] Browser context closed
[2026-06-04 08:25:07.578] [INFO ] [main] ========================================
[2026-06-04 08:25:07.578] [INFO ] [main] TEST START: testSingleItemInCart
[2026-06-04 08:25:07.579] [INFO ] [main] ========================================
[2026-06-04 08:25:07.665] [INFO ] [main] New browser context and page created
[2026-06-04 08:25:07.667] [STEP ] [main] >> Navigating to: https://www.saucedemo.com
[2026-06-04 08:25:08.248] [INFO ] [main] Login page loaded
[2026-06-04 08:25:08.249] [INFO ] [main] Logging in as: standard_user
[2026-06-04 08:25:08.250] [STEP ] [main] >> Typing 'standard_user' into #user-name
[2026-06-04 08:25:08.292] [STEP ] [main] >> Typing [MASKED] into #password
[2026-06-04 08:25:08.311] [STEP ] [main] >> Clicking: #login-button
[2026-06-04 08:25:08.396] [STEP ] [main] >> Adding to cart: sauce-labs-backpack
[2026-06-04 08:25:08.396] [STEP ] [main] >> Clicking: [data-test='add-to-cart-sauce-labs-backpack']
[2026-06-04 08:25:08.443] [STEP ] [main] >> Navigating to cart
[2026-06-04 08:25:08.443] [STEP ] [main] >> Clicking: .shopping_cart_link
[2026-06-04 08:25:08.509] [INFO ] [main] [PASSED] testSingleItemInCart
[2026-06-04 08:25:08.510] [INFO ] [main] TEST END: testSingleItemInCart => PASSED
[2026-06-04 08:25:08.510] [INFO ] [main] ----------------------------------------
[2026-06-04 08:25:08.516] [DEBUG] [main] Browser context closed
[2026-06-04 08:25:08.517] [INFO ] [main] ========================================
[2026-06-04 08:25:08.518] [INFO ] [main] TEST START: testMultipleItemsInCart
[2026-06-04 08:25:08.518] [INFO ] [main] ========================================
[2026-06-04 08:25:08.619] [INFO ] [main] New browser context and page created
[2026-06-04 08:25:08.620] [STEP ] [main] >> Navigating to: https://www.saucedemo.com
[2026-06-04 08:25:09.251] [INFO ] [main] Login page loaded
[2026-06-04 08:25:09.252] [INFO ] [main] Logging in as: standard_user
[2026-06-04 08:25:09.252] [STEP ] [main] >> Typing 'standard_user' into #user-name
[2026-06-04 08:25:09.293] [STEP ] [main] >> Typing [MASKED] into #password
[2026-06-04 08:25:09.308] [STEP ] [main] >> Clicking: #login-button
[2026-06-04 08:25:09.392] [STEP ] [main] >> Adding to cart: sauce-labs-backpack
[2026-06-04 08:25:09.392] [STEP ] [main] >> Clicking: [data-test='add-to-cart-sauce-labs-backpack']
[2026-06-04 08:25:09.450] [STEP ] [main] >> Adding to cart: sauce-labs-bike-light
[2026-06-04 08:25:09.450] [STEP ] [main] >> Clicking: [data-test='add-to-cart-sauce-labs-bike-light']
[2026-06-04 08:25:09.489] [STEP ] [main] >> Adding to cart: sauce-labs-fleece-jacket
[2026-06-04 08:25:09.490] [STEP ] [main] >> Clicking: [data-test='add-to-cart-sauce-labs-fleece-jacket']
[2026-06-04 08:25:09.538] [STEP ] [main] >> Navigating to cart
[2026-06-04 08:25:09.538] [STEP ] [main] >> Clicking: .shopping_cart_link
[2026-06-04 08:25:09.607] [INFO ] [main] [PASSED] testMultipleItemsInCart
[2026-06-04 08:25:09.608] [INFO ] [main] TEST END: testMultipleItemsInCart => PASSED
[2026-06-04 08:25:09.608] [INFO ] [main] ----------------------------------------
[2026-06-04 08:25:09.616] [DEBUG] [main] Browser context closed
[2026-06-04 08:25:09.617] [INFO ] [main] ========================================
[2026-06-04 08:25:09.617] [INFO ] [main] TEST START: testRemoveItemFromCart
[2026-06-04 08:25:09.617] [INFO ] [main] ========================================
[2026-06-04 08:25:09.730] [INFO ] [main] New browser context and page created
[2026-06-04 08:25:09.731] [STEP ] [main] >> Navigating to: https://www.saucedemo.com
[2026-06-04 08:25:10.338] [INFO ] [main] Login page loaded
[2026-06-04 08:25:10.339] [INFO ] [main] Logging in as: standard_user
[2026-06-04 08:25:10.339] [STEP ] [main] >> Typing 'standard_user' into #user-name
[2026-06-04 08:25:10.386] [STEP ] [main] >> Typing [MASKED] into #password
[2026-06-04 08:25:10.404] [STEP ] [main] >> Clicking: #login-button
[2026-06-04 08:25:10.493] [STEP ] [main] >> Adding to cart: sauce-labs-backpack
[2026-06-04 08:25:10.493] [STEP ] [main] >> Clicking: [data-test='add-to-cart-sauce-labs-backpack']
[2026-06-04 08:25:10.544] [STEP ] [main] >> Adding to cart: sauce-labs-bike-light
[2026-06-04 08:25:10.544] [STEP ] [main] >> Clicking: [data-test='add-to-cart-sauce-labs-bike-light']
[2026-06-04 08:25:10.587] [STEP ] [main] >> Navigating to cart
[2026-06-04 08:25:10.587] [STEP ] [main] >> Clicking: .shopping_cart_link
[2026-06-04 08:25:10.652] [STEP ] [main] >> Removing item from cart: sauce-labs-backpack
[2026-06-04 08:25:10.652] [STEP ] [main] >> Clicking: [data-test='remove-sauce-labs-backpack']
[2026-06-04 08:25:10.697] [INFO ] [main] [PASSED] testRemoveItemFromCart
[2026-06-04 08:25:10.698] [INFO ] [main] TEST END: testRemoveItemFromCart => PASSED
[2026-06-04 08:25:10.699] [INFO ] [main] ----------------------------------------
[2026-06-04 08:25:10.705] [DEBUG] [main] Browser context closed
[2026-06-04 08:25:10.707] [INFO ] [main] ========================================
[2026-06-04 08:25:10.707] [INFO ] [main] TEST START: testRemoveAllItemsFromCart
[2026-06-04 08:25:10.707] [INFO ] [main] ========================================
[2026-06-04 08:25:10.795] [INFO ] [main] New browser context and page created
[2026-06-04 08:25:10.796] [STEP ] [main] >> Navigating to: https://www.saucedemo.com
[2026-06-04 08:25:11.372] [INFO ] [main] Login page loaded
[2026-06-04 08:25:11.372] [INFO ] [main] Logging in as: standard_user
[2026-06-04 08:25:11.372] [STEP ] [main] >> Typing 'standard_user' into #user-name
[2026-06-04 08:25:11.415] [STEP ] [main] >> Typing [MASKED] into #password
[2026-06-04 08:25:11.434] [STEP ] [main] >> Clicking: #login-button
[2026-06-04 08:25:11.509] [STEP ] [main] >> Adding to cart: sauce-labs-backpack
[2026-06-04 08:25:11.509] [STEP ] [main] >> Clicking: [data-test='add-to-cart-sauce-labs-backpack']
[2026-06-04 08:25:11.559] [STEP ] [main] >> Adding to cart: sauce-labs-bike-light
[2026-06-04 08:25:11.559] [STEP ] [main] >> Clicking: [data-test='add-to-cart-sauce-labs-bike-light']
[2026-06-04 08:25:11.607] [STEP ] [main] >> Navigating to cart
[2026-06-04 08:25:11.607] [STEP ] [main] >> Clicking: .shopping_cart_link
[2026-06-04 08:25:11.663] [STEP ] [main] >> Removing item from cart: sauce-labs-backpack
[2026-06-04 08:25:11.663] [STEP ] [main] >> Clicking: [data-test='remove-sauce-labs-backpack']
[2026-06-04 08:25:11.704] [STEP ] [main] >> Removing item from cart: sauce-labs-bike-light
[2026-06-04 08:25:11.705] [STEP ] [main] >> Clicking: [data-test='remove-sauce-labs-bike-light']
[2026-06-04 08:25:11.756] [INFO ] [main] [PASSED] testRemoveAllItemsFromCart
[2026-06-04 08:25:11.757] [INFO ] [main] TEST END: testRemoveAllItemsFromCart => PASSED
[2026-06-04 08:25:11.758] [INFO ] [main] ----------------------------------------
[2026-06-04 08:25:11.763] [DEBUG] [main] Browser context closed
[2026-06-04 08:25:11.765] [INFO ] [main] ========================================
[2026-06-04 08:25:11.765] [INFO ] [main] TEST START: testContinueShopping
[2026-06-04 08:25:11.765] [INFO ] [main] ========================================
[2026-06-04 08:25:11.862] [INFO ] [main] New browser context and page created
[2026-06-04 08:25:11.863] [STEP ] [main] >> Navigating to: https://www.saucedemo.com
[2026-06-04 08:25:12.518] [INFO ] [main] Login page loaded
[2026-06-04 08:25:12.518] [INFO ] [main] Logging in as: standard_user
[2026-06-04 08:25:12.518] [STEP ] [main] >> Typing 'standard_user' into #user-name
[2026-06-04 08:25:12.579] [STEP ] [main] >> Typing [MASKED] into #password
[2026-06-04 08:25:12.610] [STEP ] [main] >> Clicking: #login-button
[2026-06-04 08:25:12.827] [STEP ] [main] >> Adding to cart: sauce-labs-backpack
[2026-06-04 08:25:12.827] [STEP ] [main] >> Clicking: [data-test='add-to-cart-sauce-labs-backpack']
[2026-06-04 08:25:12.922] [STEP ] [main] >> Navigating to cart
[2026-06-04 08:25:12.923] [STEP ] [main] >> Clicking: .shopping_cart_link
[2026-06-04 08:25:12.977] [STEP ] [main] >> Continuing shopping
[2026-06-04 08:25:12.977] [STEP ] [main] >> Clicking: [data-test='continue-shopping']
[2026-06-04 08:25:13.153] [INFO ] [main] [PASSED] testContinueShopping
[2026-06-04 08:25:13.154] [INFO ] [main] TEST END: testContinueShopping => PASSED
[2026-06-04 08:25:13.155] [INFO ] [main] ----------------------------------------
[2026-06-04 08:25:13.162] [DEBUG] [main] Browser context closed
[2026-06-04 08:25:13.164] [INFO ] [main] ========================================
[2026-06-04 08:25:13.165] [INFO ] [main] TEST START: testProceedToCheckout
[2026-06-04 08:25:13.165] [INFO ] [main] ========================================
[2026-06-04 08:25:13.504] [INFO ] [main] New browser context and page created
[2026-06-04 08:25:13.506] [STEP ] [main] >> Navigating to: https://www.saucedemo.com
[2026-06-04 08:25:14.388] [INFO ] [main] Login page loaded
[2026-06-04 08:25:14.388] [INFO ] [main] Logging in as: standard_user
[2026-06-04 08:25:14.388] [STEP ] [main] >> Typing 'standard_user' into #user-name
[2026-06-04 08:25:14.455] [STEP ] [main] >> Typing [MASKED] into #password
[2026-06-04 08:25:14.479] [STEP ] [main] >> Clicking: #login-button
[2026-06-04 08:25:14.593] [STEP ] [main] >> Adding to cart: sauce-labs-backpack
[2026-06-04 08:25:14.595] [STEP ] [main] >> Clicking: [data-test='add-to-cart-sauce-labs-backpack']
[2026-06-04 08:25:14.675] [STEP ] [main] >> Navigating to cart
[2026-06-04 08:25:14.677] [STEP ] [main] >> Clicking: .shopping_cart_link
[2026-06-04 08:25:14.726] [STEP ] [main] >> Proceeding to checkout
[2026-06-04 08:25:14.726] [STEP ] [main] >> Clicking: [data-test='checkout']
[2026-06-04 08:25:14.793] [INFO ] [main] [PASSED] testProceedToCheckout
[2026-06-04 08:25:14.794] [INFO ] [main] TEST END: testProceedToCheckout => PASSED
[2026-06-04 08:25:14.794] [INFO ] [main] ----------------------------------------
[2026-06-04 08:25:14.801] [DEBUG] [main] Browser context closed
[2026-06-04 08:25:14.865] [INFO ] [main] Browser closed
[2026-06-04 08:25:14.878] [INFO ] [main] 
[2026-06-04 08:25:14.878] [INFO ] [main] ==========================================
[2026-06-04 08:25:14.878] [INFO ] [main]          FINAL TEST RESULTS               
[2026-06-04 08:25:14.879] [INFO ] [main] ==========================================
[2026-06-04 08:25:14.879] [INFO ] [main]   Passed  : 36
[2026-06-04 08:25:14.879] [INFO ] [main]   Failed  : 0
[2026-06-04 08:25:14.879] [INFO ] [main]   Skipped : 0
[2026-06-04 08:25:14.879] [INFO ] [main]   Total   : 36
[2026-06-04 08:25:14.880] [INFO ] [main]   Pass Rate: 100.0%
[2026-06-04 08:25:14.880] [INFO ] [main] ==========================================
[2026-06-04 08:25:14.885] [INFO ] [main] Test Suite starting: Checkout Tests
[2026-06-04 08:25:14.886] [INFO ] [main] Launching browser: chromium | headless: true | slowMotion: 0ms
[2026-06-04 08:25:15.050] [INFO ] [main] chromium browser launched
[2026-06-04 08:25:15.051] [INFO ] [main] ========================================
[2026-06-04 08:25:15.051] [INFO ] [main] TEST START: testCheckoutStepOneLoads
[2026-06-04 08:25:15.052] [INFO ] [main] ========================================
[2026-06-04 08:25:15.199] [INFO ] [main] New browser context and page created
[2026-06-04 08:25:15.199] [STEP ] [main] >> Navigating to: https://www.saucedemo.com
[2026-06-04 08:25:15.790] [INFO ] [main] Login page loaded
[2026-06-04 08:25:15.791] [INFO ] [main] Logging in as: standard_user
[2026-06-04 08:25:15.791] [STEP ] [main] >> Typing 'standard_user' into #user-name
[2026-06-04 08:25:15.832] [STEP ] [main] >> Typing [MASKED] into #password
[2026-06-04 08:25:15.856] [STEP ] [main] >> Clicking: #login-button
[2026-06-04 08:25:15.947] [STEP ] [main] >> Adding to cart: sauce-labs-backpack
[2026-06-04 08:25:15.947] [STEP ] [main] >> Clicking: [data-test='add-to-cart-sauce-labs-backpack']
[2026-06-04 08:25:16.001] [STEP ] [main] >> Navigating to cart
[2026-06-04 08:25:16.001] [STEP ] [main] >> Clicking: .shopping_cart_link
[2026-06-04 08:25:16.065] [STEP ] [main] >> Proceeding to checkout
[2026-06-04 08:25:16.065] [STEP ] [main] >> Clicking: [data-test='checkout']
[2026-06-04 08:25:16.153] [INFO ] [main] [PASSED] testCheckoutStepOneLoads
[2026-06-04 08:25:16.154] [INFO ] [main] TEST END: testCheckoutStepOneLoads => PASSED
[2026-06-04 08:25:16.155] [INFO ] [main] ----------------------------------------
[2026-06-04 08:25:16.170] [DEBUG] [main] Browser context closed
[2026-06-04 08:25:16.172] [INFO ] [main] ========================================
[2026-06-04 08:25:16.172] [INFO ] [main] TEST START: testValidCheckoutInfo
[2026-06-04 08:25:16.172] [INFO ] [main] ========================================
[2026-06-04 08:25:16.299] [INFO ] [main] New browser context and page created
[2026-06-04 08:25:16.301] [STEP ] [main] >> Navigating to: https://www.saucedemo.com
[2026-06-04 08:25:16.909] [INFO ] [main] Login page loaded
[2026-06-04 08:25:16.910] [INFO ] [main] Logging in as: standard_user
[2026-06-04 08:25:16.910] [STEP ] [main] >> Typing 'standard_user' into #user-name
[2026-06-04 08:25:16.954] [STEP ] [main] >> Typing [MASKED] into #password
[2026-06-04 08:25:16.976] [STEP ] [main] >> Clicking: #login-button
[2026-06-04 08:25:17.054] [STEP ] [main] >> Adding to cart: sauce-labs-backpack
[2026-06-04 08:25:17.054] [STEP ] [main] >> Clicking: [data-test='add-to-cart-sauce-labs-backpack']
[2026-06-04 08:25:17.105] [STEP ] [main] >> Navigating to cart
[2026-06-04 08:25:17.106] [STEP ] [main] >> Clicking: .shopping_cart_link
[2026-06-04 08:25:17.159] [STEP ] [main] >> Proceeding to checkout
[2026-06-04 08:25:17.159] [STEP ] [main] >> Clicking: [data-test='checkout']
[2026-06-04 08:25:17.207] [STEP ] [main] >> Typing 'John' into [data-test='firstName']
[2026-06-04 08:25:17.225] [STEP ] [main] >> Typing 'Doe' into [data-test='lastName']
[2026-06-04 08:25:17.240] [STEP ] [main] >> Typing '10001' into [data-test='postalCode']
[2026-06-04 08:25:17.257] [STEP ] [main] >> Clicking: [data-test='continue']
[2026-06-04 08:25:17.333] [INFO ] [main] [PASSED] testValidCheckoutInfo
[2026-06-04 08:25:17.334] [INFO ] [main] TEST END: testValidCheckoutInfo => PASSED
[2026-06-04 08:25:17.334] [INFO ] [main] ----------------------------------------
[2026-06-04 08:25:17.339] [DEBUG] [main] Browser context closed
[2026-06-04 08:25:17.340] [INFO ] [main] ========================================
[2026-06-04 08:25:17.341] [INFO ] [main] TEST START: testValidCheckoutInfo
[2026-06-04 08:25:17.341] [INFO ] [main] ========================================
[2026-06-04 08:25:17.454] [INFO ] [main] New browser context and page created
[2026-06-04 08:25:17.455] [STEP ] [main] >> Navigating to: https://www.saucedemo.com
[2026-06-04 08:25:18.007] [INFO ] [main] Login page loaded
[2026-06-04 08:25:18.008] [INFO ] [main] Logging in as: standard_user
[2026-06-04 08:25:18.009] [STEP ] [main] >> Typing 'standard_user' into #user-name
[2026-06-04 08:25:18.229] [STEP ] [main] >> Typing [MASKED] into #password
[2026-06-04 08:25:18.250] [STEP ] [main] >> Clicking: #login-button
[2026-06-04 08:25:18.346] [STEP ] [main] >> Adding to cart: sauce-labs-backpack
[2026-06-04 08:25:18.346] [STEP ] [main] >> Clicking: [data-test='add-to-cart-sauce-labs-backpack']
[2026-06-04 08:25:18.403] [STEP ] [main] >> Navigating to cart
[2026-06-04 08:25:18.404] [STEP ] [main] >> Clicking: .shopping_cart_link
[2026-06-04 08:25:18.468] [STEP ] [main] >> Proceeding to checkout
[2026-06-04 08:25:18.469] [STEP ] [main] >> Clicking: [data-test='checkout']
[2026-06-04 08:25:18.515] [STEP ] [main] >> Typing 'Jane' into [data-test='firstName']
[2026-06-04 08:25:18.538] [STEP ] [main] >> Typing 'Smith' into [data-test='lastName']
[2026-06-04 08:25:18.561] [STEP ] [main] >> Typing '90210' into [data-test='postalCode']
[2026-06-04 08:25:18.588] [STEP ] [main] >> Clicking: [data-test='continue']
[2026-06-04 08:25:18.674] [INFO ] [main] [PASSED] testValidCheckoutInfo
[2026-06-04 08:25:18.675] [INFO ] [main] TEST END: testValidCheckoutInfo => PASSED
[2026-06-04 08:25:18.675] [INFO ] [main] ----------------------------------------
[2026-06-04 08:25:18.682] [DEBUG] [main] Browser context closed
[2026-06-04 08:25:18.684] [INFO ] [main] ========================================
[2026-06-04 08:25:18.685] [INFO ] [main] TEST START: testValidCheckoutInfo
[2026-06-04 08:25:18.685] [INFO ] [main] ========================================
[2026-06-04 08:25:18.796] [INFO ] [main] New browser context and page created
[2026-06-04 08:25:18.798] [STEP ] [main] >> Navigating to: https://www.saucedemo.com
[2026-06-04 08:25:19.582] [INFO ] [main] Login page loaded
[2026-06-04 08:25:19.582] [INFO ] [main] Logging in as: standard_user
[2026-06-04 08:25:19.583] [STEP ] [main] >> Typing 'standard_user' into #user-name
[2026-06-04 08:25:19.638] [STEP ] [main] >> Typing [MASKED] into #password
[2026-06-04 08:25:19.656] [STEP ] [main] >> Clicking: #login-button
[2026-06-04 08:25:19.746] [STEP ] [main] >> Adding to cart: sauce-labs-backpack
[2026-06-04 08:25:19.746] [STEP ] [main] >> Clicking: [data-test='add-to-cart-sauce-labs-backpack']
[2026-06-04 08:25:19.810] [STEP ] [main] >> Navigating to cart
[2026-06-04 08:25:19.812] [STEP ] [main] >> Clicking: .shopping_cart_link
[2026-06-04 08:25:19.864] [STEP ] [main] >> Proceeding to checkout
[2026-06-04 08:25:19.865] [STEP ] [main] >> Clicking: [data-test='checkout']
[2026-06-04 08:25:19.911] [STEP ] [main] >> Typing 'Alex' into [data-test='firstName']
[2026-06-04 08:25:19.936] [STEP ] [main] >> Typing 'Brown' into [data-test='lastName']
[2026-06-04 08:25:19.959] [STEP ] [main] >> Typing '60601' into [data-test='postalCode']
[2026-06-04 08:25:19.979] [STEP ] [main] >> Clicking: [data-test='continue']
[2026-06-04 08:25:20.065] [INFO ] [main] [PASSED] testValidCheckoutInfo
[2026-06-04 08:25:20.068] [INFO ] [main] TEST END: testValidCheckoutInfo => PASSED
[2026-06-04 08:25:20.068] [INFO ] [main] ----------------------------------------
[2026-06-04 08:25:20.076] [DEBUG] [main] Browser context closed
[2026-06-04 08:25:20.079] [INFO ] [main] ========================================
[2026-06-04 08:25:20.079] [INFO ] [main] TEST START: testInvalidCheckoutInfo
[2026-06-04 08:25:20.079] [INFO ] [main] ========================================
[2026-06-04 08:25:20.233] [INFO ] [main] New browser context and page created
[2026-06-04 08:25:20.241] [STEP ] [main] >> Navigating to: https://www.saucedemo.com
[2026-06-04 08:25:20.839] [INFO ] [main] Login page loaded
[2026-06-04 08:25:20.840] [INFO ] [main] Logging in as: standard_user
[2026-06-04 08:25:20.841] [STEP ] [main] >> Typing 'standard_user' into #user-name
[2026-06-04 08:25:20.894] [STEP ] [main] >> Typing [MASKED] into #password
[2026-06-04 08:25:20.913] [STEP ] [main] >> Clicking: #login-button
[2026-06-04 08:25:20.996] [STEP ] [main] >> Adding to cart: sauce-labs-backpack
[2026-06-04 08:25:20.996] [STEP ] [main] >> Clicking: [data-test='add-to-cart-sauce-labs-backpack']
[2026-06-04 08:25:21.056] [STEP ] [main] >> Navigating to cart
[2026-06-04 08:25:21.056] [STEP ] [main] >> Clicking: .shopping_cart_link
[2026-06-04 08:25:21.113] [STEP ] [main] >> Proceeding to checkout
[2026-06-04 08:25:21.113] [STEP ] [main] >> Clicking: [data-test='checkout']
[2026-06-04 08:25:21.160] [STEP ] [main] >> Typing '' into [data-test='firstName']
[2026-06-04 08:25:21.175] [STEP ] [main] >> Typing 'Doe' into [data-test='lastName']
[2026-06-04 08:25:21.191] [STEP ] [main] >> Typing '10001' into [data-test='postalCode']
[2026-06-04 08:25:21.214] [STEP ] [main] >> Clicking: [data-test='continue']
[2026-06-04 08:25:21.293] [INFO ] [main] [PASSED] testInvalidCheckoutInfo
[2026-06-04 08:25:21.294] [INFO ] [main] TEST END: testInvalidCheckoutInfo => PASSED
[2026-06-04 08:25:21.295] [INFO ] [main] ----------------------------------------
[2026-06-04 08:25:21.301] [DEBUG] [main] Browser context closed
[2026-06-04 08:25:21.302] [INFO ] [main] ========================================
[2026-06-04 08:25:21.302] [INFO ] [main] TEST START: testInvalidCheckoutInfo
[2026-06-04 08:25:21.302] [INFO ] [main] ========================================
[2026-06-04 08:25:21.433] [INFO ] [main] New browser context and page created
[2026-06-04 08:25:21.435] [STEP ] [main] >> Navigating to: https://www.saucedemo.com
[2026-06-04 08:25:22.032] [INFO ] [main] Login page loaded
[2026-06-04 08:25:22.034] [INFO ] [main] Logging in as: standard_user
[2026-06-04 08:25:22.034] [STEP ] [main] >> Typing 'standard_user' into #user-name
[2026-06-04 08:25:22.077] [STEP ] [main] >> Typing [MASKED] into #password
[2026-06-04 08:25:22.095] [STEP ] [main] >> Clicking: #login-button
[2026-06-04 08:25:22.171] [STEP ] [main] >> Adding to cart: sauce-labs-backpack
[2026-06-04 08:25:22.171] [STEP ] [main] >> Clicking: [data-test='add-to-cart-sauce-labs-backpack']
[2026-06-04 08:25:22.225] [STEP ] [main] >> Navigating to cart
[2026-06-04 08:25:22.225] [STEP ] [main] >> Clicking: .shopping_cart_link
[2026-06-04 08:25:22.280] [STEP ] [main] >> Proceeding to checkout
[2026-06-04 08:25:22.282] [STEP ] [main] >> Clicking: [data-test='checkout']
[2026-06-04 08:25:22.325] [STEP ] [main] >> Typing 'John' into [data-test='firstName']
[2026-06-04 08:25:22.342] [STEP ] [main] >> Typing '' into [data-test='lastName']
[2026-06-04 08:25:22.358] [STEP ] [main] >> Typing '10001' into [data-test='postalCode']
[2026-06-04 08:25:22.377] [STEP ] [main] >> Clicking: [data-test='continue']
[2026-06-04 08:25:22.441] [INFO ] [main] [PASSED] testInvalidCheckoutInfo
[2026-06-04 08:25:22.442] [INFO ] [main] TEST END: testInvalidCheckoutInfo => PASSED
[2026-06-04 08:25:22.443] [INFO ] [main] ----------------------------------------
[2026-06-04 08:25:22.449] [DEBUG] [main] Browser context closed
[2026-06-04 08:25:22.450] [INFO ] [main] ========================================
[2026-06-04 08:25:22.450] [INFO ] [main] TEST START: testInvalidCheckoutInfo
[2026-06-04 08:25:22.450] [INFO ] [main] ========================================
[2026-06-04 08:25:22.535] [INFO ] [main] New browser context and page created
[2026-06-04 08:25:22.536] [STEP ] [main] >> Navigating to: https://www.saucedemo.com
[2026-06-04 08:25:23.120] [INFO ] [main] Login page loaded
[2026-06-04 08:25:23.121] [INFO ] [main] Logging in as: standard_user
[2026-06-04 08:25:23.121] [STEP ] [main] >> Typing 'standard_user' into #user-name
[2026-06-04 08:25:23.167] [STEP ] [main] >> Typing [MASKED] into #password
[2026-06-04 08:25:23.186] [STEP ] [main] >> Clicking: #login-button
[2026-06-04 08:25:23.287] [STEP ] [main] >> Adding to cart: sauce-labs-backpack
[2026-06-04 08:25:23.287] [STEP ] [main] >> Clicking: [data-test='add-to-cart-sauce-labs-backpack']
[2026-06-04 08:25:23.339] [STEP ] [main] >> Navigating to cart
[2026-06-04 08:25:23.339] [STEP ] [main] >> Clicking: .shopping_cart_link
[2026-06-04 08:25:23.394] [STEP ] [main] >> Proceeding to checkout
[2026-06-04 08:25:23.394] [STEP ] [main] >> Clicking: [data-test='checkout']
[2026-06-04 08:25:23.442] [STEP ] [main] >> Typing 'John' into [data-test='firstName']
[2026-06-04 08:25:23.462] [STEP ] [main] >> Typing 'Doe' into [data-test='lastName']
[2026-06-04 08:25:23.479] [STEP ] [main] >> Typing '' into [data-test='postalCode']
[2026-06-04 08:25:23.492] [STEP ] [main] >> Clicking: [data-test='continue']
[2026-06-04 08:25:23.555] [INFO ] [main] [PASSED] testInvalidCheckoutInfo
[2026-06-04 08:25:23.556] [INFO ] [main] TEST END: testInvalidCheckoutInfo => PASSED
[2026-06-04 08:25:23.556] [INFO ] [main] ----------------------------------------
[2026-06-04 08:25:23.561] [DEBUG] [main] Browser context closed
[2026-06-04 08:25:23.563] [INFO ] [main] ========================================
[2026-06-04 08:25:23.564] [INFO ] [main] TEST START: testAllFieldsEmpty
[2026-06-04 08:25:23.564] [INFO ] [main] ========================================
[2026-06-04 08:25:23.649] [INFO ] [main] New browser context and page created
[2026-06-04 08:25:23.650] [STEP ] [main] >> Navigating to: https://www.saucedemo.com
[2026-06-04 08:25:24.216] [INFO ] [main] Login page loaded
[2026-06-04 08:25:24.217] [INFO ] [main] Logging in as: standard_user
[2026-06-04 08:25:24.217] [STEP ] [main] >> Typing 'standard_user' into #user-name
[2026-06-04 08:25:24.257] [STEP ] [main] >> Typing [MASKED] into #password
[2026-06-04 08:25:24.274] [STEP ] [main] >> Clicking: #login-button
[2026-06-04 08:25:24.362] [STEP ] [main] >> Adding to cart: sauce-labs-backpack
[2026-06-04 08:25:24.362] [STEP ] [main] >> Clicking: [data-test='add-to-cart-sauce-labs-backpack']
[2026-06-04 08:25:24.407] [STEP ] [main] >> Navigating to cart
[2026-06-04 08:25:24.407] [STEP ] [main] >> Clicking: .shopping_cart_link
[2026-06-04 08:25:24.460] [STEP ] [main] >> Proceeding to checkout
[2026-06-04 08:25:24.461] [STEP ] [main] >> Clicking: [data-test='checkout']
[2026-06-04 08:25:24.510] [STEP ] [main] >> Clicking: [data-test='continue']
[2026-06-04 08:25:24.583] [INFO ] [main] [PASSED] testAllFieldsEmpty
[2026-06-04 08:25:24.584] [INFO ] [main] TEST END: testAllFieldsEmpty => PASSED
[2026-06-04 08:25:24.584] [INFO ] [main] ----------------------------------------
[2026-06-04 08:25:24.589] [DEBUG] [main] Browser context closed
[2026-06-04 08:25:24.590] [INFO ] [main] ========================================
[2026-06-04 08:25:24.591] [INFO ] [main] TEST START: testCancelOnStepOne
[2026-06-04 08:25:24.591] [INFO ] [main] ========================================
[2026-06-04 08:25:24.710] [INFO ] [main] New browser context and page created
[2026-06-04 08:25:24.710] [STEP ] [main] >> Navigating to: https://www.saucedemo.com
[2026-06-04 08:25:25.278] [INFO ] [main] Login page loaded
[2026-06-04 08:25:25.278] [INFO ] [main] Logging in as: standard_user
[2026-06-04 08:25:25.278] [STEP ] [main] >> Typing 'standard_user' into #user-name
[2026-06-04 08:25:25.317] [STEP ] [main] >> Typing [MASKED] into #password
[2026-06-04 08:25:25.336] [STEP ] [main] >> Clicking: #login-button
[2026-06-04 08:25:25.418] [STEP ] [main] >> Adding to cart: sauce-labs-backpack
[2026-06-04 08:25:25.418] [STEP ] [main] >> Clicking: [data-test='add-to-cart-sauce-labs-backpack']
[2026-06-04 08:25:25.471] [STEP ] [main] >> Navigating to cart
[2026-06-04 08:25:25.472] [STEP ] [main] >> Clicking: .shopping_cart_link
[2026-06-04 08:25:25.525] [STEP ] [main] >> Proceeding to checkout
[2026-06-04 08:25:25.528] [STEP ] [main] >> Clicking: [data-test='checkout']
[2026-06-04 08:25:25.580] [STEP ] [main] >> Clicking: [data-test='cancel']
[2026-06-04 08:25:25.637] [INFO ] [main] [PASSED] testCancelOnStepOne
[2026-06-04 08:25:25.638] [INFO ] [main] TEST END: testCancelOnStepOne => PASSED
[2026-06-04 08:25:25.638] [INFO ] [main] ----------------------------------------
[2026-06-04 08:25:25.644] [DEBUG] [main] Browser context closed
[2026-06-04 08:25:25.646] [INFO ] [main] ========================================
[2026-06-04 08:25:25.646] [INFO ] [main] TEST START: testOverviewShowsSingleItem
[2026-06-04 08:25:25.646] [INFO ] [main] ========================================
[2026-06-04 08:25:25.723] [INFO ] [main] New browser context and page created
[2026-06-04 08:25:25.724] [STEP ] [main] >> Navigating to: https://www.saucedemo.com
[2026-06-04 08:25:26.303] [INFO ] [main] Login page loaded
[2026-06-04 08:25:26.303] [INFO ] [main] Logging in as: standard_user
[2026-06-04 08:25:26.303] [STEP ] [main] >> Typing 'standard_user' into #user-name
[2026-06-04 08:25:26.344] [STEP ] [main] >> Typing [MASKED] into #password
[2026-06-04 08:25:26.363] [STEP ] [main] >> Clicking: #login-button
[2026-06-04 08:25:26.443] [STEP ] [main] >> Adding to cart: sauce-labs-backpack
[2026-06-04 08:25:26.444] [STEP ] [main] >> Clicking: [data-test='add-to-cart-sauce-labs-backpack']
[2026-06-04 08:25:26.501] [STEP ] [main] >> Navigating to cart
[2026-06-04 08:25:26.502] [STEP ] [main] >> Clicking: .shopping_cart_link
[2026-06-04 08:25:26.542] [STEP ] [main] >> Proceeding to checkout
[2026-06-04 08:25:26.543] [STEP ] [main] >> Clicking: [data-test='checkout']
[2026-06-04 08:25:26.599] [STEP ] [main] >> Typing 'John' into [data-test='firstName']
[2026-06-04 08:25:26.619] [STEP ] [main] >> Typing 'Doe' into [data-test='lastName']
[2026-06-04 08:25:26.640] [STEP ] [main] >> Typing '12345' into [data-test='postalCode']
[2026-06-04 08:25:26.660] [STEP ] [main] >> Clicking: [data-test='continue']
[2026-06-04 08:25:26.742] [INFO ] [main] [PASSED] testOverviewShowsSingleItem
[2026-06-04 08:25:26.743] [INFO ] [main] TEST END: testOverviewShowsSingleItem => PASSED
[2026-06-04 08:25:26.743] [INFO ] [main] ----------------------------------------
[2026-06-04 08:25:26.748] [DEBUG] [main] Browser context closed
[2026-06-04 08:25:26.749] [INFO ] [main] ========================================
[2026-06-04 08:25:26.749] [INFO ] [main] TEST START: testOverviewShowsMultipleItems
[2026-06-04 08:25:26.749] [INFO ] [main] ========================================
[2026-06-04 08:25:26.843] [INFO ] [main] New browser context and page created
[2026-06-04 08:25:26.844] [STEP ] [main] >> Navigating to: https://www.saucedemo.com
[2026-06-04 08:25:27.418] [INFO ] [main] Login page loaded
[2026-06-04 08:25:27.418] [INFO ] [main] Logging in as: standard_user
[2026-06-04 08:25:27.418] [STEP ] [main] >> Typing 'standard_user' into #user-name
[2026-06-04 08:25:27.458] [STEP ] [main] >> Typing [MASKED] into #password
[2026-06-04 08:25:27.475] [STEP ] [main] >> Clicking: #login-button
[2026-06-04 08:25:27.558] [STEP ] [main] >> Adding to cart: sauce-labs-backpack
[2026-06-04 08:25:27.558] [STEP ] [main] >> Clicking: [data-test='add-to-cart-sauce-labs-backpack']
[2026-06-04 08:25:27.606] [STEP ] [main] >> Adding to cart: sauce-labs-bike-light
[2026-06-04 08:25:27.607] [STEP ] [main] >> Clicking: [data-test='add-to-cart-sauce-labs-bike-light']
[2026-06-04 08:25:27.653] [STEP ] [main] >> Adding to cart: sauce-labs-onesie
[2026-06-04 08:25:27.654] [STEP ] [main] >> Clicking: [data-test='add-to-cart-sauce-labs-onesie']
[2026-06-04 08:25:27.710] [STEP ] [main] >> Navigating to cart
[2026-06-04 08:25:27.710] [STEP ] [main] >> Clicking: .shopping_cart_link
[2026-06-04 08:25:27.779] [STEP ] [main] >> Proceeding to checkout
[2026-06-04 08:25:27.780] [STEP ] [main] >> Clicking: [data-test='checkout']
[2026-06-04 08:25:27.848] [STEP ] [main] >> Typing 'Jane' into [data-test='firstName']
[2026-06-04 08:25:27.866] [STEP ] [main] >> Typing 'Smith' into [data-test='lastName']
[2026-06-04 08:25:27.882] [STEP ] [main] >> Typing '54321' into [data-test='postalCode']
[2026-06-04 08:25:27.898] [STEP ] [main] >> Clicking: [data-test='continue']
[2026-06-04 08:25:27.960] [INFO ] [main] [PASSED] testOverviewShowsMultipleItems
[2026-06-04 08:25:27.961] [INFO ] [main] TEST END: testOverviewShowsMultipleItems => PASSED
[2026-06-04 08:25:27.962] [INFO ] [main] ----------------------------------------
[2026-06-04 08:25:27.967] [DEBUG] [main] Browser context closed
[2026-06-04 08:25:27.967] [INFO ] [main] ========================================
[2026-06-04 08:25:27.967] [INFO ] [main] TEST START: testSubtotalSingleItem
[2026-06-04 08:25:27.969] [INFO ] [main] ========================================
[2026-06-04 08:25:28.062] [INFO ] [main] New browser context and page created
[2026-06-04 08:25:28.063] [STEP ] [main] >> Navigating to: https://www.saucedemo.com
[2026-06-04 08:25:28.731] [INFO ] [main] Login page loaded
[2026-06-04 08:25:28.731] [INFO ] [main] Logging in as: standard_user
[2026-06-04 08:25:28.732] [STEP ] [main] >> Typing 'standard_user' into #user-name
[2026-06-04 08:25:28.778] [STEP ] [main] >> Typing [MASKED] into #password
[2026-06-04 08:25:28.797] [STEP ] [main] >> Clicking: #login-button
[2026-06-04 08:25:28.879] [STEP ] [main] >> Adding to cart: sauce-labs-backpack
[2026-06-04 08:25:28.879] [STEP ] [main] >> Clicking: [data-test='add-to-cart-sauce-labs-backpack']
[2026-06-04 08:25:28.928] [STEP ] [main] >> Navigating to cart
[2026-06-04 08:25:28.929] [STEP ] [main] >> Clicking: .shopping_cart_link
[2026-06-04 08:25:28.985] [STEP ] [main] >> Proceeding to checkout
[2026-06-04 08:25:28.985] [STEP ] [main] >> Clicking: [data-test='checkout']
[2026-06-04 08:25:29.046] [STEP ] [main] >> Typing 'John' into [data-test='firstName']
[2026-06-04 08:25:29.067] [STEP ] [main] >> Typing 'Doe' into [data-test='lastName']
[2026-06-04 08:25:29.089] [STEP ] [main] >> Typing '12345' into [data-test='postalCode']
[2026-06-04 08:25:29.106] [STEP ] [main] >> Clicking: [data-test='continue']
[2026-06-04 08:25:29.178] [INFO ] [main] [PASSED] testSubtotalSingleItem
[2026-06-04 08:25:29.179] [INFO ] [main] TEST END: testSubtotalSingleItem => PASSED
[2026-06-04 08:25:29.179] [INFO ] [main] ----------------------------------------
[2026-06-04 08:25:29.190] [DEBUG] [main] Browser context closed
[2026-06-04 08:25:29.191] [INFO ] [main] ========================================
[2026-06-04 08:25:29.191] [INFO ] [main] TEST START: testSubtotalMultipleItems
[2026-06-04 08:25:29.192] [INFO ] [main] ========================================
[2026-06-04 08:25:29.302] [INFO ] [main] New browser context and page created
[2026-06-04 08:25:29.303] [STEP ] [main] >> Navigating to: https://www.saucedemo.com
[2026-06-04 08:25:29.923] [INFO ] [main] Login page loaded
[2026-06-04 08:25:29.923] [INFO ] [main] Logging in as: standard_user
[2026-06-04 08:25:29.924] [STEP ] [main] >> Typing 'standard_user' into #user-name
[2026-06-04 08:25:29.963] [STEP ] [main] >> Typing [MASKED] into #password
[2026-06-04 08:25:29.978] [STEP ] [main] >> Clicking: #login-button
[2026-06-04 08:25:30.057] [STEP ] [main] >> Adding to cart: sauce-labs-backpack
[2026-06-04 08:25:30.057] [STEP ] [main] >> Clicking: [data-test='add-to-cart-sauce-labs-backpack']
[2026-06-04 08:25:30.110] [STEP ] [main] >> Adding to cart: sauce-labs-bike-light
[2026-06-04 08:25:30.110] [STEP ] [main] >> Clicking: [data-test='add-to-cart-sauce-labs-bike-light']
[2026-06-04 08:25:30.154] [STEP ] [main] >> Adding to cart: sauce-labs-onesie
[2026-06-04 08:25:30.154] [STEP ] [main] >> Clicking: [data-test='add-to-cart-sauce-labs-onesie']
[2026-06-04 08:25:30.204] [STEP ] [main] >> Navigating to cart
[2026-06-04 08:25:30.205] [STEP ] [main] >> Clicking: .shopping_cart_link
[2026-06-04 08:25:30.260] [STEP ] [main] >> Proceeding to checkout
[2026-06-04 08:25:30.260] [STEP ] [main] >> Clicking: [data-test='checkout']
[2026-06-04 08:25:30.310] [STEP ] [main] >> Typing 'Jane' into [data-test='firstName']
[2026-06-04 08:25:30.330] [STEP ] [main] >> Typing 'Smith' into [data-test='lastName']
[2026-06-04 08:25:30.345] [STEP ] [main] >> Typing '54321' into [data-test='postalCode']
[2026-06-04 08:25:30.364] [STEP ] [main] >> Clicking: [data-test='continue']
[2026-06-04 08:25:30.438] [INFO ] [main] [PASSED] testSubtotalMultipleItems
[2026-06-04 08:25:30.439] [INFO ] [main] TEST END: testSubtotalMultipleItems => PASSED
[2026-06-04 08:25:30.440] [INFO ] [main] ----------------------------------------
[2026-06-04 08:25:30.443] [DEBUG] [main] Browser context closed
[2026-06-04 08:25:30.446] [INFO ] [main] ========================================
[2026-06-04 08:25:30.446] [INFO ] [main] TEST START: testTaxCalculation
[2026-06-04 08:25:30.446] [INFO ] [main] ========================================
[2026-06-04 08:25:30.523] [INFO ] [main] New browser context and page created
[2026-06-04 08:25:30.524] [STEP ] [main] >> Navigating to: https://www.saucedemo.com
[2026-06-04 08:25:31.117] [INFO ] [main] Login page loaded
[2026-06-04 08:25:31.118] [INFO ] [main] Logging in as: standard_user
[2026-06-04 08:25:31.118] [STEP ] [main] >> Typing 'standard_user' into #user-name
[2026-06-04 08:25:31.157] [STEP ] [main] >> Typing [MASKED] into #password
[2026-06-04 08:25:31.172] [STEP ] [main] >> Clicking: #login-button
[2026-06-04 08:25:31.251] [STEP ] [main] >> Adding to cart: sauce-labs-backpack
[2026-06-04 08:25:31.251] [STEP ] [main] >> Clicking: [data-test='add-to-cart-sauce-labs-backpack']
[2026-06-04 08:25:31.308] [STEP ] [main] >> Navigating to cart
[2026-06-04 08:25:31.308] [STEP ] [main] >> Clicking: .shopping_cart_link
[2026-06-04 08:25:31.360] [STEP ] [main] >> Proceeding to checkout
[2026-06-04 08:25:31.361] [STEP ] [main] >> Clicking: [data-test='checkout']
[2026-06-04 08:25:31.407] [STEP ] [main] >> Typing 'John' into [data-test='firstName']
[2026-06-04 08:25:31.425] [STEP ] [main] >> Typing 'Doe' into [data-test='lastName']
[2026-06-04 08:25:31.441] [STEP ] [main] >> Typing '12345' into [data-test='postalCode']
[2026-06-04 08:25:31.455] [STEP ] [main] >> Clicking: [data-test='continue']
[2026-06-04 08:25:31.528] [INFO ] [main] [PASSED] testTaxCalculation
[2026-06-04 08:25:31.529] [INFO ] [main] TEST END: testTaxCalculation => PASSED
[2026-06-04 08:25:31.529] [INFO ] [main] ----------------------------------------
[2026-06-04 08:25:31.537] [DEBUG] [main] Browser context closed
[2026-06-04 08:25:31.599] [INFO ] [main] Browser closed
[2026-06-04 08:25:31.600] [INFO ] [main] 
[2026-06-04 08:25:31.600] [INFO ] [main] ==========================================
[2026-06-04 08:25:31.600] [INFO ] [main]          FINAL TEST RESULTS               
[2026-06-04 08:25:31.600] [INFO ] [main] ==========================================
[2026-06-04 08:25:31.602] [INFO ] [main]   Passed  : 50
[2026-06-04 08:25:31.602] [INFO ] [main]   Failed  : 0
[2026-06-04 08:25:31.602] [INFO ] [main]   Skipped : 0
[2026-06-04 08:25:31.602] [INFO ] [main]   Total   : 50
[2026-06-04 08:25:31.602] [INFO ] [main]   Pass Rate: 100.0%
[2026-06-04 08:25:31.602] [INFO ] [main] ==========================================
[2026-06-04 08:25:31.618] [INFO ] [main] Playwright instance closed
[2026-06-04 08:25:31.618] [INFO ] [main] ################################################
[2026-06-04 08:25:31.619] [INFO ] [main] SUITE COMPLETED
[2026-06-04 08:25:31.619] [INFO ] [main] ################################################
[2026-06-04 10:29:06.492] [INFO ] [main] ################################################
[2026-06-04 10:29:06.493] [INFO ] [main] SUITE START: SauceDemo Automation Suite
[2026-06-04 10:29:06.494] [INFO ] [main] Configuration loaded successfully
[2026-06-04 10:29:06.495] [INFO ] [main] Browser: chromium
[2026-06-04 10:29:06.495] [INFO ] [main] Headless: true
[2026-06-04 10:29:06.496] [INFO ] [main] Base URL: https://www.saucedemo.com
[2026-06-04 10:29:06.496] [INFO ] [main] ################################################
[2026-06-04 10:29:17.389] [INFO ] [main] Playwright instance created
[2026-06-04 10:29:17.393] [INFO ] [main] Test Suite starting: Login Tests
[2026-06-04 10:29:17.409] [INFO ] [main] Launching browser: chromium | headless: true | slowMotion: 0ms
[2026-06-04 10:29:18.416] [INFO ] [main] chromium browser launched
[2026-06-04 10:29:18.431] [INFO ] [main] ========================================
[2026-06-04 10:29:18.432] [INFO ] [main] TEST START: testValidLogin
[2026-06-04 10:29:18.433] [INFO ] [main] ========================================
[2026-06-04 10:29:18.826] [INFO ] [main] New browser context and page created
[2026-06-04 10:29:18.828] [STEP ] [main] >> Navigating to: https://www.saucedemo.com
[2026-06-04 10:29:22.208] [INFO ] [main] Login page loaded
[2026-06-04 10:29:22.209] [INFO ] [main] Logging in as: standard_user
[2026-06-04 10:29:22.209] [STEP ] [main] >> Typing 'standard_user' into #user-name
[2026-06-04 10:29:22.259] [STEP ] [main] >> Typing [MASKED] into #password
[2026-06-04 10:29:22.276] [STEP ] [main] >> Clicking: #login-button
[2026-06-04 10:29:22.402] [INFO ] [main] [PASSED] testValidLogin
[2026-06-04 10:29:22.404] [INFO ] [main] TEST END: testValidLogin => PASSED
[2026-06-04 10:29:22.404] [INFO ] [main] ----------------------------------------
[2026-06-04 10:29:22.417] [DEBUG] [main] Browser context closed
[2026-06-04 10:29:22.427] [INFO ] [main] ========================================
[2026-06-04 10:29:22.427] [INFO ] [main] TEST START: testAllUserTypes
[2026-06-04 10:29:22.427] [INFO ] [main] ========================================
[2026-06-04 10:29:22.526] [INFO ] [main] New browser context and page created
[2026-06-04 10:29:22.531] [STEP ] [main] >> Navigating to: https://www.saucedemo.com
[2026-06-04 10:29:23.106] [INFO ] [main] Login page loaded
[2026-06-04 10:29:23.106] [INFO ] [main] Logging in as: standard_user
[2026-06-04 10:29:23.107] [STEP ] [main] >> Typing 'standard_user' into #user-name
[2026-06-04 10:29:23.150] [STEP ] [main] >> Typing [MASKED] into #password
[2026-06-04 10:29:23.168] [STEP ] [main] >> Clicking: #login-button
[2026-06-04 10:29:23.249] [INFO ] [main] [PASSED] testAllUserTypes
[2026-06-04 10:29:23.251] [INFO ] [main] TEST END: testAllUserTypes => PASSED
[2026-06-04 10:29:23.251] [INFO ] [main] ----------------------------------------
[2026-06-04 10:29:23.256] [DEBUG] [main] Browser context closed
[2026-06-04 10:29:23.258] [INFO ] [main] ========================================
[2026-06-04 10:29:23.259] [INFO ] [main] TEST START: testAllUserTypes
[2026-06-04 10:29:23.259] [INFO ] [main] ========================================
[2026-06-04 10:29:23.339] [INFO ] [main] New browser context and page created
[2026-06-04 10:29:23.340] [STEP ] [main] >> Navigating to: https://www.saucedemo.com
[2026-06-04 10:29:23.909] [INFO ] [main] Login page loaded
[2026-06-04 10:29:23.910] [INFO ] [main] Attempting login with: locked_out_user (expecting error)
[2026-06-04 10:29:23.911] [STEP ] [main] >> Typing 'locked_out_user' into #user-name
[2026-06-04 10:29:23.954] [STEP ] [main] >> Typing [MASKED] into #password
[2026-06-04 10:29:23.975] [STEP ] [main] >> Clicking: #login-button
[2026-06-04 10:29:24.049] [INFO ] [main] [PASSED] testAllUserTypes
[2026-06-04 10:29:24.050] [INFO ] [main] TEST END: testAllUserTypes => PASSED
[2026-06-04 10:29:24.051] [INFO ] [main] ----------------------------------------
[2026-06-04 10:29:24.057] [DEBUG] [main] Browser context closed
[2026-06-04 10:29:24.059] [INFO ] [main] ========================================
[2026-06-04 10:29:24.059] [INFO ] [main] TEST START: testAllUserTypes
[2026-06-04 10:29:24.060] [INFO ] [main] ========================================
[2026-06-04 10:29:24.142] [INFO ] [main] New browser context and page created
[2026-06-04 10:29:24.143] [STEP ] [main] >> Navigating to: https://www.saucedemo.com
[2026-06-04 10:29:24.699] [INFO ] [main] Login page loaded
[2026-06-04 10:29:24.699] [INFO ] [main] Logging in as: problem_user
[2026-06-04 10:29:24.699] [STEP ] [main] >> Typing 'problem_user' into #user-name
[2026-06-04 10:29:24.736] [STEP ] [main] >> Typing [MASKED] into #password
[2026-06-04 10:29:24.754] [STEP ] [main] >> Clicking: #login-button
[2026-06-04 10:29:24.850] [INFO ] [main] [PASSED] testAllUserTypes
[2026-06-04 10:29:24.851] [INFO ] [main] TEST END: testAllUserTypes => PASSED
[2026-06-04 10:29:24.851] [INFO ] [main] ----------------------------------------
[2026-06-04 10:29:24.856] [DEBUG] [main] Browser context closed
[2026-06-04 10:29:24.857] [INFO ] [main] ========================================
[2026-06-04 10:29:24.858] [INFO ] [main] TEST START: testAllUserTypes
[2026-06-04 10:29:24.858] [INFO ] [main] ========================================
[2026-06-04 10:29:24.932] [INFO ] [main] New browser context and page created
[2026-06-04 10:29:24.934] [STEP ] [main] >> Navigating to: https://www.saucedemo.com
[2026-06-04 10:29:25.507] [INFO ] [main] Login page loaded
[2026-06-04 10:29:25.507] [INFO ] [main] Logging in as: performance_glitch_user
[2026-06-04 10:29:25.508] [STEP ] [main] >> Typing 'performance_glitch_user' into #user-name
[2026-06-04 10:29:25.545] [STEP ] [main] >> Typing [MASKED] into #password
[2026-06-04 10:29:25.562] [STEP ] [main] >> Clicking: #login-button
[2026-06-04 10:29:30.670] [INFO ] [main] [PASSED] testAllUserTypes
[2026-06-04 10:29:30.671] [INFO ] [main] TEST END: testAllUserTypes => PASSED
[2026-06-04 10:29:30.671] [INFO ] [main] ----------------------------------------
[2026-06-04 10:29:30.677] [DEBUG] [main] Browser context closed
[2026-06-04 10:29:30.677] [INFO ] [main] ========================================
[2026-06-04 10:29:30.677] [INFO ] [main] TEST START: testAllUserTypes
[2026-06-04 10:29:30.677] [INFO ] [main] ========================================
[2026-06-04 10:29:30.771] [INFO ] [main] New browser context and page created
[2026-06-04 10:29:30.773] [STEP ] [main] >> Navigating to: https://www.saucedemo.com
[2026-06-04 10:29:31.332] [INFO ] [main] Login page loaded
[2026-06-04 10:29:31.332] [INFO ] [main] Logging in as: error_user
[2026-06-04 10:29:31.333] [STEP ] [main] >> Typing 'error_user' into #user-name
[2026-06-04 10:29:31.375] [STEP ] [main] >> Typing [MASKED] into #password
[2026-06-04 10:29:31.398] [STEP ] [main] >> Clicking: #login-button
[2026-06-04 10:29:31.484] [INFO ] [main] [PASSED] testAllUserTypes
[2026-06-04 10:29:31.485] [INFO ] [main] TEST END: testAllUserTypes => PASSED
[2026-06-04 10:29:31.486] [INFO ] [main] ----------------------------------------
[2026-06-04 10:29:31.491] [DEBUG] [main] Browser context closed
[2026-06-04 10:29:31.493] [INFO ] [main] ========================================
[2026-06-04 10:29:31.494] [INFO ] [main] TEST START: testAllUserTypes
[2026-06-04 10:29:31.494] [INFO ] [main] ========================================
[2026-06-04 10:29:31.568] [INFO ] [main] New browser context and page created
[2026-06-04 10:29:31.569] [STEP ] [main] >> Navigating to: https://www.saucedemo.com
[2026-06-04 10:29:32.172] [INFO ] [main] Login page loaded
[2026-06-04 10:29:32.173] [INFO ] [main] Logging in as: visual_user
[2026-06-04 10:29:32.173] [STEP ] [main] >> Typing 'visual_user' into #user-name
[2026-06-04 10:29:32.213] [STEP ] [main] >> Typing [MASKED] into #password
[2026-06-04 10:29:32.228] [STEP ] [main] >> Clicking: #login-button
[2026-06-04 10:29:32.327] [INFO ] [main] [PASSED] testAllUserTypes
[2026-06-04 10:29:32.328] [INFO ] [main] TEST END: testAllUserTypes => PASSED
[2026-06-04 10:29:32.329] [INFO ] [main] ----------------------------------------
[2026-06-04 10:29:32.334] [DEBUG] [main] Browser context closed
[2026-06-04 10:29:32.336] [INFO ] [main] ========================================
[2026-06-04 10:29:32.337] [INFO ] [main] TEST START: testInvalidLogin
[2026-06-04 10:29:32.337] [INFO ] [main] ========================================
[2026-06-04 10:29:32.412] [INFO ] [main] New browser context and page created
[2026-06-04 10:29:32.415] [STEP ] [main] >> Navigating to: https://www.saucedemo.com
[2026-06-04 10:29:33.033] [INFO ] [main] Login page loaded
[2026-06-04 10:29:33.034] [INFO ] [main] Attempting login with: locked_out_user (expecting error)
[2026-06-04 10:29:33.034] [STEP ] [main] >> Typing 'locked_out_user' into #user-name
[2026-06-04 10:29:33.072] [STEP ] [main] >> Typing [MASKED] into #password
[2026-06-04 10:29:33.090] [STEP ] [main] >> Clicking: #login-button
[2026-06-04 10:29:33.171] [INFO ] [main] [PASSED] testInvalidLogin
[2026-06-04 10:29:33.172] [INFO ] [main] TEST END: testInvalidLogin => PASSED
[2026-06-04 10:29:33.172] [INFO ] [main] ----------------------------------------
[2026-06-04 10:29:33.178] [DEBUG] [main] Browser context closed
[2026-06-04 10:29:33.180] [INFO ] [main] ========================================
[2026-06-04 10:29:33.180] [INFO ] [main] TEST START: testInvalidLogin
[2026-06-04 10:29:33.180] [INFO ] [main] ========================================
[2026-06-04 10:29:33.291] [INFO ] [main] New browser context and page created
[2026-06-04 10:29:33.292] [STEP ] [main] >> Navigating to: https://www.saucedemo.com
[2026-06-04 10:29:33.842] [INFO ] [main] Login page loaded
[2026-06-04 10:29:33.843] [INFO ] [main] Attempting login with: standard_user (expecting error)
[2026-06-04 10:29:33.843] [STEP ] [main] >> Typing 'standard_user' into #user-name
[2026-06-04 10:29:33.880] [STEP ] [main] >> Typing [MASKED] into #password
[2026-06-04 10:29:33.901] [STEP ] [main] >> Clicking: #login-button
[2026-06-04 10:29:33.966] [INFO ] [main] [PASSED] testInvalidLogin
[2026-06-04 10:29:33.967] [INFO ] [main] TEST END: testInvalidLogin => PASSED
[2026-06-04 10:29:33.967] [INFO ] [main] ----------------------------------------
[2026-06-04 10:29:33.974] [DEBUG] [main] Browser context closed
[2026-06-04 10:29:33.976] [INFO ] [main] ========================================
[2026-06-04 10:29:33.976] [INFO ] [main] TEST START: testInvalidLogin
[2026-06-04 10:29:33.976] [INFO ] [main] ========================================
[2026-06-04 10:29:34.064] [INFO ] [main] New browser context and page created
[2026-06-04 10:29:34.065] [STEP ] [main] >> Navigating to: https://www.saucedemo.com
[2026-06-04 10:29:34.653] [INFO ] [main] Login page loaded
[2026-06-04 10:29:34.653] [INFO ] [main] Attempting login with:  (expecting error)
[2026-06-04 10:29:34.654] [STEP ] [main] >> Typing '' into #user-name
[2026-06-04 10:29:34.699] [STEP ] [main] >> Typing [MASKED] into #password
[2026-06-04 10:29:34.720] [STEP ] [main] >> Clicking: #login-button
[2026-06-04 10:29:34.798] [INFO ] [main] [PASSED] testInvalidLogin
[2026-06-04 10:29:34.799] [INFO ] [main] TEST END: testInvalidLogin => PASSED
[2026-06-04 10:29:34.800] [INFO ] [main] ----------------------------------------
[2026-06-04 10:29:34.807] [DEBUG] [main] Browser context closed
[2026-06-04 10:29:34.809] [INFO ] [main] ========================================
[2026-06-04 10:29:34.809] [INFO ] [main] TEST START: testInvalidLogin
[2026-06-04 10:29:34.810] [INFO ] [main] ========================================
[2026-06-04 10:29:34.892] [INFO ] [main] New browser context and page created
[2026-06-04 10:29:34.893] [STEP ] [main] >> Navigating to: https://www.saucedemo.com
[2026-06-04 10:29:35.490] [INFO ] [main] Login page loaded
[2026-06-04 10:29:35.490] [INFO ] [main] Attempting login with: standard_user (expecting error)
[2026-06-04 10:29:35.491] [STEP ] [main] >> Typing 'standard_user' into #user-name
[2026-06-04 10:29:35.531] [STEP ] [main] >> Typing [MASKED] into #password
[2026-06-04 10:29:35.546] [STEP ] [main] >> Clicking: #login-button
[2026-06-04 10:29:35.611] [INFO ] [main] [PASSED] testInvalidLogin
[2026-06-04 10:29:35.612] [INFO ] [main] TEST END: testInvalidLogin => PASSED
[2026-06-04 10:29:35.612] [INFO ] [main] ----------------------------------------
[2026-06-04 10:29:35.616] [DEBUG] [main] Browser context closed
[2026-06-04 10:29:35.616] [INFO ] [main] ========================================
[2026-06-04 10:29:35.616] [INFO ] [main] TEST START: testInvalidLogin
[2026-06-04 10:29:35.616] [INFO ] [main] ========================================
[2026-06-04 10:29:35.697] [INFO ] [main] New browser context and page created
[2026-06-04 10:29:35.698] [STEP ] [main] >> Navigating to: https://www.saucedemo.com
[2026-06-04 10:29:36.279] [INFO ] [main] Login page loaded
[2026-06-04 10:29:36.280] [INFO ] [main] Attempting login with:  (expecting error)
[2026-06-04 10:29:36.280] [STEP ] [main] >> Typing '' into #user-name
[2026-06-04 10:29:36.316] [STEP ] [main] >> Typing [MASKED] into #password
[2026-06-04 10:29:36.331] [STEP ] [main] >> Clicking: #login-button
[2026-06-04 10:29:36.392] [INFO ] [main] [PASSED] testInvalidLogin
[2026-06-04 10:29:36.393] [INFO ] [main] TEST END: testInvalidLogin => PASSED
[2026-06-04 10:29:36.393] [INFO ] [main] ----------------------------------------
[2026-06-04 10:29:36.399] [DEBUG] [main] Browser context closed
[2026-06-04 10:29:36.404] [INFO ] [main] ========================================
[2026-06-04 10:29:36.404] [INFO ] [main] TEST START: testInvalidLogin
[2026-06-04 10:29:36.405] [INFO ] [main] ========================================
[2026-06-04 10:29:36.477] [INFO ] [main] New browser context and page created
[2026-06-04 10:29:36.478] [STEP ] [main] >> Navigating to: https://www.saucedemo.com
[2026-06-04 10:29:37.068] [INFO ] [main] Login page loaded
[2026-06-04 10:29:37.069] [INFO ] [main] Attempting login with: nonexistent_user (expecting error)
[2026-06-04 10:29:37.069] [STEP ] [main] >> Typing 'nonexistent_user' into #user-name
[2026-06-04 10:29:37.110] [STEP ] [main] >> Typing [MASKED] into #password
[2026-06-04 10:29:37.130] [STEP ] [main] >> Clicking: #login-button
[2026-06-04 10:29:37.198] [INFO ] [main] [PASSED] testInvalidLogin
[2026-06-04 10:29:37.198] [INFO ] [main] TEST END: testInvalidLogin => PASSED
[2026-06-04 10:29:37.199] [INFO ] [main] ----------------------------------------
[2026-06-04 10:29:37.204] [DEBUG] [main] Browser context closed
[2026-06-04 10:29:37.207] [INFO ] [main] ========================================
[2026-06-04 10:29:37.207] [INFO ] [main] TEST START: testLockedOutUser
[2026-06-04 10:29:37.207] [INFO ] [main] ========================================
[2026-06-04 10:29:37.291] [INFO ] [main] New browser context and page created
[2026-06-04 10:29:37.292] [STEP ] [main] >> Navigating to: https://www.saucedemo.com
[2026-06-04 10:29:37.841] [INFO ] [main] Login page loaded
[2026-06-04 10:29:37.841] [INFO ] [main] Attempting login with: locked_out_user (expecting error)
[2026-06-04 10:29:37.842] [STEP ] [main] >> Typing 'locked_out_user' into #user-name
[2026-06-04 10:29:37.882] [STEP ] [main] >> Typing [MASKED] into #password
[2026-06-04 10:29:37.897] [STEP ] [main] >> Clicking: #login-button
[2026-06-04 10:29:37.962] [INFO ] [main] [PASSED] testLockedOutUser
[2026-06-04 10:29:37.963] [INFO ] [main] TEST END: testLockedOutUser => PASSED
[2026-06-04 10:29:37.963] [INFO ] [main] ----------------------------------------
[2026-06-04 10:29:37.969] [DEBUG] [main] Browser context closed
[2026-06-04 10:29:37.970] [INFO ] [main] ========================================
[2026-06-04 10:29:37.972] [INFO ] [main] TEST START: testCloseErrorMessage
[2026-06-04 10:29:37.972] [INFO ] [main] ========================================
[2026-06-04 10:29:38.055] [INFO ] [main] New browser context and page created
[2026-06-04 10:29:38.057] [STEP ] [main] >> Navigating to: https://www.saucedemo.com
[2026-06-04 10:29:38.642] [INFO ] [main] Login page loaded
[2026-06-04 10:29:38.643] [INFO ] [main] Attempting login with:  (expecting error)
[2026-06-04 10:29:38.643] [STEP ] [main] >> Typing '' into #user-name
[2026-06-04 10:29:38.686] [STEP ] [main] >> Typing [MASKED] into #password
[2026-06-04 10:29:38.699] [STEP ] [main] >> Clicking: #login-button
[2026-06-04 10:29:38.751] [STEP ] [main] >> Clicking: .error-button
[2026-06-04 10:29:38.791] [INFO ] [main] [PASSED] testCloseErrorMessage
[2026-06-04 10:29:38.792] [INFO ] [main] TEST END: testCloseErrorMessage => PASSED
[2026-06-04 10:29:38.792] [INFO ] [main] ----------------------------------------
[2026-06-04 10:29:38.796] [DEBUG] [main] Browser context closed
[2026-06-04 10:29:38.799] [INFO ] [main] ========================================
[2026-06-04 10:29:38.800] [INFO ] [main] TEST START: testLogout
[2026-06-04 10:29:38.800] [INFO ] [main] ========================================
[2026-06-04 10:29:38.875] [INFO ] [main] New browser context and page created
[2026-06-04 10:29:38.876] [STEP ] [main] >> Navigating to: https://www.saucedemo.com
[2026-06-04 10:29:39.487] [INFO ] [main] Login page loaded
[2026-06-04 10:29:39.487] [INFO ] [main] Logging in as: standard_user
[2026-06-04 10:29:39.488] [STEP ] [main] >> Typing 'standard_user' into #user-name
[2026-06-04 10:29:39.525] [STEP ] [main] >> Typing [MASKED] into #password
[2026-06-04 10:29:39.542] [STEP ] [main] >> Clicking: #login-button
[2026-06-04 10:29:39.632] [STEP ] [main] >> Logging out
[2026-06-04 10:29:39.633] [STEP ] [main] >> Clicking: #react-burger-menu-btn
[2026-06-04 10:29:39.692] [STEP ] [main] >> Clicking: #logout_sidebar_link
[2026-06-04 10:29:40.609] [INFO ] [main] [PASSED] testLogout
[2026-06-04 10:29:40.610] [INFO ] [main] TEST END: testLogout => PASSED
[2026-06-04 10:29:40.611] [INFO ] [main] ----------------------------------------
[2026-06-04 10:29:40.615] [DEBUG] [main] Browser context closed
[2026-06-04 10:29:40.665] [INFO ] [main] Browser closed
[2026-06-04 10:29:40.666] [INFO ] [main] 
[2026-06-04 10:29:40.666] [INFO ] [main] ==========================================
[2026-06-04 10:29:40.666] [INFO ] [main]          FINAL TEST RESULTS               
[2026-06-04 10:29:40.666] [INFO ] [main] ==========================================
[2026-06-04 10:29:40.666] [INFO ] [main]   Passed  : 16
[2026-06-04 10:29:40.667] [INFO ] [main]   Failed  : 0
[2026-06-04 10:29:40.667] [INFO ] [main]   Skipped : 0
[2026-06-04 10:29:40.667] [INFO ] [main]   Total   : 16
[2026-06-04 10:29:40.668] [INFO ] [main]   Pass Rate: 100.0%
[2026-06-04 10:29:40.669] [INFO ] [main] ==========================================
[2026-06-04 10:29:40.693] [INFO ] [main] Test Suite starting: Products Tests
[2026-06-04 10:29:40.695] [INFO ] [main] Launching browser: chromium | headless: true | slowMotion: 0ms
[2026-06-04 10:29:40.839] [INFO ] [main] chromium browser launched
[2026-06-04 10:29:40.841] [INFO ] [main] ========================================
[2026-06-04 10:29:40.841] [INFO ] [main] TEST START: testProductsPageLoaded
[2026-06-04 10:29:40.842] [INFO ] [main] ========================================
[2026-06-04 10:29:40.955] [INFO ] [main] New browser context and page created
[2026-06-04 10:29:40.956] [STEP ] [main] >> Navigating to: https://www.saucedemo.com
[2026-06-04 10:29:41.776] [INFO ] [main] Login page loaded
[2026-06-04 10:29:41.776] [INFO ] [main] Logging in as: standard_user
[2026-06-04 10:29:41.777] [STEP ] [main] >> Typing 'standard_user' into #user-name
[2026-06-04 10:29:41.822] [STEP ] [main] >> Typing [MASKED] into #password
[2026-06-04 10:29:41.839] [STEP ] [main] >> Clicking: #login-button
[2026-06-04 10:29:41.954] [INFO ] [main] [PASSED] testProductsPageLoaded
[2026-06-04 10:29:41.955] [INFO ] [main] TEST END: testProductsPageLoaded => PASSED
[2026-06-04 10:29:41.955] [INFO ] [main] ----------------------------------------
[2026-06-04 10:29:41.960] [DEBUG] [main] Browser context closed
[2026-06-04 10:29:41.962] [INFO ] [main] ========================================
[2026-06-04 10:29:41.962] [INFO ] [main] TEST START: testProductCount
[2026-06-04 10:29:41.962] [INFO ] [main] ========================================
[2026-06-04 10:29:42.033] [INFO ] [main] New browser context and page created
[2026-06-04 10:29:42.034] [STEP ] [main] >> Navigating to: https://www.saucedemo.com
[2026-06-04 10:29:42.656] [INFO ] [main] Login page loaded
[2026-06-04 10:29:42.657] [INFO ] [main] Logging in as: standard_user
[2026-06-04 10:29:42.657] [STEP ] [main] >> Typing 'standard_user' into #user-name
[2026-06-04 10:29:42.698] [STEP ] [main] >> Typing [MASKED] into #password
[2026-06-04 10:29:42.712] [STEP ] [main] >> Clicking: #login-button
[2026-06-04 10:29:42.811] [INFO ] [main] [PASSED] testProductCount
[2026-06-04 10:29:42.812] [INFO ] [main] TEST END: testProductCount => PASSED
[2026-06-04 10:29:42.812] [INFO ] [main] ----------------------------------------
[2026-06-04 10:29:42.820] [DEBUG] [main] Browser context closed
[2026-06-04 10:29:42.821] [INFO ] [main] ========================================
[2026-06-04 10:29:42.822] [INFO ] [main] TEST START: testProductNamesDisplayed
[2026-06-04 10:29:42.822] [INFO ] [main] ========================================
[2026-06-04 10:29:42.907] [INFO ] [main] New browser context and page created
[2026-06-04 10:29:42.908] [STEP ] [main] >> Navigating to: https://www.saucedemo.com
[2026-06-04 10:29:43.482] [INFO ] [main] Login page loaded
[2026-06-04 10:29:43.482] [INFO ] [main] Logging in as: standard_user
[2026-06-04 10:29:43.482] [STEP ] [main] >> Typing 'standard_user' into #user-name
[2026-06-04 10:29:43.523] [STEP ] [main] >> Typing [MASKED] into #password
[2026-06-04 10:29:43.541] [STEP ] [main] >> Clicking: #login-button
[2026-06-04 10:29:43.634] [INFO ] [main] [PASSED] testProductNamesDisplayed
[2026-06-04 10:29:43.635] [INFO ] [main] TEST END: testProductNamesDisplayed => PASSED
[2026-06-04 10:29:43.636] [INFO ] [main] ----------------------------------------
[2026-06-04 10:29:43.641] [DEBUG] [main] Browser context closed
[2026-06-04 10:29:43.642] [INFO ] [main] ========================================
[2026-06-04 10:29:43.642] [INFO ] [main] TEST START: testProductPricesValid
[2026-06-04 10:29:43.643] [INFO ] [main] ========================================
[2026-06-04 10:29:43.731] [INFO ] [main] New browser context and page created
[2026-06-04 10:29:43.732] [STEP ] [main] >> Navigating to: https://www.saucedemo.com
[2026-06-04 10:29:44.356] [INFO ] [main] Login page loaded
[2026-06-04 10:29:44.357] [INFO ] [main] Logging in as: standard_user
[2026-06-04 10:29:44.357] [STEP ] [main] >> Typing 'standard_user' into #user-name
[2026-06-04 10:29:44.401] [STEP ] [main] >> Typing [MASKED] into #password
[2026-06-04 10:29:44.418] [STEP ] [main] >> Clicking: #login-button
[2026-06-04 10:29:44.493] [INFO ] [main] [PASSED] testProductPricesValid
[2026-06-04 10:29:44.493] [INFO ] [main] TEST END: testProductPricesValid => PASSED
[2026-06-04 10:29:44.495] [INFO ] [main] ----------------------------------------
[2026-06-04 10:29:44.499] [DEBUG] [main] Browser context closed
[2026-06-04 10:29:44.501] [INFO ] [main] ========================================
[2026-06-04 10:29:44.502] [INFO ] [main] TEST START: testSortByNameAZ
[2026-06-04 10:29:44.503] [INFO ] [main] ========================================
[2026-06-04 10:29:44.599] [INFO ] [main] New browser context and page created
[2026-06-04 10:29:44.600] [STEP ] [main] >> Navigating to: https://www.saucedemo.com
[2026-06-04 10:29:45.185] [INFO ] [main] Login page loaded
[2026-06-04 10:29:45.185] [INFO ] [main] Logging in as: standard_user
[2026-06-04 10:29:45.185] [STEP ] [main] >> Typing 'standard_user' into #user-name
[2026-06-04 10:29:45.225] [STEP ] [main] >> Typing [MASKED] into #password
[2026-06-04 10:29:45.240] [STEP ] [main] >> Clicking: #login-button
[2026-06-04 10:29:45.321] [STEP ] [main] >> Sorting: Name (A to Z)
[2026-06-04 10:29:45.322] [STEP ] [main] >> Selecting value 'az' from [data-test='product-sort-container']
[2026-06-04 10:29:45.350] [INFO ] [main] [PASSED] testSortByNameAZ
[2026-06-04 10:29:45.351] [INFO ] [main] TEST END: testSortByNameAZ => PASSED
[2026-06-04 10:29:45.351] [INFO ] [main] ----------------------------------------
[2026-06-04 10:29:45.357] [DEBUG] [main] Browser context closed
[2026-06-04 10:29:45.357] [INFO ] [main] ========================================
[2026-06-04 10:29:45.357] [INFO ] [main] TEST START: testSortByNameZA
[2026-06-04 10:29:45.357] [INFO ] [main] ========================================
[2026-06-04 10:29:45.441] [INFO ] [main] New browser context and page created
[2026-06-04 10:29:45.442] [STEP ] [main] >> Navigating to: https://www.saucedemo.com
[2026-06-04 10:29:46.018] [INFO ] [main] Login page loaded
[2026-06-04 10:29:46.019] [INFO ] [main] Logging in as: standard_user
[2026-06-04 10:29:46.019] [STEP ] [main] >> Typing 'standard_user' into #user-name
[2026-06-04 10:29:46.061] [STEP ] [main] >> Typing [MASKED] into #password
[2026-06-04 10:29:46.078] [STEP ] [main] >> Clicking: #login-button
[2026-06-04 10:29:46.154] [STEP ] [main] >> Sorting: Name (Z to A)
[2026-06-04 10:29:46.155] [STEP ] [main] >> Selecting value 'za' from [data-test='product-sort-container']
[2026-06-04 10:29:46.173] [INFO ] [main] [PASSED] testSortByNameZA
[2026-06-04 10:29:46.175] [INFO ] [main] TEST END: testSortByNameZA => PASSED
[2026-06-04 10:29:46.175] [INFO ] [main] ----------------------------------------
[2026-06-04 10:29:46.181] [DEBUG] [main] Browser context closed
[2026-06-04 10:29:46.182] [INFO ] [main] ========================================
[2026-06-04 10:29:46.182] [INFO ] [main] TEST START: testSortByPriceLowToHigh
[2026-06-04 10:29:46.183] [INFO ] [main] ========================================
[2026-06-04 10:29:46.270] [INFO ] [main] New browser context and page created
[2026-06-04 10:29:46.271] [STEP ] [main] >> Navigating to: https://www.saucedemo.com
[2026-06-04 10:29:46.830] [INFO ] [main] Login page loaded
[2026-06-04 10:29:46.831] [INFO ] [main] Logging in as: standard_user
[2026-06-04 10:29:46.831] [STEP ] [main] >> Typing 'standard_user' into #user-name
[2026-06-04 10:29:46.870] [STEP ] [main] >> Typing [MASKED] into #password
[2026-06-04 10:29:46.889] [STEP ] [main] >> Clicking: #login-button
[2026-06-04 10:29:46.976] [STEP ] [main] >> Sorting: Price (Low to High)
[2026-06-04 10:29:46.976] [STEP ] [main] >> Selecting value 'lohi' from [data-test='product-sort-container']
[2026-06-04 10:29:46.991] [INFO ] [main] [PASSED] testSortByPriceLowToHigh
[2026-06-04 10:29:46.991] [INFO ] [main] TEST END: testSortByPriceLowToHigh => PASSED
[2026-06-04 10:29:46.992] [INFO ] [main] ----------------------------------------
[2026-06-04 10:29:46.996] [DEBUG] [main] Browser context closed
[2026-06-04 10:29:46.996] [INFO ] [main] ========================================
[2026-06-04 10:29:46.996] [INFO ] [main] TEST START: testSortByPriceHighToLow
[2026-06-04 10:29:46.996] [INFO ] [main] ========================================
[2026-06-04 10:29:47.074] [INFO ] [main] New browser context and page created
[2026-06-04 10:29:47.074] [STEP ] [main] >> Navigating to: https://www.saucedemo.com
[2026-06-04 10:29:47.661] [INFO ] [main] Login page loaded
[2026-06-04 10:29:47.661] [INFO ] [main] Logging in as: standard_user
[2026-06-04 10:29:47.661] [STEP ] [main] >> Typing 'standard_user' into #user-name
[2026-06-04 10:29:47.697] [STEP ] [main] >> Typing [MASKED] into #password
[2026-06-04 10:29:47.711] [STEP ] [main] >> Clicking: #login-button
[2026-06-04 10:29:47.785] [STEP ] [main] >> Sorting: Price (High to Low)
[2026-06-04 10:29:47.786] [STEP ] [main] >> Selecting value 'hilo' from [data-test='product-sort-container']
[2026-06-04 10:29:47.805] [INFO ] [main] [PASSED] testSortByPriceHighToLow
[2026-06-04 10:29:47.807] [INFO ] [main] TEST END: testSortByPriceHighToLow => PASSED
[2026-06-04 10:29:47.807] [INFO ] [main] ----------------------------------------
[2026-06-04 10:29:47.813] [DEBUG] [main] Browser context closed
[2026-06-04 10:29:47.816] [INFO ] [main] ========================================
[2026-06-04 10:29:47.816] [INFO ] [main] TEST START: testAddSingleItemToCart
[2026-06-04 10:29:47.816] [INFO ] [main] ========================================
[2026-06-04 10:29:47.890] [INFO ] [main] New browser context and page created
[2026-06-04 10:29:47.891] [STEP ] [main] >> Navigating to: https://www.saucedemo.com
[2026-06-04 10:29:48.448] [INFO ] [main] Login page loaded
[2026-06-04 10:29:48.448] [INFO ] [main] Logging in as: standard_user
[2026-06-04 10:29:48.449] [STEP ] [main] >> Typing 'standard_user' into #user-name
[2026-06-04 10:29:48.486] [STEP ] [main] >> Typing [MASKED] into #password
[2026-06-04 10:29:48.504] [STEP ] [main] >> Clicking: #login-button
[2026-06-04 10:29:48.600] [STEP ] [main] >> Adding to cart: sauce-labs-backpack
[2026-06-04 10:29:48.601] [STEP ] [main] >> Clicking: [data-test='add-to-cart-sauce-labs-backpack']
[2026-06-04 10:29:48.680] [INFO ] [main] [PASSED] testAddSingleItemToCart
[2026-06-04 10:29:48.681] [INFO ] [main] TEST END: testAddSingleItemToCart => PASSED
[2026-06-04 10:29:48.682] [INFO ] [main] ----------------------------------------
[2026-06-04 10:29:48.686] [DEBUG] [main] Browser context closed
[2026-06-04 10:29:48.688] [INFO ] [main] ========================================
[2026-06-04 10:29:48.688] [INFO ] [main] TEST START: testAddMultipleItemsToCart
[2026-06-04 10:29:48.688] [INFO ] [main] ========================================
[2026-06-04 10:29:48.775] [INFO ] [main] New browser context and page created
[2026-06-04 10:29:48.776] [STEP ] [main] >> Navigating to: https://www.saucedemo.com
[2026-06-04 10:29:49.373] [INFO ] [main] Login page loaded
[2026-06-04 10:29:49.374] [INFO ] [main] Logging in as: standard_user
[2026-06-04 10:29:49.374] [STEP ] [main] >> Typing 'standard_user' into #user-name
[2026-06-04 10:29:49.416] [STEP ] [main] >> Typing [MASKED] into #password
[2026-06-04 10:29:49.433] [STEP ] [main] >> Clicking: #login-button
[2026-06-04 10:29:49.518] [STEP ] [main] >> Adding to cart: sauce-labs-backpack
[2026-06-04 10:29:49.518] [STEP ] [main] >> Clicking: [data-test='add-to-cart-sauce-labs-backpack']
[2026-06-04 10:29:49.566] [STEP ] [main] >> Adding to cart: sauce-labs-bike-light
[2026-06-04 10:29:49.567] [STEP ] [main] >> Clicking: [data-test='add-to-cart-sauce-labs-bike-light']
[2026-06-04 10:29:49.604] [STEP ] [main] >> Adding to cart: sauce-labs-bolt-t-shirt
[2026-06-04 10:29:49.604] [STEP ] [main] >> Clicking: [data-test='add-to-cart-sauce-labs-bolt-t-shirt']
[2026-06-04 10:29:49.675] [INFO ] [main] [PASSED] testAddMultipleItemsToCart
[2026-06-04 10:29:49.675] [INFO ] [main] TEST END: testAddMultipleItemsToCart => PASSED
[2026-06-04 10:29:49.676] [INFO ] [main] ----------------------------------------
[2026-06-04 10:29:49.680] [DEBUG] [main] Browser context closed
[2026-06-04 10:29:49.682] [INFO ] [main] ========================================
[2026-06-04 10:29:49.683] [INFO ] [main] TEST START: testAddAllItemsToCart
[2026-06-04 10:29:49.683] [INFO ] [main] ========================================
[2026-06-04 10:29:49.760] [INFO ] [main] New browser context and page created
[2026-06-04 10:29:49.761] [STEP ] [main] >> Navigating to: https://www.saucedemo.com
[2026-06-04 10:29:50.327] [INFO ] [main] Login page loaded
[2026-06-04 10:29:50.328] [INFO ] [main] Logging in as: standard_user
[2026-06-04 10:29:50.328] [STEP ] [main] >> Typing 'standard_user' into #user-name
[2026-06-04 10:29:50.366] [STEP ] [main] >> Typing [MASKED] into #password
[2026-06-04 10:29:50.380] [STEP ] [main] >> Clicking: #login-button
[2026-06-04 10:29:50.458] [STEP ] [main] >> Adding to cart: sauce-labs-backpack
[2026-06-04 10:29:50.458] [STEP ] [main] >> Clicking: [data-test='add-to-cart-sauce-labs-backpack']
[2026-06-04 10:29:50.511] [STEP ] [main] >> Adding to cart: sauce-labs-bike-light
[2026-06-04 10:29:50.512] [STEP ] [main] >> Clicking: [data-test='add-to-cart-sauce-labs-bike-light']
[2026-06-04 10:29:50.556] [STEP ] [main] >> Adding to cart: sauce-labs-bolt-t-shirt
[2026-06-04 10:29:50.557] [STEP ] [main] >> Clicking: [data-test='add-to-cart-sauce-labs-bolt-t-shirt']
[2026-06-04 10:29:50.603] [STEP ] [main] >> Adding to cart: sauce-labs-fleece-jacket
[2026-06-04 10:29:50.603] [STEP ] [main] >> Clicking: [data-test='add-to-cart-sauce-labs-fleece-jacket']
[2026-06-04 10:29:50.656] [STEP ] [main] >> Adding to cart: sauce-labs-onesie
[2026-06-04 10:29:50.656] [STEP ] [main] >> Clicking: [data-test='add-to-cart-sauce-labs-onesie']
[2026-06-04 10:29:50.704] [STEP ] [main] >> Adding to cart: test.allthethings()-t-shirt-(red)
[2026-06-04 10:29:50.705] [STEP ] [main] >> Clicking: [data-test='add-to-cart-test.allthethings()-t-shirt-(red)']
[2026-06-04 10:29:50.765] [INFO ] [main] [PASSED] testAddAllItemsToCart
[2026-06-04 10:29:50.765] [INFO ] [main] TEST END: testAddAllItemsToCart => PASSED
[2026-06-04 10:29:50.766] [INFO ] [main] ----------------------------------------
[2026-06-04 10:29:50.771] [DEBUG] [main] Browser context closed
[2026-06-04 10:29:50.772] [INFO ] [main] ========================================
[2026-06-04 10:29:50.773] [INFO ] [main] TEST START: testRemoveItemFromProductsPage
[2026-06-04 10:29:50.773] [INFO ] [main] ========================================
[2026-06-04 10:29:50.846] [INFO ] [main] New browser context and page created
[2026-06-04 10:29:50.847] [STEP ] [main] >> Navigating to: https://www.saucedemo.com
[2026-06-04 10:29:51.422] [INFO ] [main] Login page loaded
[2026-06-04 10:29:51.423] [INFO ] [main] Logging in as: standard_user
[2026-06-04 10:29:51.423] [STEP ] [main] >> Typing 'standard_user' into #user-name
[2026-06-04 10:29:51.459] [STEP ] [main] >> Typing [MASKED] into #password
[2026-06-04 10:29:51.476] [STEP ] [main] >> Clicking: #login-button
[2026-06-04 10:29:51.552] [STEP ] [main] >> Adding to cart: sauce-labs-backpack
[2026-06-04 10:29:51.553] [STEP ] [main] >> Clicking: [data-test='add-to-cart-sauce-labs-backpack']
[2026-06-04 10:29:51.611] [STEP ] [main] >> Removing from cart: sauce-labs-backpack
[2026-06-04 10:29:51.612] [STEP ] [main] >> Clicking: [data-test='remove-sauce-labs-backpack']
[2026-06-04 10:29:51.638] [INFO ] [main] [PASSED] testRemoveItemFromProductsPage
[2026-06-04 10:29:51.638] [INFO ] [main] TEST END: testRemoveItemFromProductsPage => PASSED
[2026-06-04 10:29:51.638] [INFO ] [main] ----------------------------------------
[2026-06-04 10:29:51.643] [DEBUG] [main] Browser context closed
[2026-06-04 10:29:51.645] [INFO ] [main] ========================================
[2026-06-04 10:29:51.645] [INFO ] [main] TEST START: testAddAndRemoveMultiple
[2026-06-04 10:29:51.645] [INFO ] [main] ========================================
[2026-06-04 10:29:51.752] [INFO ] [main] New browser context and page created
[2026-06-04 10:29:51.753] [STEP ] [main] >> Navigating to: https://www.saucedemo.com
[2026-06-04 10:29:52.312] [INFO ] [main] Login page loaded
[2026-06-04 10:29:52.312] [INFO ] [main] Logging in as: standard_user
[2026-06-04 10:29:52.312] [STEP ] [main] >> Typing 'standard_user' into #user-name
[2026-06-04 10:29:52.355] [STEP ] [main] >> Typing [MASKED] into #password
[2026-06-04 10:29:52.373] [STEP ] [main] >> Clicking: #login-button
[2026-06-04 10:29:52.456] [STEP ] [main] >> Adding to cart: sauce-labs-backpack
[2026-06-04 10:29:52.457] [STEP ] [main] >> Clicking: [data-test='add-to-cart-sauce-labs-backpack']
[2026-06-04 10:29:52.511] [STEP ] [main] >> Adding to cart: sauce-labs-bike-light
[2026-06-04 10:29:52.512] [STEP ] [main] >> Clicking: [data-test='add-to-cart-sauce-labs-bike-light']
[2026-06-04 10:29:52.562] [STEP ] [main] >> Removing from cart: sauce-labs-backpack
[2026-06-04 10:29:52.563] [STEP ] [main] >> Clicking: [data-test='remove-sauce-labs-backpack']
[2026-06-04 10:29:52.615] [INFO ] [main] [PASSED] testAddAndRemoveMultiple
[2026-06-04 10:29:52.616] [INFO ] [main] TEST END: testAddAndRemoveMultiple => PASSED
[2026-06-04 10:29:52.616] [INFO ] [main] ----------------------------------------
[2026-06-04 10:29:52.621] [DEBUG] [main] Browser context closed
[2026-06-04 10:29:52.665] [INFO ] [main] Browser closed
[2026-06-04 10:29:52.665] [INFO ] [main] 
[2026-06-04 10:29:52.666] [INFO ] [main] ==========================================
[2026-06-04 10:29:52.666] [INFO ] [main]          FINAL TEST RESULTS               
[2026-06-04 10:29:52.666] [INFO ] [main] ==========================================
[2026-06-04 10:29:52.666] [INFO ] [main]   Passed  : 29
[2026-06-04 10:29:52.666] [INFO ] [main]   Failed  : 0
[2026-06-04 10:29:52.667] [INFO ] [main]   Skipped : 0
[2026-06-04 10:29:52.667] [INFO ] [main]   Total   : 29
[2026-06-04 10:29:52.667] [INFO ] [main]   Pass Rate: 100.0%
[2026-06-04 10:29:52.667] [INFO ] [main] ==========================================
[2026-06-04 10:29:52.672] [INFO ] [main] Test Suite starting: Cart Tests
[2026-06-04 10:29:52.672] [INFO ] [main] Launching browser: chromium | headless: true | slowMotion: 0ms
[2026-06-04 10:29:52.800] [INFO ] [main] chromium browser launched
[2026-06-04 10:29:52.801] [INFO ] [main] ========================================
[2026-06-04 10:29:52.801] [INFO ] [main] TEST START: testEmptyCartPage
[2026-06-04 10:29:52.801] [INFO ] [main] ========================================
[2026-06-04 10:29:52.923] [INFO ] [main] New browser context and page created
[2026-06-04 10:29:52.924] [STEP ] [main] >> Navigating to: https://www.saucedemo.com
[2026-06-04 10:29:53.561] [INFO ] [main] Login page loaded
[2026-06-04 10:29:53.562] [INFO ] [main] Logging in as: standard_user
[2026-06-04 10:29:53.562] [STEP ] [main] >> Typing 'standard_user' into #user-name
[2026-06-04 10:29:53.601] [STEP ] [main] >> Typing [MASKED] into #password
[2026-06-04 10:29:53.616] [STEP ] [main] >> Clicking: #login-button
[2026-06-04 10:29:53.696] [STEP ] [main] >> Navigating to cart
[2026-06-04 10:29:53.697] [STEP ] [main] >> Clicking: .shopping_cart_link
[2026-06-04 10:29:53.769] [INFO ] [main] [PASSED] testEmptyCartPage
[2026-06-04 10:29:53.769] [INFO ] [main] TEST END: testEmptyCartPage => PASSED
[2026-06-04 10:29:53.770] [INFO ] [main] ----------------------------------------
[2026-06-04 10:29:53.775] [DEBUG] [main] Browser context closed
[2026-06-04 10:29:53.776] [INFO ] [main] ========================================
[2026-06-04 10:29:53.777] [INFO ] [main] TEST START: testSingleItemInCart
[2026-06-04 10:29:53.777] [INFO ] [main] ========================================
[2026-06-04 10:29:53.875] [INFO ] [main] New browser context and page created
[2026-06-04 10:29:53.875] [STEP ] [main] >> Navigating to: https://www.saucedemo.com
[2026-06-04 10:29:54.452] [INFO ] [main] Login page loaded
[2026-06-04 10:29:54.452] [INFO ] [main] Logging in as: standard_user
[2026-06-04 10:29:54.453] [STEP ] [main] >> Typing 'standard_user' into #user-name
[2026-06-04 10:29:54.493] [STEP ] [main] >> Typing [MASKED] into #password
[2026-06-04 10:29:54.509] [STEP ] [main] >> Clicking: #login-button
[2026-06-04 10:29:54.597] [STEP ] [main] >> Adding to cart: sauce-labs-backpack
[2026-06-04 10:29:54.597] [STEP ] [main] >> Clicking: [data-test='add-to-cart-sauce-labs-backpack']
[2026-06-04 10:29:54.642] [STEP ] [main] >> Navigating to cart
[2026-06-04 10:29:54.643] [STEP ] [main] >> Clicking: .shopping_cart_link
[2026-06-04 10:29:54.711] [INFO ] [main] [PASSED] testSingleItemInCart
[2026-06-04 10:29:54.712] [INFO ] [main] TEST END: testSingleItemInCart => PASSED
[2026-06-04 10:29:54.712] [INFO ] [main] ----------------------------------------
[2026-06-04 10:29:54.717] [DEBUG] [main] Browser context closed
[2026-06-04 10:29:54.718] [INFO ] [main] ========================================
[2026-06-04 10:29:54.718] [INFO ] [main] TEST START: testMultipleItemsInCart
[2026-06-04 10:29:54.718] [INFO ] [main] ========================================
[2026-06-04 10:29:54.807] [INFO ] [main] New browser context and page created
[2026-06-04 10:29:54.808] [STEP ] [main] >> Navigating to: https://www.saucedemo.com
[2026-06-04 10:29:55.473] [INFO ] [main] Login page loaded
[2026-06-04 10:29:55.474] [INFO ] [main] Logging in as: standard_user
[2026-06-04 10:29:55.474] [STEP ] [main] >> Typing 'standard_user' into #user-name
[2026-06-04 10:29:55.513] [STEP ] [main] >> Typing [MASKED] into #password
[2026-06-04 10:29:55.527] [STEP ] [main] >> Clicking: #login-button
[2026-06-04 10:29:55.601] [STEP ] [main] >> Adding to cart: sauce-labs-backpack
[2026-06-04 10:29:55.601] [STEP ] [main] >> Clicking: [data-test='add-to-cart-sauce-labs-backpack']
[2026-06-04 10:29:55.656] [STEP ] [main] >> Adding to cart: sauce-labs-bike-light
[2026-06-04 10:29:55.656] [STEP ] [main] >> Clicking: [data-test='add-to-cart-sauce-labs-bike-light']
[2026-06-04 10:29:55.705] [STEP ] [main] >> Adding to cart: sauce-labs-fleece-jacket
[2026-06-04 10:29:55.706] [STEP ] [main] >> Clicking: [data-test='add-to-cart-sauce-labs-fleece-jacket']
[2026-06-04 10:29:55.754] [STEP ] [main] >> Navigating to cart
[2026-06-04 10:29:55.754] [STEP ] [main] >> Clicking: .shopping_cart_link
[2026-06-04 10:29:55.822] [INFO ] [main] [PASSED] testMultipleItemsInCart
[2026-06-04 10:29:55.823] [INFO ] [main] TEST END: testMultipleItemsInCart => PASSED
[2026-06-04 10:29:55.824] [INFO ] [main] ----------------------------------------
[2026-06-04 10:29:55.828] [DEBUG] [main] Browser context closed
[2026-06-04 10:29:55.830] [INFO ] [main] ========================================
[2026-06-04 10:29:55.830] [INFO ] [main] TEST START: testRemoveItemFromCart
[2026-06-04 10:29:55.830] [INFO ] [main] ========================================
[2026-06-04 10:29:55.945] [INFO ] [main] New browser context and page created
[2026-06-04 10:29:55.946] [STEP ] [main] >> Navigating to: https://www.saucedemo.com
[2026-06-04 10:29:56.574] [INFO ] [main] Login page loaded
[2026-06-04 10:29:56.575] [INFO ] [main] Logging in as: standard_user
[2026-06-04 10:29:56.575] [STEP ] [main] >> Typing 'standard_user' into #user-name
[2026-06-04 10:29:56.620] [STEP ] [main] >> Typing [MASKED] into #password
[2026-06-04 10:29:56.639] [STEP ] [main] >> Clicking: #login-button
[2026-06-04 10:29:56.718] [STEP ] [main] >> Adding to cart: sauce-labs-backpack
[2026-06-04 10:29:56.719] [STEP ] [main] >> Clicking: [data-test='add-to-cart-sauce-labs-backpack']
[2026-06-04 10:29:56.772] [STEP ] [main] >> Adding to cart: sauce-labs-bike-light
[2026-06-04 10:29:56.772] [STEP ] [main] >> Clicking: [data-test='add-to-cart-sauce-labs-bike-light']
[2026-06-04 10:29:56.819] [STEP ] [main] >> Navigating to cart
[2026-06-04 10:29:56.819] [STEP ] [main] >> Clicking: .shopping_cart_link
[2026-06-04 10:29:56.871] [STEP ] [main] >> Removing item from cart: sauce-labs-backpack
[2026-06-04 10:29:56.872] [STEP ] [main] >> Clicking: [data-test='remove-sauce-labs-backpack']
[2026-06-04 10:29:56.931] [INFO ] [main] [PASSED] testRemoveItemFromCart
[2026-06-04 10:29:56.933] [INFO ] [main] TEST END: testRemoveItemFromCart => PASSED
[2026-06-04 10:29:56.933] [INFO ] [main] ----------------------------------------
[2026-06-04 10:29:56.938] [DEBUG] [main] Browser context closed
[2026-06-04 10:29:56.939] [INFO ] [main] ========================================
[2026-06-04 10:29:56.939] [INFO ] [main] TEST START: testRemoveAllItemsFromCart
[2026-06-04 10:29:56.939] [INFO ] [main] ========================================
[2026-06-04 10:29:57.029] [INFO ] [main] New browser context and page created
[2026-06-04 10:29:57.030] [STEP ] [main] >> Navigating to: https://www.saucedemo.com
[2026-06-04 10:29:57.605] [INFO ] [main] Login page loaded
[2026-06-04 10:29:57.605] [INFO ] [main] Logging in as: standard_user
[2026-06-04 10:29:57.605] [STEP ] [main] >> Typing 'standard_user' into #user-name
[2026-06-04 10:29:57.647] [STEP ] [main] >> Typing [MASKED] into #password
[2026-06-04 10:29:57.666] [STEP ] [main] >> Clicking: #login-button
[2026-06-04 10:29:57.739] [STEP ] [main] >> Adding to cart: sauce-labs-backpack
[2026-06-04 10:29:57.739] [STEP ] [main] >> Clicking: [data-test='add-to-cart-sauce-labs-backpack']
[2026-06-04 10:29:57.789] [STEP ] [main] >> Adding to cart: sauce-labs-bike-light
[2026-06-04 10:29:57.790] [STEP ] [main] >> Clicking: [data-test='add-to-cart-sauce-labs-bike-light']
[2026-06-04 10:29:57.836] [STEP ] [main] >> Navigating to cart
[2026-06-04 10:29:57.836] [STEP ] [main] >> Clicking: .shopping_cart_link
[2026-06-04 10:29:57.893] [STEP ] [main] >> Removing item from cart: sauce-labs-backpack
[2026-06-04 10:29:57.894] [STEP ] [main] >> Clicking: [data-test='remove-sauce-labs-backpack']
[2026-06-04 10:29:57.936] [STEP ] [main] >> Removing item from cart: sauce-labs-bike-light
[2026-06-04 10:29:57.936] [STEP ] [main] >> Clicking: [data-test='remove-sauce-labs-bike-light']
[2026-06-04 10:29:57.987] [INFO ] [main] [PASSED] testRemoveAllItemsFromCart
[2026-06-04 10:29:57.988] [INFO ] [main] TEST END: testRemoveAllItemsFromCart => PASSED
[2026-06-04 10:29:57.988] [INFO ] [main] ----------------------------------------
[2026-06-04 10:29:57.993] [DEBUG] [main] Browser context closed
[2026-06-04 10:29:57.994] [INFO ] [main] ========================================
[2026-06-04 10:29:57.994] [INFO ] [main] TEST START: testContinueShopping
[2026-06-04 10:29:57.994] [INFO ] [main] ========================================
[2026-06-04 10:29:58.076] [INFO ] [main] New browser context and page created
[2026-06-04 10:29:58.076] [STEP ] [main] >> Navigating to: https://www.saucedemo.com
[2026-06-04 10:29:58.637] [INFO ] [main] Login page loaded
[2026-06-04 10:29:58.638] [INFO ] [main] Logging in as: standard_user
[2026-06-04 10:29:58.638] [STEP ] [main] >> Typing 'standard_user' into #user-name
[2026-06-04 10:29:58.677] [STEP ] [main] >> Typing [MASKED] into #password
[2026-06-04 10:29:58.692] [STEP ] [main] >> Clicking: #login-button
[2026-06-04 10:29:58.772] [STEP ] [main] >> Adding to cart: sauce-labs-backpack
[2026-06-04 10:29:58.773] [STEP ] [main] >> Clicking: [data-test='add-to-cart-sauce-labs-backpack']
[2026-06-04 10:29:58.827] [STEP ] [main] >> Navigating to cart
[2026-06-04 10:29:58.827] [STEP ] [main] >> Clicking: .shopping_cart_link
[2026-06-04 10:29:58.875] [STEP ] [main] >> Continuing shopping
[2026-06-04 10:29:58.875] [STEP ] [main] >> Clicking: [data-test='continue-shopping']
[2026-06-04 10:29:58.955] [INFO ] [main] [PASSED] testContinueShopping
[2026-06-04 10:29:58.956] [INFO ] [main] TEST END: testContinueShopping => PASSED
[2026-06-04 10:29:58.956] [INFO ] [main] ----------------------------------------
[2026-06-04 10:29:58.961] [DEBUG] [main] Browser context closed
[2026-06-04 10:29:58.963] [INFO ] [main] ========================================
[2026-06-04 10:29:58.963] [INFO ] [main] TEST START: testProceedToCheckout
[2026-06-04 10:29:58.963] [INFO ] [main] ========================================
[2026-06-04 10:29:59.044] [INFO ] [main] New browser context and page created
[2026-06-04 10:29:59.045] [STEP ] [main] >> Navigating to: https://www.saucedemo.com
[2026-06-04 10:29:59.619] [INFO ] [main] Login page loaded
[2026-06-04 10:29:59.620] [INFO ] [main] Logging in as: standard_user
[2026-06-04 10:29:59.620] [STEP ] [main] >> Typing 'standard_user' into #user-name
[2026-06-04 10:29:59.662] [STEP ] [main] >> Typing [MASKED] into #password
[2026-06-04 10:29:59.683] [STEP ] [main] >> Clicking: #login-button
[2026-06-04 10:29:59.766] [STEP ] [main] >> Adding to cart: sauce-labs-backpack
[2026-06-04 10:29:59.767] [STEP ] [main] >> Clicking: [data-test='add-to-cart-sauce-labs-backpack']
[2026-06-04 10:29:59.808] [STEP ] [main] >> Navigating to cart
[2026-06-04 10:29:59.808] [STEP ] [main] >> Clicking: .shopping_cart_link
[2026-06-04 10:29:59.858] [STEP ] [main] >> Proceeding to checkout
[2026-06-04 10:29:59.858] [STEP ] [main] >> Clicking: [data-test='checkout']
[2026-06-04 10:29:59.922] [INFO ] [main] [PASSED] testProceedToCheckout
[2026-06-04 10:29:59.923] [INFO ] [main] TEST END: testProceedToCheckout => PASSED
[2026-06-04 10:29:59.923] [INFO ] [main] ----------------------------------------
[2026-06-04 10:29:59.928] [DEBUG] [main] Browser context closed
[2026-06-04 10:29:59.989] [INFO ] [main] Browser closed
[2026-06-04 10:29:59.990] [INFO ] [main] 
[2026-06-04 10:29:59.990] [INFO ] [main] ==========================================
[2026-06-04 10:29:59.990] [INFO ] [main]          FINAL TEST RESULTS               
[2026-06-04 10:29:59.990] [INFO ] [main] ==========================================
[2026-06-04 10:29:59.990] [INFO ] [main]   Passed  : 36
[2026-06-04 10:29:59.990] [INFO ] [main]   Failed  : 0
[2026-06-04 10:29:59.990] [INFO ] [main]   Skipped : 0
[2026-06-04 10:29:59.991] [INFO ] [main]   Total   : 36
[2026-06-04 10:29:59.991] [INFO ] [main]   Pass Rate: 100.0%
[2026-06-04 10:29:59.991] [INFO ] [main] ==========================================
[2026-06-04 10:29:59.994] [INFO ] [main] Test Suite starting: Checkout Tests
[2026-06-04 10:29:59.995] [INFO ] [main] Launching browser: chromium | headless: true | slowMotion: 0ms
[2026-06-04 10:30:00.135] [INFO ] [main] chromium browser launched
[2026-06-04 10:30:00.136] [INFO ] [main] ========================================
[2026-06-04 10:30:00.136] [INFO ] [main] TEST START: testCheckoutStepOneLoads
[2026-06-04 10:30:00.136] [INFO ] [main] ========================================
[2026-06-04 10:30:00.244] [INFO ] [main] New browser context and page created
[2026-06-04 10:30:00.245] [STEP ] [main] >> Navigating to: https://www.saucedemo.com
[2026-06-04 10:30:00.845] [INFO ] [main] Login page loaded
[2026-06-04 10:30:00.846] [INFO ] [main] Logging in as: standard_user
[2026-06-04 10:30:00.846] [STEP ] [main] >> Typing 'standard_user' into #user-name
[2026-06-04 10:30:00.884] [STEP ] [main] >> Typing [MASKED] into #password
[2026-06-04 10:30:00.898] [STEP ] [main] >> Clicking: #login-button
[2026-06-04 10:30:00.970] [STEP ] [main] >> Adding to cart: sauce-labs-backpack
[2026-06-04 10:30:00.970] [STEP ] [main] >> Clicking: [data-test='add-to-cart-sauce-labs-backpack']
[2026-06-04 10:30:01.022] [STEP ] [main] >> Navigating to cart
[2026-06-04 10:30:01.022] [STEP ] [main] >> Clicking: .shopping_cart_link
[2026-06-04 10:30:01.078] [STEP ] [main] >> Proceeding to checkout
[2026-06-04 10:30:01.078] [STEP ] [main] >> Clicking: [data-test='checkout']
[2026-06-04 10:30:01.142] [INFO ] [main] [PASSED] testCheckoutStepOneLoads
[2026-06-04 10:30:01.143] [INFO ] [main] TEST END: testCheckoutStepOneLoads => PASSED
[2026-06-04 10:30:01.143] [INFO ] [main] ----------------------------------------
[2026-06-04 10:30:01.148] [DEBUG] [main] Browser context closed
[2026-06-04 10:30:01.149] [INFO ] [main] ========================================
[2026-06-04 10:30:01.149] [INFO ] [main] TEST START: testValidCheckoutInfo
[2026-06-04 10:30:01.149] [INFO ] [main] ========================================
[2026-06-04 10:30:01.256] [INFO ] [main] New browser context and page created
[2026-06-04 10:30:01.258] [STEP ] [main] >> Navigating to: https://www.saucedemo.com
[2026-06-04 10:30:01.847] [INFO ] [main] Login page loaded
[2026-06-04 10:30:01.848] [INFO ] [main] Logging in as: standard_user
[2026-06-04 10:30:01.848] [STEP ] [main] >> Typing 'standard_user' into #user-name
[2026-06-04 10:30:01.889] [STEP ] [main] >> Typing [MASKED] into #password
[2026-06-04 10:30:01.905] [STEP ] [main] >> Clicking: #login-button
[2026-06-04 10:30:01.994] [STEP ] [main] >> Adding to cart: sauce-labs-backpack
[2026-06-04 10:30:01.995] [STEP ] [main] >> Clicking: [data-test='add-to-cart-sauce-labs-backpack']
[2026-06-04 10:30:02.053] [STEP ] [main] >> Navigating to cart
[2026-06-04 10:30:02.053] [STEP ] [main] >> Clicking: .shopping_cart_link
[2026-06-04 10:30:02.092] [STEP ] [main] >> Proceeding to checkout
[2026-06-04 10:30:02.092] [STEP ] [main] >> Clicking: [data-test='checkout']
[2026-06-04 10:30:02.144] [STEP ] [main] >> Typing 'John' into [data-test='firstName']
[2026-06-04 10:30:02.160] [STEP ] [main] >> Typing 'Doe' into [data-test='lastName']
[2026-06-04 10:30:02.172] [STEP ] [main] >> Typing '10001' into [data-test='postalCode']
[2026-06-04 10:30:02.184] [STEP ] [main] >> Clicking: [data-test='continue']
[2026-06-04 10:30:02.247] [INFO ] [main] [PASSED] testValidCheckoutInfo
[2026-06-04 10:30:02.248] [INFO ] [main] TEST END: testValidCheckoutInfo => PASSED
[2026-06-04 10:30:02.248] [INFO ] [main] ----------------------------------------
[2026-06-04 10:30:02.252] [DEBUG] [main] Browser context closed
[2026-06-04 10:30:02.252] [INFO ] [main] ========================================
[2026-06-04 10:30:02.252] [INFO ] [main] TEST START: testValidCheckoutInfo
[2026-06-04 10:30:02.252] [INFO ] [main] ========================================
[2026-06-04 10:30:02.358] [INFO ] [main] New browser context and page created
[2026-06-04 10:30:02.359] [STEP ] [main] >> Navigating to: https://www.saucedemo.com
[2026-06-04 10:30:02.948] [INFO ] [main] Login page loaded
[2026-06-04 10:30:02.949] [INFO ] [main] Logging in as: standard_user
[2026-06-04 10:30:02.949] [STEP ] [main] >> Typing 'standard_user' into #user-name
[2026-06-04 10:30:02.988] [STEP ] [main] >> Typing [MASKED] into #password
[2026-06-04 10:30:03.003] [STEP ] [main] >> Clicking: #login-button
[2026-06-04 10:30:03.086] [STEP ] [main] >> Adding to cart: sauce-labs-backpack
[2026-06-04 10:30:03.086] [STEP ] [main] >> Clicking: [data-test='add-to-cart-sauce-labs-backpack']
[2026-06-04 10:30:03.139] [STEP ] [main] >> Navigating to cart
[2026-06-04 10:30:03.140] [STEP ] [main] >> Clicking: .shopping_cart_link
[2026-06-04 10:30:03.198] [STEP ] [main] >> Proceeding to checkout
[2026-06-04 10:30:03.198] [STEP ] [main] >> Clicking: [data-test='checkout']
[2026-06-04 10:30:03.241] [STEP ] [main] >> Typing 'Jane' into [data-test='firstName']
[2026-06-04 10:30:03.254] [STEP ] [main] >> Typing 'Smith' into [data-test='lastName']
[2026-06-04 10:30:03.265] [STEP ] [main] >> Typing '90210' into [data-test='postalCode']
[2026-06-04 10:30:03.277] [STEP ] [main] >> Clicking: [data-test='continue']
[2026-06-04 10:30:03.352] [INFO ] [main] [PASSED] testValidCheckoutInfo
[2026-06-04 10:30:03.353] [INFO ] [main] TEST END: testValidCheckoutInfo => PASSED
[2026-06-04 10:30:03.353] [INFO ] [main] ----------------------------------------
[2026-06-04 10:30:03.358] [DEBUG] [main] Browser context closed
[2026-06-04 10:30:03.359] [INFO ] [main] ========================================
[2026-06-04 10:30:03.360] [INFO ] [main] TEST START: testValidCheckoutInfo
[2026-06-04 10:30:03.360] [INFO ] [main] ========================================
[2026-06-04 10:30:03.486] [INFO ] [main] New browser context and page created
[2026-06-04 10:30:03.486] [STEP ] [main] >> Navigating to: https://www.saucedemo.com
[2026-06-04 10:30:04.118] [INFO ] [main] Login page loaded
[2026-06-04 10:30:04.118] [INFO ] [main] Logging in as: standard_user
[2026-06-04 10:30:04.119] [STEP ] [main] >> Typing 'standard_user' into #user-name
[2026-06-04 10:30:04.154] [STEP ] [main] >> Typing [MASKED] into #password
[2026-06-04 10:30:04.169] [STEP ] [main] >> Clicking: #login-button
[2026-06-04 10:30:04.257] [STEP ] [main] >> Adding to cart: sauce-labs-backpack
[2026-06-04 10:30:04.258] [STEP ] [main] >> Clicking: [data-test='add-to-cart-sauce-labs-backpack']
[2026-06-04 10:30:04.315] [STEP ] [main] >> Navigating to cart
[2026-06-04 10:30:04.316] [STEP ] [main] >> Clicking: .shopping_cart_link
[2026-06-04 10:30:04.363] [STEP ] [main] >> Proceeding to checkout
[2026-06-04 10:30:04.363] [STEP ] [main] >> Clicking: [data-test='checkout']
[2026-06-04 10:30:04.407] [STEP ] [main] >> Typing 'Alex' into [data-test='firstName']
[2026-06-04 10:30:04.423] [STEP ] [main] >> Typing 'Brown' into [data-test='lastName']
[2026-06-04 10:30:04.436] [STEP ] [main] >> Typing '60601' into [data-test='postalCode']
[2026-06-04 10:30:04.447] [STEP ] [main] >> Clicking: [data-test='continue']
[2026-06-04 10:30:04.504] [INFO ] [main] [PASSED] testValidCheckoutInfo
[2026-06-04 10:30:04.505] [INFO ] [main] TEST END: testValidCheckoutInfo => PASSED
[2026-06-04 10:30:04.506] [INFO ] [main] ----------------------------------------
[2026-06-04 10:30:04.512] [DEBUG] [main] Browser context closed
[2026-06-04 10:30:04.512] [INFO ] [main] ========================================
[2026-06-04 10:30:04.512] [INFO ] [main] TEST START: testInvalidCheckoutInfo
[2026-06-04 10:30:04.512] [INFO ] [main] ========================================
[2026-06-04 10:30:04.586] [INFO ] [main] New browser context and page created
[2026-06-04 10:30:04.589] [STEP ] [main] >> Navigating to: https://www.saucedemo.com
[2026-06-04 10:30:05.199] [INFO ] [main] Login page loaded
[2026-06-04 10:30:05.202] [INFO ] [main] Logging in as: standard_user
[2026-06-04 10:30:05.202] [STEP ] [main] >> Typing 'standard_user' into #user-name
[2026-06-04 10:30:05.237] [STEP ] [main] >> Typing [MASKED] into #password
[2026-06-04 10:30:05.252] [STEP ] [main] >> Clicking: #login-button
[2026-06-04 10:30:05.314] [STEP ] [main] >> Adding to cart: sauce-labs-backpack
[2026-06-04 10:30:05.314] [STEP ] [main] >> Clicking: [data-test='add-to-cart-sauce-labs-backpack']
[2026-06-04 10:30:05.367] [STEP ] [main] >> Navigating to cart
[2026-06-04 10:30:05.367] [STEP ] [main] >> Clicking: .shopping_cart_link
[2026-06-04 10:30:05.410] [STEP ] [main] >> Proceeding to checkout
[2026-06-04 10:30:05.410] [STEP ] [main] >> Clicking: [data-test='checkout']
[2026-06-04 10:30:05.457] [STEP ] [main] >> Typing '' into [data-test='firstName']
[2026-06-04 10:30:05.470] [STEP ] [main] >> Typing 'Doe' into [data-test='lastName']
[2026-06-04 10:30:05.487] [STEP ] [main] >> Typing '10001' into [data-test='postalCode']
[2026-06-04 10:30:05.501] [STEP ] [main] >> Clicking: [data-test='continue']
[2026-06-04 10:30:05.554] [INFO ] [main] [PASSED] testInvalidCheckoutInfo
[2026-06-04 10:30:05.555] [INFO ] [main] TEST END: testInvalidCheckoutInfo => PASSED
[2026-06-04 10:30:05.555] [INFO ] [main] ----------------------------------------
[2026-06-04 10:30:05.559] [DEBUG] [main] Browser context closed
[2026-06-04 10:30:05.559] [INFO ] [main] ========================================
[2026-06-04 10:30:05.559] [INFO ] [main] TEST START: testInvalidCheckoutInfo
[2026-06-04 10:30:05.562] [INFO ] [main] ========================================
[2026-06-04 10:30:05.661] [INFO ] [main] New browser context and page created
[2026-06-04 10:30:05.661] [STEP ] [main] >> Navigating to: https://www.saucedemo.com
[2026-06-04 10:30:06.222] [INFO ] [main] Login page loaded
[2026-06-04 10:30:06.222] [INFO ] [main] Logging in as: standard_user
[2026-06-04 10:30:06.222] [STEP ] [main] >> Typing 'standard_user' into #user-name
[2026-06-04 10:30:06.259] [STEP ] [main] >> Typing [MASKED] into #password
[2026-06-04 10:30:06.275] [STEP ] [main] >> Clicking: #login-button
[2026-06-04 10:30:06.354] [STEP ] [main] >> Adding to cart: sauce-labs-backpack
[2026-06-04 10:30:06.354] [STEP ] [main] >> Clicking: [data-test='add-to-cart-sauce-labs-backpack']
[2026-06-04 10:30:06.405] [STEP ] [main] >> Navigating to cart
[2026-06-04 10:30:06.405] [STEP ] [main] >> Clicking: .shopping_cart_link
[2026-06-04 10:30:06.461] [STEP ] [main] >> Proceeding to checkout
[2026-06-04 10:30:06.461] [STEP ] [main] >> Clicking: [data-test='checkout']
[2026-06-04 10:30:06.512] [STEP ] [main] >> Typing 'John' into [data-test='firstName']
[2026-06-04 10:30:06.530] [STEP ] [main] >> Typing '' into [data-test='lastName']
[2026-06-04 10:30:06.541] [STEP ] [main] >> Typing '10001' into [data-test='postalCode']
[2026-06-04 10:30:06.552] [STEP ] [main] >> Clicking: [data-test='continue']
[2026-06-04 10:30:06.600] [INFO ] [main] [PASSED] testInvalidCheckoutInfo
[2026-06-04 10:30:06.601] [INFO ] [main] TEST END: testInvalidCheckoutInfo => PASSED
[2026-06-04 10:30:06.601] [INFO ] [main] ----------------------------------------
[2026-06-04 10:30:06.605] [DEBUG] [main] Browser context closed
[2026-06-04 10:30:06.605] [INFO ] [main] ========================================
[2026-06-04 10:30:06.607] [INFO ] [main] TEST START: testInvalidCheckoutInfo
[2026-06-04 10:30:06.607] [INFO ] [main] ========================================
[2026-06-04 10:30:06.709] [INFO ] [main] New browser context and page created
[2026-06-04 10:30:06.709] [STEP ] [main] >> Navigating to: https://www.saucedemo.com
[2026-06-04 10:30:07.306] [INFO ] [main] Login page loaded
[2026-06-04 10:30:07.306] [INFO ] [main] Logging in as: standard_user
[2026-06-04 10:30:07.306] [STEP ] [main] >> Typing 'standard_user' into #user-name
[2026-06-04 10:30:07.342] [STEP ] [main] >> Typing [MASKED] into #password
[2026-06-04 10:30:07.356] [STEP ] [main] >> Clicking: #login-button
[2026-06-04 10:30:07.439] [STEP ] [main] >> Adding to cart: sauce-labs-backpack
[2026-06-04 10:30:07.439] [STEP ] [main] >> Clicking: [data-test='add-to-cart-sauce-labs-backpack']
[2026-06-04 10:30:07.488] [STEP ] [main] >> Navigating to cart
[2026-06-04 10:30:07.488] [STEP ] [main] >> Clicking: .shopping_cart_link
[2026-06-04 10:30:07.543] [STEP ] [main] >> Proceeding to checkout
[2026-06-04 10:30:07.544] [STEP ] [main] >> Clicking: [data-test='checkout']
[2026-06-04 10:30:07.592] [STEP ] [main] >> Typing 'John' into [data-test='firstName']
[2026-06-04 10:30:07.607] [STEP ] [main] >> Typing 'Doe' into [data-test='lastName']
[2026-06-04 10:30:07.619] [STEP ] [main] >> Typing '' into [data-test='postalCode']
[2026-06-04 10:30:07.630] [STEP ] [main] >> Clicking: [data-test='continue']
[2026-06-04 10:30:07.686] [INFO ] [main] [PASSED] testInvalidCheckoutInfo
[2026-06-04 10:30:07.687] [INFO ] [main] TEST END: testInvalidCheckoutInfo => PASSED
[2026-06-04 10:30:07.687] [INFO ] [main] ----------------------------------------
[2026-06-04 10:30:07.693] [DEBUG] [main] Browser context closed
[2026-06-04 10:30:07.694] [INFO ] [main] ========================================
[2026-06-04 10:30:07.694] [INFO ] [main] TEST START: testAllFieldsEmpty
[2026-06-04 10:30:07.694] [INFO ] [main] ========================================
[2026-06-04 10:30:07.772] [INFO ] [main] New browser context and page created
[2026-06-04 10:30:07.773] [STEP ] [main] >> Navigating to: https://www.saucedemo.com
[2026-06-04 10:30:08.360] [INFO ] [main] Login page loaded
[2026-06-04 10:30:08.361] [INFO ] [main] Logging in as: standard_user
[2026-06-04 10:30:08.361] [STEP ] [main] >> Typing 'standard_user' into #user-name
[2026-06-04 10:30:08.397] [STEP ] [main] >> Typing [MASKED] into #password
[2026-06-04 10:30:08.413] [STEP ] [main] >> Clicking: #login-button
[2026-06-04 10:30:08.484] [STEP ] [main] >> Adding to cart: sauce-labs-backpack
[2026-06-04 10:30:08.485] [STEP ] [main] >> Clicking: [data-test='add-to-cart-sauce-labs-backpack']
[2026-06-04 10:30:08.537] [STEP ] [main] >> Navigating to cart
[2026-06-04 10:30:08.537] [STEP ] [main] >> Clicking: .shopping_cart_link
[2026-06-04 10:30:08.592] [STEP ] [main] >> Proceeding to checkout
[2026-06-04 10:30:08.592] [STEP ] [main] >> Clicking: [data-test='checkout']
[2026-06-04 10:30:08.644] [STEP ] [main] >> Clicking: [data-test='continue']
[2026-06-04 10:30:08.711] [INFO ] [main] [PASSED] testAllFieldsEmpty
[2026-06-04 10:30:08.711] [INFO ] [main] TEST END: testAllFieldsEmpty => PASSED
[2026-06-04 10:30:08.711] [INFO ] [main] ----------------------------------------
[2026-06-04 10:30:08.718] [DEBUG] [main] Browser context closed
[2026-06-04 10:30:08.720] [INFO ] [main] ========================================
[2026-06-04 10:30:08.720] [INFO ] [main] TEST START: testCancelOnStepOne
[2026-06-04 10:30:08.721] [INFO ] [main] ========================================
[2026-06-04 10:30:08.809] [INFO ] [main] New browser context and page created
[2026-06-04 10:30:08.810] [STEP ] [main] >> Navigating to: https://www.saucedemo.com
[2026-06-04 10:30:09.365] [INFO ] [main] Login page loaded
[2026-06-04 10:30:09.366] [INFO ] [main] Logging in as: standard_user
[2026-06-04 10:30:09.366] [STEP ] [main] >> Typing 'standard_user' into #user-name
[2026-06-04 10:30:09.413] [STEP ] [main] >> Typing [MASKED] into #password
[2026-06-04 10:30:09.432] [STEP ] [main] >> Clicking: #login-button
[2026-06-04 10:30:09.501] [STEP ] [main] >> Adding to cart: sauce-labs-backpack
[2026-06-04 10:30:09.502] [STEP ] [main] >> Clicking: [data-test='add-to-cart-sauce-labs-backpack']
[2026-06-04 10:30:09.553] [STEP ] [main] >> Navigating to cart
[2026-06-04 10:30:09.554] [STEP ] [main] >> Clicking: .shopping_cart_link
[2026-06-04 10:30:09.593] [STEP ] [main] >> Proceeding to checkout
[2026-06-04 10:30:09.593] [STEP ] [main] >> Clicking: [data-test='checkout']
[2026-06-04 10:30:09.643] [STEP ] [main] >> Clicking: [data-test='cancel']
[2026-06-04 10:30:09.703] [INFO ] [main] [PASSED] testCancelOnStepOne
[2026-06-04 10:30:09.704] [INFO ] [main] TEST END: testCancelOnStepOne => PASSED
[2026-06-04 10:30:09.704] [INFO ] [main] ----------------------------------------
[2026-06-04 10:30:09.709] [DEBUG] [main] Browser context closed
[2026-06-04 10:30:09.710] [INFO ] [main] ========================================
[2026-06-04 10:30:09.711] [INFO ] [main] TEST START: testOverviewShowsSingleItem
[2026-06-04 10:30:09.711] [INFO ] [main] ========================================
[2026-06-04 10:30:09.824] [INFO ] [main] New browser context and page created
[2026-06-04 10:30:09.825] [STEP ] [main] >> Navigating to: https://www.saucedemo.com
[2026-06-04 10:30:10.406] [INFO ] [main] Login page loaded
[2026-06-04 10:30:10.407] [INFO ] [main] Logging in as: standard_user
[2026-06-04 10:30:10.407] [STEP ] [main] >> Typing 'standard_user' into #user-name
[2026-06-04 10:30:10.447] [STEP ] [main] >> Typing [MASKED] into #password
[2026-06-04 10:30:10.462] [STEP ] [main] >> Clicking: #login-button
[2026-06-04 10:30:10.546] [STEP ] [main] >> Adding to cart: sauce-labs-backpack
[2026-06-04 10:30:10.547] [STEP ] [main] >> Clicking: [data-test='add-to-cart-sauce-labs-backpack']
[2026-06-04 10:30:10.598] [STEP ] [main] >> Navigating to cart
[2026-06-04 10:30:10.599] [STEP ] [main] >> Clicking: .shopping_cart_link
[2026-06-04 10:30:10.649] [STEP ] [main] >> Proceeding to checkout
[2026-06-04 10:30:10.650] [STEP ] [main] >> Clicking: [data-test='checkout']
[2026-06-04 10:30:10.693] [STEP ] [main] >> Typing 'John' into [data-test='firstName']
[2026-06-04 10:30:10.715] [STEP ] [main] >> Typing 'Doe' into [data-test='lastName']
[2026-06-04 10:30:10.735] [STEP ] [main] >> Typing '12345' into [data-test='postalCode']
[2026-06-04 10:30:10.752] [STEP ] [main] >> Clicking: [data-test='continue']
[2026-06-04 10:30:10.845] [INFO ] [main] [PASSED] testOverviewShowsSingleItem
[2026-06-04 10:30:10.846] [INFO ] [main] TEST END: testOverviewShowsSingleItem => PASSED
[2026-06-04 10:30:10.846] [INFO ] [main] ----------------------------------------
[2026-06-04 10:30:10.853] [DEBUG] [main] Browser context closed
[2026-06-04 10:30:10.853] [INFO ] [main] ========================================
[2026-06-04 10:30:10.854] [INFO ] [main] TEST START: testOverviewShowsMultipleItems
[2026-06-04 10:30:10.854] [INFO ] [main] ========================================
[2026-06-04 10:30:10.970] [INFO ] [main] New browser context and page created
[2026-06-04 10:30:10.971] [STEP ] [main] >> Navigating to: https://www.saucedemo.com
[2026-06-04 10:30:11.546] [INFO ] [main] Login page loaded
[2026-06-04 10:30:11.547] [INFO ] [main] Logging in as: standard_user
[2026-06-04 10:30:11.547] [STEP ] [main] >> Typing 'standard_user' into #user-name
[2026-06-04 10:30:11.586] [STEP ] [main] >> Typing [MASKED] into #password
[2026-06-04 10:30:11.603] [STEP ] [main] >> Clicking: #login-button
[2026-06-04 10:30:11.696] [STEP ] [main] >> Adding to cart: sauce-labs-backpack
[2026-06-04 10:30:11.696] [STEP ] [main] >> Clicking: [data-test='add-to-cart-sauce-labs-backpack']
[2026-06-04 10:30:11.739] [STEP ] [main] >> Adding to cart: sauce-labs-bike-light
[2026-06-04 10:30:11.739] [STEP ] [main] >> Clicking: [data-test='add-to-cart-sauce-labs-bike-light']
[2026-06-04 10:30:11.788] [STEP ] [main] >> Adding to cart: sauce-labs-onesie
[2026-06-04 10:30:11.789] [STEP ] [main] >> Clicking: [data-test='add-to-cart-sauce-labs-onesie']
[2026-06-04 10:30:11.840] [STEP ] [main] >> Navigating to cart
[2026-06-04 10:30:11.840] [STEP ] [main] >> Clicking: .shopping_cart_link
[2026-06-04 10:30:11.902] [STEP ] [main] >> Proceeding to checkout
[2026-06-04 10:30:11.902] [STEP ] [main] >> Clicking: [data-test='checkout']
[2026-06-04 10:30:11.946] [STEP ] [main] >> Typing 'Jane' into [data-test='firstName']
[2026-06-04 10:30:11.963] [STEP ] [main] >> Typing 'Smith' into [data-test='lastName']
[2026-06-04 10:30:11.975] [STEP ] [main] >> Typing '54321' into [data-test='postalCode']
[2026-06-04 10:30:11.990] [STEP ] [main] >> Clicking: [data-test='continue']
[2026-06-04 10:30:12.057] [INFO ] [main] [PASSED] testOverviewShowsMultipleItems
[2026-06-04 10:30:12.058] [INFO ] [main] TEST END: testOverviewShowsMultipleItems => PASSED
[2026-06-04 10:30:12.058] [INFO ] [main] ----------------------------------------
[2026-06-04 10:30:12.063] [DEBUG] [main] Browser context closed
[2026-06-04 10:30:12.065] [INFO ] [main] ========================================
[2026-06-04 10:30:12.066] [INFO ] [main] TEST START: testSubtotalSingleItem
[2026-06-04 10:30:12.066] [INFO ] [main] ========================================
[2026-06-04 10:30:12.173] [INFO ] [main] New browser context and page created
[2026-06-04 10:30:12.174] [STEP ] [main] >> Navigating to: https://www.saucedemo.com
[2026-06-04 10:30:12.799] [INFO ] [main] Login page loaded
[2026-06-04 10:30:12.799] [INFO ] [main] Logging in as: standard_user
[2026-06-04 10:30:12.800] [STEP ] [main] >> Typing 'standard_user' into #user-name
[2026-06-04 10:30:12.842] [STEP ] [main] >> Typing [MASKED] into #password
[2026-06-04 10:30:12.858] [STEP ] [main] >> Clicking: #login-button
[2026-06-04 10:30:12.936] [STEP ] [main] >> Adding to cart: sauce-labs-backpack
[2026-06-04 10:30:12.936] [STEP ] [main] >> Clicking: [data-test='add-to-cart-sauce-labs-backpack']
[2026-06-04 10:30:12.986] [STEP ] [main] >> Navigating to cart
[2026-06-04 10:30:12.987] [STEP ] [main] >> Clicking: .shopping_cart_link
[2026-06-04 10:30:13.029] [STEP ] [main] >> Proceeding to checkout
[2026-06-04 10:30:13.030] [STEP ] [main] >> Clicking: [data-test='checkout']
[2026-06-04 10:30:13.078] [STEP ] [main] >> Typing 'John' into [data-test='firstName']
[2026-06-04 10:30:13.094] [STEP ] [main] >> Typing 'Doe' into [data-test='lastName']
[2026-06-04 10:30:13.107] [STEP ] [main] >> Typing '12345' into [data-test='postalCode']
[2026-06-04 10:30:13.120] [STEP ] [main] >> Clicking: [data-test='continue']
[2026-06-04 10:30:13.176] [INFO ] [main] [PASSED] testSubtotalSingleItem
[2026-06-04 10:30:13.176] [INFO ] [main] TEST END: testSubtotalSingleItem => PASSED
[2026-06-04 10:30:13.177] [INFO ] [main] ----------------------------------------
[2026-06-04 10:30:13.181] [DEBUG] [main] Browser context closed
[2026-06-04 10:30:13.183] [INFO ] [main] ========================================
[2026-06-04 10:30:13.183] [INFO ] [main] TEST START: testSubtotalMultipleItems
[2026-06-04 10:30:13.184] [INFO ] [main] ========================================
[2026-06-04 10:30:13.301] [INFO ] [main] New browser context and page created
[2026-06-04 10:30:13.302] [STEP ] [main] >> Navigating to: https://www.saucedemo.com
[2026-06-04 10:30:13.916] [INFO ] [main] Login page loaded
[2026-06-04 10:30:13.917] [INFO ] [main] Logging in as: standard_user
[2026-06-04 10:30:13.917] [STEP ] [main] >> Typing 'standard_user' into #user-name
[2026-06-04 10:30:13.957] [STEP ] [main] >> Typing [MASKED] into #password
[2026-06-04 10:30:13.974] [STEP ] [main] >> Clicking: #login-button
[2026-06-04 10:30:14.052] [STEP ] [main] >> Adding to cart: sauce-labs-backpack
[2026-06-04 10:30:14.053] [STEP ] [main] >> Clicking: [data-test='add-to-cart-sauce-labs-backpack']
[2026-06-04 10:30:14.099] [STEP ] [main] >> Adding to cart: sauce-labs-bike-light
[2026-06-04 10:30:14.099] [STEP ] [main] >> Clicking: [data-test='add-to-cart-sauce-labs-bike-light']
[2026-06-04 10:30:14.137] [STEP ] [main] >> Adding to cart: sauce-labs-onesie
[2026-06-04 10:30:14.137] [STEP ] [main] >> Clicking: [data-test='add-to-cart-sauce-labs-onesie']
[2026-06-04 10:30:14.185] [STEP ] [main] >> Navigating to cart
[2026-06-04 10:30:14.186] [STEP ] [main] >> Clicking: .shopping_cart_link
[2026-06-04 10:30:14.225] [STEP ] [main] >> Proceeding to checkout
[2026-06-04 10:30:14.226] [STEP ] [main] >> Clicking: [data-test='checkout']
[2026-06-04 10:30:14.276] [STEP ] [main] >> Typing 'Jane' into [data-test='firstName']
[2026-06-04 10:30:14.291] [STEP ] [main] >> Typing 'Smith' into [data-test='lastName']
[2026-06-04 10:30:14.305] [STEP ] [main] >> Typing '54321' into [data-test='postalCode']
[2026-06-04 10:30:14.319] [STEP ] [main] >> Clicking: [data-test='continue']
[2026-06-04 10:30:14.375] [INFO ] [main] [PASSED] testSubtotalMultipleItems
[2026-06-04 10:30:14.376] [INFO ] [main] TEST END: testSubtotalMultipleItems => PASSED
[2026-06-04 10:30:14.376] [INFO ] [main] ----------------------------------------
[2026-06-04 10:30:14.379] [DEBUG] [main] Browser context closed
[2026-06-04 10:30:14.382] [INFO ] [main] ========================================
[2026-06-04 10:30:14.382] [INFO ] [main] TEST START: testTaxCalculation
[2026-06-04 10:30:14.382] [INFO ] [main] ========================================
[2026-06-04 10:30:14.460] [INFO ] [main] New browser context and page created
[2026-06-04 10:30:14.461] [STEP ] [main] >> Navigating to: https://www.saucedemo.com
[2026-06-04 10:30:15.087] [INFO ] [main] Login page loaded
[2026-06-04 10:30:15.087] [INFO ] [main] Logging in as: standard_user
[2026-06-04 10:30:15.087] [STEP ] [main] >> Typing 'standard_user' into #user-name
[2026-06-04 10:30:15.122] [STEP ] [main] >> Typing [MASKED] into #password
[2026-06-04 10:30:15.136] [STEP ] [main] >> Clicking: #login-button
[2026-06-04 10:30:15.225] [STEP ] [main] >> Adding to cart: sauce-labs-backpack
[2026-06-04 10:30:15.226] [STEP ] [main] >> Clicking: [data-test='add-to-cart-sauce-labs-backpack']
[2026-06-04 10:30:15.284] [STEP ] [main] >> Navigating to cart
[2026-06-04 10:30:15.285] [STEP ] [main] >> Clicking: .shopping_cart_link
[2026-06-04 10:30:15.326] [STEP ] [main] >> Proceeding to checkout
[2026-06-04 10:30:15.327] [STEP ] [main] >> Clicking: [data-test='checkout']
[2026-06-04 10:30:15.375] [STEP ] [main] >> Typing 'John' into [data-test='firstName']
[2026-06-04 10:30:15.388] [STEP ] [main] >> Typing 'Doe' into [data-test='lastName']
[2026-06-04 10:30:15.400] [STEP ] [main] >> Typing '12345' into [data-test='postalCode']
[2026-06-04 10:30:15.412] [STEP ] [main] >> Clicking: [data-test='continue']
[2026-06-04 10:30:15.483] [INFO ] [main] [PASSED] testTaxCalculation
[2026-06-04 10:30:15.483] [INFO ] [main] TEST END: testTaxCalculation => PASSED
[2026-06-04 10:30:15.483] [INFO ] [main] ----------------------------------------
[2026-06-04 10:30:15.488] [DEBUG] [main] Browser context closed
[2026-06-04 10:30:15.542] [INFO ] [main] Browser closed
[2026-06-04 10:30:15.543] [INFO ] [main] 
[2026-06-04 10:30:15.543] [INFO ] [main] ==========================================
[2026-06-04 10:30:15.543] [INFO ] [main]          FINAL TEST RESULTS               
[2026-06-04 10:30:15.543] [INFO ] [main] ==========================================
[2026-06-04 10:30:15.543] [INFO ] [main]   Passed  : 50
[2026-06-04 10:30:15.543] [INFO ] [main]   Failed  : 0
[2026-06-04 10:30:15.544] [INFO ] [main]   Skipped : 0
[2026-06-04 10:30:15.544] [INFO ] [main]   Total   : 50
[2026-06-04 10:30:15.544] [INFO ] [main]   Pass Rate: 100.0%
[2026-06-04 10:30:15.544] [INFO ] [main] ==========================================
[2026-06-04 10:30:15.559] [INFO ] [main] Playwright instance closed
[2026-06-04 10:30:15.559] [INFO ] [main] ################################################
[2026-06-04 10:30:15.559] [INFO ] [main] SUITE COMPLETED
[2026-06-04 10:30:15.560] [INFO ] [main] ################################################
[2026-06-04 10:42:56.092] [INFO ] [main] ################################################
[2026-06-04 10:42:56.094] [INFO ] [main] SUITE START: SauceDemo Automation Suite
[2026-06-04 10:42:56.095] [INFO ] [main] Configuration loaded successfully
[2026-06-04 10:42:56.096] [INFO ] [main] Browser: chromium
[2026-06-04 10:42:56.097] [INFO ] [main] Headless: true
[2026-06-04 10:42:56.097] [INFO ] [main] Base URL: https://www.saucedemo.com
[2026-06-04 10:42:56.097] [INFO ] [main] ################################################
[2026-06-04 10:43:08.751] [INFO ] [main] Playwright instance created
[2026-06-04 10:43:08.755] [INFO ] [main] Test Suite starting: Login Tests
[2026-06-04 10:43:08.769] [INFO ] [main] Launching browser: chromium | headless: true | slowMotion: 0ms
[2026-06-04 10:43:09.524] [INFO ] [main] chromium browser launched
[2026-06-04 10:43:09.545] [INFO ] [main] ========================================
[2026-06-04 10:43:09.545] [INFO ] [main] TEST START: testValidLogin
[2026-06-04 10:43:09.546] [INFO ] [main] ========================================
[2026-06-04 10:43:09.675] [INFO ] [main] New browser context and page created
[2026-06-04 10:43:09.677] [STEP ] [main] >> Navigating to: https://www.saucedemo.com
[2026-06-04 10:43:13.017] [INFO ] [main] Login page loaded
[2026-06-04 10:43:13.018] [INFO ] [main] Logging in as: standard_user
[2026-06-04 10:43:13.018] [STEP ] [main] >> Typing 'standard_user' into #user-name
[2026-06-04 10:43:13.076] [STEP ] [main] >> Typing [MASKED] into #password
[2026-06-04 10:43:13.099] [STEP ] [main] >> Clicking: #login-button
[2026-06-04 10:43:13.215] [INFO ] [main] [PASSED] testValidLogin
[2026-06-04 10:43:13.217] [INFO ] [main] TEST END: testValidLogin => PASSED
[2026-06-04 10:43:13.218] [INFO ] [main] ----------------------------------------
[2026-06-04 10:43:13.247] [DEBUG] [main] Browser context closed
[2026-06-04 10:43:13.256] [INFO ] [main] ========================================
[2026-06-04 10:43:13.258] [INFO ] [main] TEST START: testAllUserTypes
[2026-06-04 10:43:13.258] [INFO ] [main] ========================================
[2026-06-04 10:43:13.353] [INFO ] [main] New browser context and page created
[2026-06-04 10:43:13.357] [STEP ] [main] >> Navigating to: https://www.saucedemo.com
[2026-06-04 10:43:14.003] [INFO ] [main] Login page loaded
[2026-06-04 10:43:14.004] [INFO ] [main] Logging in as: standard_user
[2026-06-04 10:43:14.004] [STEP ] [main] >> Typing 'standard_user' into #user-name
[2026-06-04 10:43:14.041] [STEP ] [main] >> Typing [MASKED] into #password
[2026-06-04 10:43:14.058] [STEP ] [main] >> Clicking: #login-button
[2026-06-04 10:43:14.158] [INFO ] [main] [PASSED] testAllUserTypes
[2026-06-04 10:43:14.159] [INFO ] [main] TEST END: testAllUserTypes => PASSED
[2026-06-04 10:43:14.160] [INFO ] [main] ----------------------------------------
[2026-06-04 10:43:14.166] [DEBUG] [main] Browser context closed
[2026-06-04 10:43:14.168] [INFO ] [main] ========================================
[2026-06-04 10:43:14.169] [INFO ] [main] TEST START: testAllUserTypes
[2026-06-04 10:43:14.169] [INFO ] [main] ========================================
[2026-06-04 10:43:14.250] [INFO ] [main] New browser context and page created
[2026-06-04 10:43:14.251] [STEP ] [main] >> Navigating to: https://www.saucedemo.com
[2026-06-04 10:43:14.794] [INFO ] [main] Login page loaded
[2026-06-04 10:43:14.795] [INFO ] [main] Attempting login with: locked_out_user (expecting error)
[2026-06-04 10:43:14.795] [STEP ] [main] >> Typing 'locked_out_user' into #user-name
[2026-06-04 10:43:14.833] [STEP ] [main] >> Typing [MASKED] into #password
[2026-06-04 10:43:14.849] [STEP ] [main] >> Clicking: #login-button
[2026-06-04 10:43:14.908] [INFO ] [main] [PASSED] testAllUserTypes
[2026-06-04 10:43:14.909] [INFO ] [main] TEST END: testAllUserTypes => PASSED
[2026-06-04 10:43:14.910] [INFO ] [main] ----------------------------------------
[2026-06-04 10:43:14.915] [DEBUG] [main] Browser context closed
[2026-06-04 10:43:14.916] [INFO ] [main] ========================================
[2026-06-04 10:43:14.917] [INFO ] [main] TEST START: testAllUserTypes
[2026-06-04 10:43:14.917] [INFO ] [main] ========================================
[2026-06-04 10:43:14.998] [INFO ] [main] New browser context and page created
[2026-06-04 10:43:14.999] [STEP ] [main] >> Navigating to: https://www.saucedemo.com
[2026-06-04 10:43:15.571] [INFO ] [main] Login page loaded
[2026-06-04 10:43:15.572] [INFO ] [main] Logging in as: problem_user
[2026-06-04 10:43:15.572] [STEP ] [main] >> Typing 'problem_user' into #user-name
[2026-06-04 10:43:15.610] [STEP ] [main] >> Typing [MASKED] into #password
[2026-06-04 10:43:15.626] [STEP ] [main] >> Clicking: #login-button
[2026-06-04 10:43:15.716] [INFO ] [main] [PASSED] testAllUserTypes
[2026-06-04 10:43:15.717] [INFO ] [main] TEST END: testAllUserTypes => PASSED
[2026-06-04 10:43:15.717] [INFO ] [main] ----------------------------------------
[2026-06-04 10:43:15.723] [DEBUG] [main] Browser context closed
[2026-06-04 10:43:15.724] [INFO ] [main] ========================================
[2026-06-04 10:43:15.725] [INFO ] [main] TEST START: testAllUserTypes
[2026-06-04 10:43:15.725] [INFO ] [main] ========================================
[2026-06-04 10:43:15.800] [INFO ] [main] New browser context and page created
[2026-06-04 10:43:15.801] [STEP ] [main] >> Navigating to: https://www.saucedemo.com
[2026-06-04 10:43:16.412] [INFO ] [main] Login page loaded
[2026-06-04 10:43:16.413] [INFO ] [main] Logging in as: performance_glitch_user
[2026-06-04 10:43:16.413] [STEP ] [main] >> Typing 'performance_glitch_user' into #user-name
[2026-06-04 10:43:16.453] [STEP ] [main] >> Typing [MASKED] into #password
[2026-06-04 10:43:16.476] [STEP ] [main] >> Clicking: #login-button
[2026-06-04 10:43:21.579] [INFO ] [main] [PASSED] testAllUserTypes
[2026-06-04 10:43:21.580] [INFO ] [main] TEST END: testAllUserTypes => PASSED
[2026-06-04 10:43:21.581] [INFO ] [main] ----------------------------------------
[2026-06-04 10:43:21.585] [DEBUG] [main] Browser context closed
[2026-06-04 10:43:21.587] [INFO ] [main] ========================================
[2026-06-04 10:43:21.587] [INFO ] [main] TEST START: testAllUserTypes
[2026-06-04 10:43:21.588] [INFO ] [main] ========================================
[2026-06-04 10:43:21.665] [INFO ] [main] New browser context and page created
[2026-06-04 10:43:21.666] [STEP ] [main] >> Navigating to: https://www.saucedemo.com
[2026-06-04 10:43:22.244] [INFO ] [main] Login page loaded
[2026-06-04 10:43:22.245] [INFO ] [main] Logging in as: error_user
[2026-06-04 10:43:22.245] [STEP ] [main] >> Typing 'error_user' into #user-name
[2026-06-04 10:43:22.288] [STEP ] [main] >> Typing [MASKED] into #password
[2026-06-04 10:43:22.305] [STEP ] [main] >> Clicking: #login-button
[2026-06-04 10:43:22.403] [INFO ] [main] [PASSED] testAllUserTypes
[2026-06-04 10:43:22.404] [INFO ] [main] TEST END: testAllUserTypes => PASSED
[2026-06-04 10:43:22.404] [INFO ] [main] ----------------------------------------
[2026-06-04 10:43:22.409] [DEBUG] [main] Browser context closed
[2026-06-04 10:43:22.409] [INFO ] [main] ========================================
[2026-06-04 10:43:22.409] [INFO ] [main] TEST START: testAllUserTypes
[2026-06-04 10:43:22.409] [INFO ] [main] ========================================
[2026-06-04 10:43:22.483] [INFO ] [main] New browser context and page created
[2026-06-04 10:43:22.484] [STEP ] [main] >> Navigating to: https://www.saucedemo.com
[2026-06-04 10:43:23.073] [INFO ] [main] Login page loaded
[2026-06-04 10:43:23.073] [INFO ] [main] Logging in as: visual_user
[2026-06-04 10:43:23.073] [STEP ] [main] >> Typing 'visual_user' into #user-name
[2026-06-04 10:43:23.114] [STEP ] [main] >> Typing [MASKED] into #password
[2026-06-04 10:43:23.129] [STEP ] [main] >> Clicking: #login-button
[2026-06-04 10:43:23.220] [INFO ] [main] [PASSED] testAllUserTypes
[2026-06-04 10:43:23.221] [INFO ] [main] TEST END: testAllUserTypes => PASSED
[2026-06-04 10:43:23.221] [INFO ] [main] ----------------------------------------
[2026-06-04 10:43:23.228] [DEBUG] [main] Browser context closed
[2026-06-04 10:43:23.232] [INFO ] [main] ========================================
[2026-06-04 10:43:23.232] [INFO ] [main] TEST START: testInvalidLogin
[2026-06-04 10:43:23.233] [INFO ] [main] ========================================
[2026-06-04 10:43:23.323] [INFO ] [main] New browser context and page created
[2026-06-04 10:43:23.326] [STEP ] [main] >> Navigating to: https://www.saucedemo.com
[2026-06-04 10:43:23.896] [INFO ] [main] Login page loaded
[2026-06-04 10:43:23.897] [INFO ] [main] Attempting login with: locked_out_user (expecting error)
[2026-06-04 10:43:23.897] [STEP ] [main] >> Typing 'locked_out_user' into #user-name
[2026-06-04 10:43:23.934] [STEP ] [main] >> Typing [MASKED] into #password
[2026-06-04 10:43:23.950] [STEP ] [main] >> Clicking: #login-button
[2026-06-04 10:43:24.013] [INFO ] [main] [PASSED] testInvalidLogin
[2026-06-04 10:43:24.015] [INFO ] [main] TEST END: testInvalidLogin => PASSED
[2026-06-04 10:43:24.015] [INFO ] [main] ----------------------------------------
[2026-06-04 10:43:24.020] [DEBUG] [main] Browser context closed
[2026-06-04 10:43:24.020] [INFO ] [main] ========================================
[2026-06-04 10:43:24.024] [INFO ] [main] TEST START: testInvalidLogin
[2026-06-04 10:43:24.024] [INFO ] [main] ========================================
[2026-06-04 10:43:24.095] [INFO ] [main] New browser context and page created
[2026-06-04 10:43:24.096] [STEP ] [main] >> Navigating to: https://www.saucedemo.com
[2026-06-04 10:43:24.737] [INFO ] [main] Login page loaded
[2026-06-04 10:43:24.737] [INFO ] [main] Attempting login with: standard_user (expecting error)
[2026-06-04 10:43:24.738] [STEP ] [main] >> Typing 'standard_user' into #user-name
[2026-06-04 10:43:24.780] [STEP ] [main] >> Typing [MASKED] into #password
[2026-06-04 10:43:24.798] [STEP ] [main] >> Clicking: #login-button
[2026-06-04 10:43:24.865] [INFO ] [main] [PASSED] testInvalidLogin
[2026-06-04 10:43:24.866] [INFO ] [main] TEST END: testInvalidLogin => PASSED
[2026-06-04 10:43:24.868] [INFO ] [main] ----------------------------------------
[2026-06-04 10:43:24.874] [DEBUG] [main] Browser context closed
[2026-06-04 10:43:24.875] [INFO ] [main] ========================================
[2026-06-04 10:43:24.875] [INFO ] [main] TEST START: testInvalidLogin
[2026-06-04 10:43:24.876] [INFO ] [main] ========================================
[2026-06-04 10:43:24.958] [INFO ] [main] New browser context and page created
[2026-06-04 10:43:24.959] [STEP ] [main] >> Navigating to: https://www.saucedemo.com
[2026-06-04 10:43:25.541] [INFO ] [main] Login page loaded
[2026-06-04 10:43:25.542] [INFO ] [main] Attempting login with:  (expecting error)
[2026-06-04 10:43:25.542] [STEP ] [main] >> Typing '' into #user-name
[2026-06-04 10:43:25.580] [STEP ] [main] >> Typing [MASKED] into #password
[2026-06-04 10:43:25.595] [STEP ] [main] >> Clicking: #login-button
[2026-06-04 10:43:25.658] [INFO ] [main] [PASSED] testInvalidLogin
[2026-06-04 10:43:25.659] [INFO ] [main] TEST END: testInvalidLogin => PASSED
[2026-06-04 10:43:25.659] [INFO ] [main] ----------------------------------------
[2026-06-04 10:43:25.666] [DEBUG] [main] Browser context closed
[2026-06-04 10:43:25.667] [INFO ] [main] ========================================
[2026-06-04 10:43:25.668] [INFO ] [main] TEST START: testInvalidLogin
[2026-06-04 10:43:25.668] [INFO ] [main] ========================================
[2026-06-04 10:43:25.746] [INFO ] [main] New browser context and page created
[2026-06-04 10:43:25.747] [STEP ] [main] >> Navigating to: https://www.saucedemo.com
[2026-06-04 10:43:26.299] [INFO ] [main] Login page loaded
[2026-06-04 10:43:26.300] [INFO ] [main] Attempting login with: standard_user (expecting error)
[2026-06-04 10:43:26.300] [STEP ] [main] >> Typing 'standard_user' into #user-name
[2026-06-04 10:43:26.342] [STEP ] [main] >> Typing [MASKED] into #password
[2026-06-04 10:43:26.359] [STEP ] [main] >> Clicking: #login-button
[2026-06-04 10:43:26.426] [INFO ] [main] [PASSED] testInvalidLogin
[2026-06-04 10:43:26.427] [INFO ] [main] TEST END: testInvalidLogin => PASSED
[2026-06-04 10:43:26.427] [INFO ] [main] ----------------------------------------
[2026-06-04 10:43:26.433] [DEBUG] [main] Browser context closed
[2026-06-04 10:43:26.436] [INFO ] [main] ========================================
[2026-06-04 10:43:26.436] [INFO ] [main] TEST START: testInvalidLogin
[2026-06-04 10:43:26.436] [INFO ] [main] ========================================
[2026-06-04 10:43:26.516] [INFO ] [main] New browser context and page created
[2026-06-04 10:43:26.517] [STEP ] [main] >> Navigating to: https://www.saucedemo.com
[2026-06-04 10:43:27.075] [INFO ] [main] Login page loaded
[2026-06-04 10:43:27.075] [INFO ] [main] Attempting login with:  (expecting error)
[2026-06-04 10:43:27.076] [STEP ] [main] >> Typing '' into #user-name
[2026-06-04 10:43:27.112] [STEP ] [main] >> Typing [MASKED] into #password
[2026-06-04 10:43:27.123] [STEP ] [main] >> Clicking: #login-button
[2026-06-04 10:43:27.190] [INFO ] [main] [PASSED] testInvalidLogin
[2026-06-04 10:43:27.191] [INFO ] [main] TEST END: testInvalidLogin => PASSED
[2026-06-04 10:43:27.191] [INFO ] [main] ----------------------------------------
[2026-06-04 10:43:27.197] [DEBUG] [main] Browser context closed
[2026-06-04 10:43:27.197] [INFO ] [main] ========================================
[2026-06-04 10:43:27.197] [INFO ] [main] TEST START: testInvalidLogin
[2026-06-04 10:43:27.197] [INFO ] [main] ========================================
[2026-06-04 10:43:27.270] [INFO ] [main] New browser context and page created
[2026-06-04 10:43:27.271] [STEP ] [main] >> Navigating to: https://www.saucedemo.com
[2026-06-04 10:43:27.838] [INFO ] [main] Login page loaded
[2026-06-04 10:43:27.838] [INFO ] [main] Attempting login with: nonexistent_user (expecting error)
[2026-06-04 10:43:27.838] [STEP ] [main] >> Typing 'nonexistent_user' into #user-name
[2026-06-04 10:43:27.876] [STEP ] [main] >> Typing [MASKED] into #password
[2026-06-04 10:43:27.892] [STEP ] [main] >> Clicking: #login-button
[2026-06-04 10:43:27.963] [INFO ] [main] [PASSED] testInvalidLogin
[2026-06-04 10:43:27.963] [INFO ] [main] TEST END: testInvalidLogin => PASSED
[2026-06-04 10:43:27.964] [INFO ] [main] ----------------------------------------
[2026-06-04 10:43:27.969] [DEBUG] [main] Browser context closed
[2026-06-04 10:43:27.972] [INFO ] [main] ========================================
[2026-06-04 10:43:27.972] [INFO ] [main] TEST START: testLockedOutUser
[2026-06-04 10:43:27.973] [INFO ] [main] ========================================
[2026-06-04 10:43:28.051] [INFO ] [main] New browser context and page created
[2026-06-04 10:43:28.052] [STEP ] [main] >> Navigating to: https://www.saucedemo.com
[2026-06-04 10:43:28.679] [INFO ] [main] Login page loaded
[2026-06-04 10:43:28.679] [INFO ] [main] Attempting login with: locked_out_user (expecting error)
[2026-06-04 10:43:28.679] [STEP ] [main] >> Typing 'locked_out_user' into #user-name
[2026-06-04 10:43:28.718] [STEP ] [main] >> Typing [MASKED] into #password
[2026-06-04 10:43:28.734] [STEP ] [main] >> Clicking: #login-button
[2026-06-04 10:43:28.791] [INFO ] [main] [PASSED] testLockedOutUser
[2026-06-04 10:43:28.792] [INFO ] [main] TEST END: testLockedOutUser => PASSED
[2026-06-04 10:43:28.792] [INFO ] [main] ----------------------------------------
[2026-06-04 10:43:28.797] [DEBUG] [main] Browser context closed
[2026-06-04 10:43:28.798] [INFO ] [main] ========================================
[2026-06-04 10:43:28.799] [INFO ] [main] TEST START: testCloseErrorMessage
[2026-06-04 10:43:28.799] [INFO ] [main] ========================================
[2026-06-04 10:43:28.870] [INFO ] [main] New browser context and page created
[2026-06-04 10:43:28.871] [STEP ] [main] >> Navigating to: https://www.saucedemo.com
[2026-06-04 10:43:29.468] [INFO ] [main] Login page loaded
[2026-06-04 10:43:29.468] [INFO ] [main] Attempting login with:  (expecting error)
[2026-06-04 10:43:29.468] [STEP ] [main] >> Typing '' into #user-name
[2026-06-04 10:43:29.504] [STEP ] [main] >> Typing [MASKED] into #password
[2026-06-04 10:43:29.515] [STEP ] [main] >> Clicking: #login-button
[2026-06-04 10:43:29.564] [STEP ] [main] >> Clicking: .error-button
[2026-06-04 10:43:29.607] [INFO ] [main] [PASSED] testCloseErrorMessage
[2026-06-04 10:43:29.608] [INFO ] [main] TEST END: testCloseErrorMessage => PASSED
[2026-06-04 10:43:29.609] [INFO ] [main] ----------------------------------------
[2026-06-04 10:43:29.613] [DEBUG] [main] Browser context closed
[2026-06-04 10:43:29.615] [INFO ] [main] ========================================
[2026-06-04 10:43:29.616] [INFO ] [main] TEST START: testLogout
[2026-06-04 10:43:29.616] [INFO ] [main] ========================================
[2026-06-04 10:43:29.688] [INFO ] [main] New browser context and page created
[2026-06-04 10:43:29.689] [STEP ] [main] >> Navigating to: https://www.saucedemo.com
[2026-06-04 10:43:30.290] [INFO ] [main] Login page loaded
[2026-06-04 10:43:30.291] [INFO ] [main] Logging in as: standard_user
[2026-06-04 10:43:30.291] [STEP ] [main] >> Typing 'standard_user' into #user-name
[2026-06-04 10:43:30.329] [STEP ] [main] >> Typing [MASKED] into #password
[2026-06-04 10:43:30.342] [STEP ] [main] >> Clicking: #login-button
[2026-06-04 10:43:30.431] [STEP ] [main] >> Logging out
[2026-06-04 10:43:30.431] [STEP ] [main] >> Clicking: #react-burger-menu-btn
[2026-06-04 10:43:30.471] [STEP ] [main] >> Clicking: #logout_sidebar_link
[2026-06-04 10:43:31.412] [INFO ] [main] [PASSED] testLogout
[2026-06-04 10:43:31.414] [INFO ] [main] TEST END: testLogout => PASSED
[2026-06-04 10:43:31.414] [INFO ] [main] ----------------------------------------
[2026-06-04 10:43:31.421] [DEBUG] [main] Browser context closed
[2026-06-04 10:43:31.504] [INFO ] [main] Browser closed
[2026-06-04 10:43:31.504] [INFO ] [main] 
[2026-06-04 10:43:31.505] [INFO ] [main] ==========================================
[2026-06-04 10:43:31.505] [INFO ] [main]          FINAL TEST RESULTS               
[2026-06-04 10:43:31.505] [INFO ] [main] ==========================================
[2026-06-04 10:43:31.505] [INFO ] [main]   Passed  : 16
[2026-06-04 10:43:31.506] [INFO ] [main]   Failed  : 0
[2026-06-04 10:43:31.506] [INFO ] [main]   Skipped : 0
[2026-06-04 10:43:31.506] [INFO ] [main]   Total   : 16
[2026-06-04 10:43:31.508] [INFO ] [main]   Pass Rate: 100.0%
[2026-06-04 10:43:31.509] [INFO ] [main] ==========================================
[2026-06-04 10:43:31.532] [INFO ] [main] Test Suite starting: Products Tests
[2026-06-04 10:43:31.533] [INFO ] [main] Launching browser: chromium | headless: true | slowMotion: 0ms
[2026-06-04 10:43:31.665] [INFO ] [main] chromium browser launched
[2026-06-04 10:43:31.667] [INFO ] [main] ========================================
[2026-06-04 10:43:31.667] [INFO ] [main] TEST START: testProductsPageLoaded
[2026-06-04 10:43:31.668] [INFO ] [main] ========================================
[2026-06-04 10:43:31.775] [INFO ] [main] New browser context and page created
[2026-06-04 10:43:31.776] [STEP ] [main] >> Navigating to: https://www.saucedemo.com
[2026-06-04 10:43:32.392] [INFO ] [main] Login page loaded
[2026-06-04 10:43:32.392] [INFO ] [main] Logging in as: standard_user
[2026-06-04 10:43:32.393] [STEP ] [main] >> Typing 'standard_user' into #user-name
[2026-06-04 10:43:32.436] [STEP ] [main] >> Typing [MASKED] into #password
[2026-06-04 10:43:32.452] [STEP ] [main] >> Clicking: #login-button
[2026-06-04 10:43:32.539] [INFO ] [main] [PASSED] testProductsPageLoaded
[2026-06-04 10:43:32.540] [INFO ] [main] TEST END: testProductsPageLoaded => PASSED
[2026-06-04 10:43:32.540] [INFO ] [main] ----------------------------------------
[2026-06-04 10:43:32.546] [DEBUG] [main] Browser context closed
[2026-06-04 10:43:32.548] [INFO ] [main] ========================================
[2026-06-04 10:43:32.548] [INFO ] [main] TEST START: testProductCount
[2026-06-04 10:43:32.548] [INFO ] [main] ========================================
[2026-06-04 10:43:32.624] [INFO ] [main] New browser context and page created
[2026-06-04 10:43:32.625] [STEP ] [main] >> Navigating to: https://www.saucedemo.com
[2026-06-04 10:43:33.178] [INFO ] [main] Login page loaded
[2026-06-04 10:43:33.178] [INFO ] [main] Logging in as: standard_user
[2026-06-04 10:43:33.179] [STEP ] [main] >> Typing 'standard_user' into #user-name
[2026-06-04 10:43:33.216] [STEP ] [main] >> Typing [MASKED] into #password
[2026-06-04 10:43:33.231] [STEP ] [main] >> Clicking: #login-button
[2026-06-04 10:43:33.313] [INFO ] [main] [PASSED] testProductCount
[2026-06-04 10:43:33.313] [INFO ] [main] TEST END: testProductCount => PASSED
[2026-06-04 10:43:33.314] [INFO ] [main] ----------------------------------------
[2026-06-04 10:43:33.319] [DEBUG] [main] Browser context closed
[2026-06-04 10:43:33.320] [INFO ] [main] ========================================
[2026-06-04 10:43:33.320] [INFO ] [main] TEST START: testProductNamesDisplayed
[2026-06-04 10:43:33.320] [INFO ] [main] ========================================
[2026-06-04 10:43:33.396] [INFO ] [main] New browser context and page created
[2026-06-04 10:43:33.397] [STEP ] [main] >> Navigating to: https://www.saucedemo.com
[2026-06-04 10:43:34.022] [INFO ] [main] Login page loaded
[2026-06-04 10:43:34.023] [INFO ] [main] Logging in as: standard_user
[2026-06-04 10:43:34.023] [STEP ] [main] >> Typing 'standard_user' into #user-name
[2026-06-04 10:43:34.060] [STEP ] [main] >> Typing [MASKED] into #password
[2026-06-04 10:43:34.074] [STEP ] [main] >> Clicking: #login-button
[2026-06-04 10:43:34.164] [INFO ] [main] [PASSED] testProductNamesDisplayed
[2026-06-04 10:43:34.164] [INFO ] [main] TEST END: testProductNamesDisplayed => PASSED
[2026-06-04 10:43:34.164] [INFO ] [main] ----------------------------------------
[2026-06-04 10:43:34.172] [DEBUG] [main] Browser context closed
[2026-06-04 10:43:34.172] [INFO ] [main] ========================================
[2026-06-04 10:43:34.172] [INFO ] [main] TEST START: testProductPricesValid
[2026-06-04 10:43:34.174] [INFO ] [main] ========================================
[2026-06-04 10:43:34.245] [INFO ] [main] New browser context and page created
[2026-06-04 10:43:34.246] [STEP ] [main] >> Navigating to: https://www.saucedemo.com
[2026-06-04 10:43:34.862] [INFO ] [main] Login page loaded
[2026-06-04 10:43:34.862] [INFO ] [main] Logging in as: standard_user
[2026-06-04 10:43:34.863] [STEP ] [main] >> Typing 'standard_user' into #user-name
[2026-06-04 10:43:34.899] [STEP ] [main] >> Typing [MASKED] into #password
[2026-06-04 10:43:34.914] [STEP ] [main] >> Clicking: #login-button
[2026-06-04 10:43:34.990] [INFO ] [main] [PASSED] testProductPricesValid
[2026-06-04 10:43:34.991] [INFO ] [main] TEST END: testProductPricesValid => PASSED
[2026-06-04 10:43:34.991] [INFO ] [main] ----------------------------------------
[2026-06-04 10:43:34.997] [DEBUG] [main] Browser context closed
[2026-06-04 10:43:34.998] [INFO ] [main] ========================================
[2026-06-04 10:43:35.000] [INFO ] [main] TEST START: testSortByNameAZ
[2026-06-04 10:43:35.000] [INFO ] [main] ========================================
[2026-06-04 10:43:35.102] [INFO ] [main] New browser context and page created
[2026-06-04 10:43:35.102] [STEP ] [main] >> Navigating to: https://www.saucedemo.com
[2026-06-04 10:43:35.649] [INFO ] [main] Login page loaded
[2026-06-04 10:43:35.649] [INFO ] [main] Logging in as: standard_user
[2026-06-04 10:43:35.649] [STEP ] [main] >> Typing 'standard_user' into #user-name
[2026-06-04 10:43:35.686] [STEP ] [main] >> Typing [MASKED] into #password
[2026-06-04 10:43:35.703] [STEP ] [main] >> Clicking: #login-button
[2026-06-04 10:43:35.774] [STEP ] [main] >> Sorting: Name (A to Z)
[2026-06-04 10:43:35.774] [STEP ] [main] >> Selecting value 'az' from [data-test='product-sort-container']
[2026-06-04 10:43:35.811] [INFO ] [main] [PASSED] testSortByNameAZ
[2026-06-04 10:43:35.812] [INFO ] [main] TEST END: testSortByNameAZ => PASSED
[2026-06-04 10:43:35.813] [INFO ] [main] ----------------------------------------
[2026-06-04 10:43:35.818] [DEBUG] [main] Browser context closed
[2026-06-04 10:43:35.820] [INFO ] [main] ========================================
[2026-06-04 10:43:35.820] [INFO ] [main] TEST START: testSortByNameZA
[2026-06-04 10:43:35.820] [INFO ] [main] ========================================
[2026-06-04 10:43:35.896] [INFO ] [main] New browser context and page created
[2026-06-04 10:43:35.897] [STEP ] [main] >> Navigating to: https://www.saucedemo.com
[2026-06-04 10:43:36.490] [INFO ] [main] Login page loaded
[2026-06-04 10:43:36.490] [INFO ] [main] Logging in as: standard_user
[2026-06-04 10:43:36.491] [STEP ] [main] >> Typing 'standard_user' into #user-name
[2026-06-04 10:43:36.531] [STEP ] [main] >> Typing [MASKED] into #password
[2026-06-04 10:43:36.547] [STEP ] [main] >> Clicking: #login-button
[2026-06-04 10:43:36.618] [STEP ] [main] >> Sorting: Name (Z to A)
[2026-06-04 10:43:36.619] [STEP ] [main] >> Selecting value 'za' from [data-test='product-sort-container']
[2026-06-04 10:43:36.640] [INFO ] [main] [PASSED] testSortByNameZA
[2026-06-04 10:43:36.642] [INFO ] [main] TEST END: testSortByNameZA => PASSED
[2026-06-04 10:43:36.642] [INFO ] [main] ----------------------------------------
[2026-06-04 10:43:36.648] [DEBUG] [main] Browser context closed
[2026-06-04 10:43:36.650] [INFO ] [main] ========================================
[2026-06-04 10:43:36.650] [INFO ] [main] TEST START: testSortByPriceLowToHigh
[2026-06-04 10:43:36.650] [INFO ] [main] ========================================
[2026-06-04 10:43:36.752] [INFO ] [main] New browser context and page created
[2026-06-04 10:43:36.753] [STEP ] [main] >> Navigating to: https://www.saucedemo.com
[2026-06-04 10:43:37.325] [INFO ] [main] Login page loaded
[2026-06-04 10:43:37.325] [INFO ] [main] Logging in as: standard_user
[2026-06-04 10:43:37.325] [STEP ] [main] >> Typing 'standard_user' into #user-name
[2026-06-04 10:43:37.363] [STEP ] [main] >> Typing [MASKED] into #password
[2026-06-04 10:43:37.377] [STEP ] [main] >> Clicking: #login-button
[2026-06-04 10:43:37.453] [STEP ] [main] >> Sorting: Price (Low to High)
[2026-06-04 10:43:37.453] [STEP ] [main] >> Selecting value 'lohi' from [data-test='product-sort-container']
[2026-06-04 10:43:37.471] [INFO ] [main] [PASSED] testSortByPriceLowToHigh
[2026-06-04 10:43:37.474] [INFO ] [main] TEST END: testSortByPriceLowToHigh => PASSED
[2026-06-04 10:43:37.474] [INFO ] [main] ----------------------------------------
[2026-06-04 10:43:37.481] [DEBUG] [main] Browser context closed
[2026-06-04 10:43:37.483] [INFO ] [main] ========================================
[2026-06-04 10:43:37.484] [INFO ] [main] TEST START: testSortByPriceHighToLow
[2026-06-04 10:43:37.484] [INFO ] [main] ========================================
[2026-06-04 10:43:37.592] [INFO ] [main] New browser context and page created
[2026-06-04 10:43:37.593] [STEP ] [main] >> Navigating to: https://www.saucedemo.com
[2026-06-04 10:43:38.161] [INFO ] [main] Login page loaded
[2026-06-04 10:43:38.162] [INFO ] [main] Logging in as: standard_user
[2026-06-04 10:43:38.162] [STEP ] [main] >> Typing 'standard_user' into #user-name
[2026-06-04 10:43:38.205] [STEP ] [main] >> Typing [MASKED] into #password
[2026-06-04 10:43:38.221] [STEP ] [main] >> Clicking: #login-button
[2026-06-04 10:43:38.308] [STEP ] [main] >> Sorting: Price (High to Low)
[2026-06-04 10:43:38.309] [STEP ] [main] >> Selecting value 'hilo' from [data-test='product-sort-container']
[2026-06-04 10:43:38.328] [INFO ] [main] [PASSED] testSortByPriceHighToLow
[2026-06-04 10:43:38.329] [INFO ] [main] TEST END: testSortByPriceHighToLow => PASSED
[2026-06-04 10:43:38.329] [INFO ] [main] ----------------------------------------
[2026-06-04 10:43:38.336] [DEBUG] [main] Browser context closed
[2026-06-04 10:43:38.339] [INFO ] [main] ========================================
[2026-06-04 10:43:38.340] [INFO ] [main] TEST START: testAddSingleItemToCart
[2026-06-04 10:43:38.340] [INFO ] [main] ========================================
[2026-06-04 10:43:38.415] [INFO ] [main] New browser context and page created
[2026-06-04 10:43:38.416] [STEP ] [main] >> Navigating to: https://www.saucedemo.com
[2026-06-04 10:43:38.979] [INFO ] [main] Login page loaded
[2026-06-04 10:43:38.980] [INFO ] [main] Logging in as: standard_user
[2026-06-04 10:43:38.980] [STEP ] [main] >> Typing 'standard_user' into #user-name
[2026-06-04 10:43:39.021] [STEP ] [main] >> Typing [MASKED] into #password
[2026-06-04 10:43:39.038] [STEP ] [main] >> Clicking: #login-button
[2026-06-04 10:43:39.127] [STEP ] [main] >> Adding to cart: sauce-labs-backpack
[2026-06-04 10:43:39.127] [STEP ] [main] >> Clicking: [data-test='add-to-cart-sauce-labs-backpack']
[2026-06-04 10:43:39.185] [INFO ] [main] [PASSED] testAddSingleItemToCart
[2026-06-04 10:43:39.186] [INFO ] [main] TEST END: testAddSingleItemToCart => PASSED
[2026-06-04 10:43:39.187] [INFO ] [main] ----------------------------------------
[2026-06-04 10:43:39.193] [DEBUG] [main] Browser context closed
[2026-06-04 10:43:39.195] [INFO ] [main] ========================================
[2026-06-04 10:43:39.195] [INFO ] [main] TEST START: testAddMultipleItemsToCart
[2026-06-04 10:43:39.195] [INFO ] [main] ========================================
[2026-06-04 10:43:39.274] [INFO ] [main] New browser context and page created
[2026-06-04 10:43:39.275] [STEP ] [main] >> Navigating to: https://www.saucedemo.com
[2026-06-04 10:43:39.887] [INFO ] [main] Login page loaded
[2026-06-04 10:43:39.889] [INFO ] [main] Logging in as: standard_user
[2026-06-04 10:43:39.889] [STEP ] [main] >> Typing 'standard_user' into #user-name
[2026-06-04 10:43:39.931] [STEP ] [main] >> Typing [MASKED] into #password
[2026-06-04 10:43:39.950] [STEP ] [main] >> Clicking: #login-button
[2026-06-04 10:43:40.023] [STEP ] [main] >> Adding to cart: sauce-labs-backpack
[2026-06-04 10:43:40.024] [STEP ] [main] >> Clicking: [data-test='add-to-cart-sauce-labs-backpack']
[2026-06-04 10:43:40.077] [STEP ] [main] >> Adding to cart: sauce-labs-bike-light
[2026-06-04 10:43:40.077] [STEP ] [main] >> Clicking: [data-test='add-to-cart-sauce-labs-bike-light']
[2026-06-04 10:43:40.121] [STEP ] [main] >> Adding to cart: sauce-labs-bolt-t-shirt
[2026-06-04 10:43:40.121] [STEP ] [main] >> Clicking: [data-test='add-to-cart-sauce-labs-bolt-t-shirt']
[2026-06-04 10:43:40.160] [INFO ] [main] [PASSED] testAddMultipleItemsToCart
[2026-06-04 10:43:40.161] [INFO ] [main] TEST END: testAddMultipleItemsToCart => PASSED
[2026-06-04 10:43:40.161] [INFO ] [main] ----------------------------------------
[2026-06-04 10:43:40.167] [DEBUG] [main] Browser context closed
[2026-06-04 10:43:40.168] [INFO ] [main] ========================================
[2026-06-04 10:43:40.168] [INFO ] [main] TEST START: testAddAllItemsToCart
[2026-06-04 10:43:40.169] [INFO ] [main] ========================================
[2026-06-04 10:43:40.241] [INFO ] [main] New browser context and page created
[2026-06-04 10:43:40.242] [STEP ] [main] >> Navigating to: https://www.saucedemo.com
[2026-06-04 10:43:40.796] [INFO ] [main] Login page loaded
[2026-06-04 10:43:40.796] [INFO ] [main] Logging in as: standard_user
[2026-06-04 10:43:40.796] [STEP ] [main] >> Typing 'standard_user' into #user-name
[2026-06-04 10:43:40.835] [STEP ] [main] >> Typing [MASKED] into #password
[2026-06-04 10:43:40.851] [STEP ] [main] >> Clicking: #login-button
[2026-06-04 10:43:40.918] [STEP ] [main] >> Adding to cart: sauce-labs-backpack
[2026-06-04 10:43:40.918] [STEP ] [main] >> Clicking: [data-test='add-to-cart-sauce-labs-backpack']
[2026-06-04 10:43:40.965] [STEP ] [main] >> Adding to cart: sauce-labs-bike-light
[2026-06-04 10:43:40.965] [STEP ] [main] >> Clicking: [data-test='add-to-cart-sauce-labs-bike-light']
[2026-06-04 10:43:41.006] [STEP ] [main] >> Adding to cart: sauce-labs-bolt-t-shirt
[2026-06-04 10:43:41.006] [STEP ] [main] >> Clicking: [data-test='add-to-cart-sauce-labs-bolt-t-shirt']
[2026-06-04 10:43:41.058] [STEP ] [main] >> Adding to cart: sauce-labs-fleece-jacket
[2026-06-04 10:43:41.059] [STEP ] [main] >> Clicking: [data-test='add-to-cart-sauce-labs-fleece-jacket']
[2026-06-04 10:43:41.105] [STEP ] [main] >> Adding to cart: sauce-labs-onesie
[2026-06-04 10:43:41.105] [STEP ] [main] >> Clicking: [data-test='add-to-cart-sauce-labs-onesie']
[2026-06-04 10:43:41.156] [STEP ] [main] >> Adding to cart: test.allthethings()-t-shirt-(red)
[2026-06-04 10:43:41.156] [STEP ] [main] >> Clicking: [data-test='add-to-cart-test.allthethings()-t-shirt-(red)']
[2026-06-04 10:43:41.215] [INFO ] [main] [PASSED] testAddAllItemsToCart
[2026-06-04 10:43:41.216] [INFO ] [main] TEST END: testAddAllItemsToCart => PASSED
[2026-06-04 10:43:41.216] [INFO ] [main] ----------------------------------------
[2026-06-04 10:43:41.220] [DEBUG] [main] Browser context closed
[2026-06-04 10:43:41.223] [INFO ] [main] ========================================
[2026-06-04 10:43:41.223] [INFO ] [main] TEST START: testRemoveItemFromProductsPage
[2026-06-04 10:43:41.223] [INFO ] [main] ========================================
[2026-06-04 10:43:41.295] [INFO ] [main] New browser context and page created
[2026-06-04 10:43:41.296] [STEP ] [main] >> Navigating to: https://www.saucedemo.com
[2026-06-04 10:43:41.845] [INFO ] [main] Login page loaded
[2026-06-04 10:43:41.845] [INFO ] [main] Logging in as: standard_user
[2026-06-04 10:43:41.845] [STEP ] [main] >> Typing 'standard_user' into #user-name
[2026-06-04 10:43:41.883] [STEP ] [main] >> Typing [MASKED] into #password
[2026-06-04 10:43:41.897] [STEP ] [main] >> Clicking: #login-button
[2026-06-04 10:43:41.968] [STEP ] [main] >> Adding to cart: sauce-labs-backpack
[2026-06-04 10:43:41.969] [STEP ] [main] >> Clicking: [data-test='add-to-cart-sauce-labs-backpack']
[2026-06-04 10:43:42.027] [STEP ] [main] >> Removing from cart: sauce-labs-backpack
[2026-06-04 10:43:42.027] [STEP ] [main] >> Clicking: [data-test='remove-sauce-labs-backpack']
[2026-06-04 10:43:42.055] [INFO ] [main] [PASSED] testRemoveItemFromProductsPage
[2026-06-04 10:43:42.056] [INFO ] [main] TEST END: testRemoveItemFromProductsPage => PASSED
[2026-06-04 10:43:42.056] [INFO ] [main] ----------------------------------------
[2026-06-04 10:43:42.061] [DEBUG] [main] Browser context closed
[2026-06-04 10:43:42.062] [INFO ] [main] ========================================
[2026-06-04 10:43:42.062] [INFO ] [main] TEST START: testAddAndRemoveMultiple
[2026-06-04 10:43:42.062] [INFO ] [main] ========================================
[2026-06-04 10:43:42.165] [INFO ] [main] New browser context and page created
[2026-06-04 10:43:42.166] [STEP ] [main] >> Navigating to: https://www.saucedemo.com
[2026-06-04 10:43:42.737] [INFO ] [main] Login page loaded
[2026-06-04 10:43:42.738] [INFO ] [main] Logging in as: standard_user
[2026-06-04 10:43:42.738] [STEP ] [main] >> Typing 'standard_user' into #user-name
[2026-06-04 10:43:42.776] [STEP ] [main] >> Typing [MASKED] into #password
[2026-06-04 10:43:42.792] [STEP ] [main] >> Clicking: #login-button
[2026-06-04 10:43:42.870] [STEP ] [main] >> Adding to cart: sauce-labs-backpack
[2026-06-04 10:43:42.871] [STEP ] [main] >> Clicking: [data-test='add-to-cart-sauce-labs-backpack']
[2026-06-04 10:43:42.923] [STEP ] [main] >> Adding to cart: sauce-labs-bike-light
[2026-06-04 10:43:42.924] [STEP ] [main] >> Clicking: [data-test='add-to-cart-sauce-labs-bike-light']
[2026-06-04 10:43:42.979] [STEP ] [main] >> Removing from cart: sauce-labs-backpack
[2026-06-04 10:43:42.979] [STEP ] [main] >> Clicking: [data-test='remove-sauce-labs-backpack']
[2026-06-04 10:43:43.034] [INFO ] [main] [PASSED] testAddAndRemoveMultiple
[2026-06-04 10:43:43.035] [INFO ] [main] TEST END: testAddAndRemoveMultiple => PASSED
[2026-06-04 10:43:43.035] [INFO ] [main] ----------------------------------------
[2026-06-04 10:43:43.039] [DEBUG] [main] Browser context closed
[2026-06-04 10:43:43.105] [INFO ] [main] Browser closed
[2026-06-04 10:43:43.106] [INFO ] [main] 
[2026-06-04 10:43:43.106] [INFO ] [main] ==========================================
[2026-06-04 10:43:43.106] [INFO ] [main]          FINAL TEST RESULTS               
[2026-06-04 10:43:43.106] [INFO ] [main] ==========================================
[2026-06-04 10:43:43.106] [INFO ] [main]   Passed  : 29
[2026-06-04 10:43:43.106] [INFO ] [main]   Failed  : 0
[2026-06-04 10:43:43.107] [INFO ] [main]   Skipped : 0
[2026-06-04 10:43:43.107] [INFO ] [main]   Total   : 29
[2026-06-04 10:43:43.107] [INFO ] [main]   Pass Rate: 100.0%
[2026-06-04 10:43:43.107] [INFO ] [main] ==========================================
[2026-06-04 10:43:43.111] [INFO ] [main] Test Suite starting: Cart Tests
[2026-06-04 10:43:43.112] [INFO ] [main] Launching browser: chromium | headless: true | slowMotion: 0ms
[2026-06-04 10:43:43.237] [INFO ] [main] chromium browser launched
[2026-06-04 10:43:43.239] [INFO ] [main] ========================================
[2026-06-04 10:43:43.239] [INFO ] [main] TEST START: testEmptyCartPage
[2026-06-04 10:43:43.239] [INFO ] [main] ========================================
[2026-06-04 10:43:43.339] [INFO ] [main] New browser context and page created
[2026-06-04 10:43:43.340] [STEP ] [main] >> Navigating to: https://www.saucedemo.com
[2026-06-04 10:43:43.920] [INFO ] [main] Login page loaded
[2026-06-04 10:43:43.921] [INFO ] [main] Logging in as: standard_user
[2026-06-04 10:43:43.921] [STEP ] [main] >> Typing 'standard_user' into #user-name
[2026-06-04 10:43:43.959] [STEP ] [main] >> Typing [MASKED] into #password
[2026-06-04 10:43:43.974] [STEP ] [main] >> Clicking: #login-button
[2026-06-04 10:43:44.062] [STEP ] [main] >> Navigating to cart
[2026-06-04 10:43:44.063] [STEP ] [main] >> Clicking: .shopping_cart_link
[2026-06-04 10:43:44.138] [INFO ] [main] [PASSED] testEmptyCartPage
[2026-06-04 10:43:44.139] [INFO ] [main] TEST END: testEmptyCartPage => PASSED
[2026-06-04 10:43:44.139] [INFO ] [main] ----------------------------------------
[2026-06-04 10:43:44.144] [DEBUG] [main] Browser context closed
[2026-06-04 10:43:44.146] [INFO ] [main] ========================================
[2026-06-04 10:43:44.146] [INFO ] [main] TEST START: testSingleItemInCart
[2026-06-04 10:43:44.146] [INFO ] [main] ========================================
[2026-06-04 10:43:44.219] [INFO ] [main] New browser context and page created
[2026-06-04 10:43:44.220] [STEP ] [main] >> Navigating to: https://www.saucedemo.com
[2026-06-04 10:43:44.768] [INFO ] [main] Login page loaded
[2026-06-04 10:43:44.768] [INFO ] [main] Logging in as: standard_user
[2026-06-04 10:43:44.768] [STEP ] [main] >> Typing 'standard_user' into #user-name
[2026-06-04 10:43:44.805] [STEP ] [main] >> Typing [MASKED] into #password
[2026-06-04 10:43:44.820] [STEP ] [main] >> Clicking: #login-button
[2026-06-04 10:43:44.900] [STEP ] [main] >> Adding to cart: sauce-labs-backpack
[2026-06-04 10:43:44.901] [STEP ] [main] >> Clicking: [data-test='add-to-cart-sauce-labs-backpack']
[2026-06-04 10:43:44.950] [STEP ] [main] >> Navigating to cart
[2026-06-04 10:43:44.951] [STEP ] [main] >> Clicking: .shopping_cart_link
[2026-06-04 10:43:45.009] [INFO ] [main] [PASSED] testSingleItemInCart
[2026-06-04 10:43:45.010] [INFO ] [main] TEST END: testSingleItemInCart => PASSED
[2026-06-04 10:43:45.010] [INFO ] [main] ----------------------------------------
[2026-06-04 10:43:45.014] [DEBUG] [main] Browser context closed
[2026-06-04 10:43:45.014] [INFO ] [main] ========================================
[2026-06-04 10:43:45.014] [INFO ] [main] TEST START: testMultipleItemsInCart
[2026-06-04 10:43:45.014] [INFO ] [main] ========================================
[2026-06-04 10:43:45.093] [INFO ] [main] New browser context and page created
[2026-06-04 10:43:45.094] [STEP ] [main] >> Navigating to: https://www.saucedemo.com
[2026-06-04 10:43:45.651] [INFO ] [main] Login page loaded
[2026-06-04 10:43:45.651] [INFO ] [main] Logging in as: standard_user
[2026-06-04 10:43:45.652] [STEP ] [main] >> Typing 'standard_user' into #user-name
[2026-06-04 10:43:45.687] [STEP ] [main] >> Typing [MASKED] into #password
[2026-06-04 10:43:45.703] [STEP ] [main] >> Clicking: #login-button
[2026-06-04 10:43:45.785] [STEP ] [main] >> Adding to cart: sauce-labs-backpack
[2026-06-04 10:43:45.786] [STEP ] [main] >> Clicking: [data-test='add-to-cart-sauce-labs-backpack']
[2026-06-04 10:43:45.836] [STEP ] [main] >> Adding to cart: sauce-labs-bike-light
[2026-06-04 10:43:45.837] [STEP ] [main] >> Clicking: [data-test='add-to-cart-sauce-labs-bike-light']
[2026-06-04 10:43:45.894] [STEP ] [main] >> Adding to cart: sauce-labs-fleece-jacket
[2026-06-04 10:43:45.894] [STEP ] [main] >> Clicking: [data-test='add-to-cart-sauce-labs-fleece-jacket']
[2026-06-04 10:43:45.950] [STEP ] [main] >> Navigating to cart
[2026-06-04 10:43:45.950] [STEP ] [main] >> Clicking: .shopping_cart_link
[2026-06-04 10:43:46.028] [INFO ] [main] [PASSED] testMultipleItemsInCart
[2026-06-04 10:43:46.029] [INFO ] [main] TEST END: testMultipleItemsInCart => PASSED
[2026-06-04 10:43:46.030] [INFO ] [main] ----------------------------------------
[2026-06-04 10:43:46.033] [DEBUG] [main] Browser context closed
[2026-06-04 10:43:46.033] [INFO ] [main] ========================================
[2026-06-04 10:43:46.033] [INFO ] [main] TEST START: testRemoveItemFromCart
[2026-06-04 10:43:46.033] [INFO ] [main] ========================================
[2026-06-04 10:43:46.149] [INFO ] [main] New browser context and page created
[2026-06-04 10:43:46.150] [STEP ] [main] >> Navigating to: https://www.saucedemo.com
[2026-06-04 10:43:46.720] [INFO ] [main] Login page loaded
[2026-06-04 10:43:46.720] [INFO ] [main] Logging in as: standard_user
[2026-06-04 10:43:46.720] [STEP ] [main] >> Typing 'standard_user' into #user-name
[2026-06-04 10:43:46.759] [STEP ] [main] >> Typing [MASKED] into #password
[2026-06-04 10:43:46.775] [STEP ] [main] >> Clicking: #login-button
[2026-06-04 10:43:46.851] [STEP ] [main] >> Adding to cart: sauce-labs-backpack
[2026-06-04 10:43:46.851] [STEP ] [main] >> Clicking: [data-test='add-to-cart-sauce-labs-backpack']
[2026-06-04 10:43:46.904] [STEP ] [main] >> Adding to cart: sauce-labs-bike-light
[2026-06-04 10:43:46.904] [STEP ] [main] >> Clicking: [data-test='add-to-cart-sauce-labs-bike-light']
[2026-06-04 10:43:46.954] [STEP ] [main] >> Navigating to cart
[2026-06-04 10:43:46.955] [STEP ] [main] >> Clicking: .shopping_cart_link
[2026-06-04 10:43:47.011] [STEP ] [main] >> Removing item from cart: sauce-labs-backpack
[2026-06-04 10:43:47.011] [STEP ] [main] >> Clicking: [data-test='remove-sauce-labs-backpack']
[2026-06-04 10:43:47.060] [INFO ] [main] [PASSED] testRemoveItemFromCart
[2026-06-04 10:43:47.060] [INFO ] [main] TEST END: testRemoveItemFromCart => PASSED
[2026-06-04 10:43:47.061] [INFO ] [main] ----------------------------------------
[2026-06-04 10:43:47.067] [DEBUG] [main] Browser context closed
[2026-06-04 10:43:47.067] [INFO ] [main] ========================================
[2026-06-04 10:43:47.067] [INFO ] [main] TEST START: testRemoveAllItemsFromCart
[2026-06-04 10:43:47.067] [INFO ] [main] ========================================
[2026-06-04 10:43:47.140] [INFO ] [main] New browser context and page created
[2026-06-04 10:43:47.140] [STEP ] [main] >> Navigating to: https://www.saucedemo.com
[2026-06-04 10:43:47.714] [INFO ] [main] Login page loaded
[2026-06-04 10:43:47.715] [INFO ] [main] Logging in as: standard_user
[2026-06-04 10:43:47.715] [STEP ] [main] >> Typing 'standard_user' into #user-name
[2026-06-04 10:43:47.753] [STEP ] [main] >> Typing [MASKED] into #password
[2026-06-04 10:43:47.768] [STEP ] [main] >> Clicking: #login-button
[2026-06-04 10:43:47.834] [STEP ] [main] >> Adding to cart: sauce-labs-backpack
[2026-06-04 10:43:47.834] [STEP ] [main] >> Clicking: [data-test='add-to-cart-sauce-labs-backpack']
[2026-06-04 10:43:47.879] [STEP ] [main] >> Adding to cart: sauce-labs-bike-light
[2026-06-04 10:43:47.880] [STEP ] [main] >> Clicking: [data-test='add-to-cart-sauce-labs-bike-light']
[2026-06-04 10:43:47.919] [STEP ] [main] >> Navigating to cart
[2026-06-04 10:43:47.920] [STEP ] [main] >> Clicking: .shopping_cart_link
[2026-06-04 10:43:47.960] [STEP ] [main] >> Removing item from cart: sauce-labs-backpack
[2026-06-04 10:43:47.961] [STEP ] [main] >> Clicking: [data-test='remove-sauce-labs-backpack']
[2026-06-04 10:43:48.005] [STEP ] [main] >> Removing item from cart: sauce-labs-bike-light
[2026-06-04 10:43:48.006] [STEP ] [main] >> Clicking: [data-test='remove-sauce-labs-bike-light']
[2026-06-04 10:43:48.059] [INFO ] [main] [PASSED] testRemoveAllItemsFromCart
[2026-06-04 10:43:48.060] [INFO ] [main] TEST END: testRemoveAllItemsFromCart => PASSED
[2026-06-04 10:43:48.060] [INFO ] [main] ----------------------------------------
[2026-06-04 10:43:48.065] [DEBUG] [main] Browser context closed
[2026-06-04 10:43:48.066] [INFO ] [main] ========================================
[2026-06-04 10:43:48.066] [INFO ] [main] TEST START: testContinueShopping
[2026-06-04 10:43:48.066] [INFO ] [main] ========================================
[2026-06-04 10:43:48.140] [INFO ] [main] New browser context and page created
[2026-06-04 10:43:48.141] [STEP ] [main] >> Navigating to: https://www.saucedemo.com
[2026-06-04 10:43:48.741] [INFO ] [main] Login page loaded
[2026-06-04 10:43:48.741] [INFO ] [main] Logging in as: standard_user
[2026-06-04 10:43:48.742] [STEP ] [main] >> Typing 'standard_user' into #user-name
[2026-06-04 10:43:48.777] [STEP ] [main] >> Typing [MASKED] into #password
[2026-06-04 10:43:48.790] [STEP ] [main] >> Clicking: #login-button
[2026-06-04 10:43:48.867] [STEP ] [main] >> Adding to cart: sauce-labs-backpack
[2026-06-04 10:43:48.868] [STEP ] [main] >> Clicking: [data-test='add-to-cart-sauce-labs-backpack']
[2026-06-04 10:43:48.919] [STEP ] [main] >> Navigating to cart
[2026-06-04 10:43:48.919] [STEP ] [main] >> Clicking: .shopping_cart_link
[2026-06-04 10:43:48.974] [STEP ] [main] >> Continuing shopping
[2026-06-04 10:43:48.974] [STEP ] [main] >> Clicking: [data-test='continue-shopping']
[2026-06-04 10:43:49.046] [INFO ] [main] [PASSED] testContinueShopping
[2026-06-04 10:43:49.047] [INFO ] [main] TEST END: testContinueShopping => PASSED
[2026-06-04 10:43:49.047] [INFO ] [main] ----------------------------------------
[2026-06-04 10:43:49.051] [DEBUG] [main] Browser context closed
[2026-06-04 10:43:49.053] [INFO ] [main] ========================================
[2026-06-04 10:43:49.054] [INFO ] [main] TEST START: testProceedToCheckout
[2026-06-04 10:43:49.054] [INFO ] [main] ========================================
[2026-06-04 10:43:49.128] [INFO ] [main] New browser context and page created
[2026-06-04 10:43:49.128] [STEP ] [main] >> Navigating to: https://www.saucedemo.com
[2026-06-04 10:43:49.764] [INFO ] [main] Login page loaded
[2026-06-04 10:43:49.764] [INFO ] [main] Logging in as: standard_user
[2026-06-04 10:43:49.766] [STEP ] [main] >> Typing 'standard_user' into #user-name
[2026-06-04 10:43:49.802] [STEP ] [main] >> Typing [MASKED] into #password
[2026-06-04 10:43:49.815] [STEP ] [main] >> Clicking: #login-button
[2026-06-04 10:43:49.884] [STEP ] [main] >> Adding to cart: sauce-labs-backpack
[2026-06-04 10:43:49.884] [STEP ] [main] >> Clicking: [data-test='add-to-cart-sauce-labs-backpack']
[2026-06-04 10:43:49.937] [STEP ] [main] >> Navigating to cart
[2026-06-04 10:43:49.937] [STEP ] [main] >> Clicking: .shopping_cart_link
[2026-06-04 10:43:49.994] [STEP ] [main] >> Proceeding to checkout
[2026-06-04 10:43:49.994] [STEP ] [main] >> Clicking: [data-test='checkout']
[2026-06-04 10:43:50.053] [INFO ] [main] [PASSED] testProceedToCheckout
[2026-06-04 10:43:50.054] [INFO ] [main] TEST END: testProceedToCheckout => PASSED
[2026-06-04 10:43:50.054] [INFO ] [main] ----------------------------------------
[2026-06-04 10:43:50.058] [DEBUG] [main] Browser context closed
[2026-06-04 10:43:50.120] [INFO ] [main] Browser closed
[2026-06-04 10:43:50.121] [INFO ] [main] 
[2026-06-04 10:43:50.121] [INFO ] [main] ==========================================
[2026-06-04 10:43:50.121] [INFO ] [main]          FINAL TEST RESULTS               
[2026-06-04 10:43:50.121] [INFO ] [main] ==========================================
[2026-06-04 10:43:50.121] [INFO ] [main]   Passed  : 36
[2026-06-04 10:43:50.121] [INFO ] [main]   Failed  : 0
[2026-06-04 10:43:50.122] [INFO ] [main]   Skipped : 0
[2026-06-04 10:43:50.122] [INFO ] [main]   Total   : 36
[2026-06-04 10:43:50.122] [INFO ] [main]   Pass Rate: 100.0%
[2026-06-04 10:43:50.122] [INFO ] [main] ==========================================
[2026-06-04 10:43:50.125] [INFO ] [main] Test Suite starting: Checkout Tests
[2026-06-04 10:43:50.126] [INFO ] [main] Launching browser: chromium | headless: true | slowMotion: 0ms
[2026-06-04 10:43:50.254] [INFO ] [main] chromium browser launched
[2026-06-04 10:43:50.255] [INFO ] [main] ========================================
[2026-06-04 10:43:50.255] [INFO ] [main] TEST START: testCheckoutStepOneLoads
[2026-06-04 10:43:50.255] [INFO ] [main] ========================================
[2026-06-04 10:43:50.357] [INFO ] [main] New browser context and page created
[2026-06-04 10:43:50.358] [STEP ] [main] >> Navigating to: https://www.saucedemo.com
[2026-06-04 10:43:51.174] [INFO ] [main] Login page loaded
[2026-06-04 10:43:51.174] [INFO ] [main] Logging in as: standard_user
[2026-06-04 10:43:51.175] [STEP ] [main] >> Typing 'standard_user' into #user-name
[2026-06-04 10:43:51.312] [STEP ] [main] >> Typing [MASKED] into #password
[2026-06-04 10:43:51.351] [STEP ] [main] >> Clicking: #login-button
[2026-06-04 10:43:51.589] [STEP ] [main] >> Adding to cart: sauce-labs-backpack
[2026-06-04 10:43:51.590] [STEP ] [main] >> Clicking: [data-test='add-to-cart-sauce-labs-backpack']
[2026-06-04 10:43:51.677] [STEP ] [main] >> Navigating to cart
[2026-06-04 10:43:51.677] [STEP ] [main] >> Clicking: .shopping_cart_link
[2026-06-04 10:43:51.771] [STEP ] [main] >> Proceeding to checkout
[2026-06-04 10:43:51.772] [STEP ] [main] >> Clicking: [data-test='checkout']
[2026-06-04 10:43:51.879] [INFO ] [main] [PASSED] testCheckoutStepOneLoads
[2026-06-04 10:43:51.880] [INFO ] [main] TEST END: testCheckoutStepOneLoads => PASSED
[2026-06-04 10:43:51.881] [INFO ] [main] ----------------------------------------
[2026-06-04 10:43:51.891] [DEBUG] [main] Browser context closed
[2026-06-04 10:43:51.893] [INFO ] [main] ========================================
[2026-06-04 10:43:51.893] [INFO ] [main] TEST START: testValidCheckoutInfo
[2026-06-04 10:43:51.894] [INFO ] [main] ========================================
[2026-06-04 10:43:52.172] [INFO ] [main] New browser context and page created
[2026-06-04 10:43:52.176] [STEP ] [main] >> Navigating to: https://www.saucedemo.com
[2026-06-04 10:43:52.960] [INFO ] [main] Login page loaded
[2026-06-04 10:43:52.960] [INFO ] [main] Logging in as: standard_user
[2026-06-04 10:43:52.962] [STEP ] [main] >> Typing 'standard_user' into #user-name
[2026-06-04 10:43:53.012] [STEP ] [main] >> Typing [MASKED] into #password
[2026-06-04 10:43:53.039] [STEP ] [main] >> Clicking: #login-button
[2026-06-04 10:43:53.129] [STEP ] [main] >> Adding to cart: sauce-labs-backpack
[2026-06-04 10:43:53.130] [STEP ] [main] >> Clicking: [data-test='add-to-cart-sauce-labs-backpack']
[2026-06-04 10:43:53.185] [STEP ] [main] >> Navigating to cart
[2026-06-04 10:43:53.185] [STEP ] [main] >> Clicking: .shopping_cart_link
[2026-06-04 10:43:53.225] [STEP ] [main] >> Proceeding to checkout
[2026-06-04 10:43:53.226] [STEP ] [main] >> Clicking: [data-test='checkout']
[2026-06-04 10:43:53.275] [STEP ] [main] >> Typing 'John' into [data-test='firstName']
[2026-06-04 10:43:53.299] [STEP ] [main] >> Typing 'Doe' into [data-test='lastName']
[2026-06-04 10:43:53.316] [STEP ] [main] >> Typing '10001' into [data-test='postalCode']
[2026-06-04 10:43:53.331] [STEP ] [main] >> Clicking: [data-test='continue']
[2026-06-04 10:43:53.389] [INFO ] [main] [PASSED] testValidCheckoutInfo
[2026-06-04 10:43:53.390] [INFO ] [main] TEST END: testValidCheckoutInfo => PASSED
[2026-06-04 10:43:53.390] [INFO ] [main] ----------------------------------------
[2026-06-04 10:43:53.396] [DEBUG] [main] Browser context closed
[2026-06-04 10:43:53.397] [INFO ] [main] ========================================
[2026-06-04 10:43:53.397] [INFO ] [main] TEST START: testValidCheckoutInfo
[2026-06-04 10:43:53.398] [INFO ] [main] ========================================
[2026-06-04 10:43:53.486] [INFO ] [main] New browser context and page created
[2026-06-04 10:43:53.488] [STEP ] [main] >> Navigating to: https://www.saucedemo.com
[2026-06-04 10:43:54.067] [INFO ] [main] Login page loaded
[2026-06-04 10:43:54.068] [INFO ] [main] Logging in as: standard_user
[2026-06-04 10:43:54.068] [STEP ] [main] >> Typing 'standard_user' into #user-name
[2026-06-04 10:43:54.114] [STEP ] [main] >> Typing [MASKED] into #password
[2026-06-04 10:43:54.132] [STEP ] [main] >> Clicking: #login-button
[2026-06-04 10:43:54.208] [STEP ] [main] >> Adding to cart: sauce-labs-backpack
[2026-06-04 10:43:54.208] [STEP ] [main] >> Clicking: [data-test='add-to-cart-sauce-labs-backpack']
[2026-06-04 10:43:54.258] [STEP ] [main] >> Navigating to cart
[2026-06-04 10:43:54.259] [STEP ] [main] >> Clicking: .shopping_cart_link
[2026-06-04 10:43:54.308] [STEP ] [main] >> Proceeding to checkout
[2026-06-04 10:43:54.309] [STEP ] [main] >> Clicking: [data-test='checkout']
[2026-06-04 10:43:54.364] [STEP ] [main] >> Typing 'Jane' into [data-test='firstName']
[2026-06-04 10:43:54.383] [STEP ] [main] >> Typing 'Smith' into [data-test='lastName']
[2026-06-04 10:43:54.401] [STEP ] [main] >> Typing '90210' into [data-test='postalCode']
[2026-06-04 10:43:54.418] [STEP ] [main] >> Clicking: [data-test='continue']
[2026-06-04 10:43:54.497] [INFO ] [main] [PASSED] testValidCheckoutInfo
[2026-06-04 10:43:54.497] [INFO ] [main] TEST END: testValidCheckoutInfo => PASSED
[2026-06-04 10:43:54.499] [INFO ] [main] ----------------------------------------
[2026-06-04 10:43:54.504] [DEBUG] [main] Browser context closed
[2026-06-04 10:43:54.505] [INFO ] [main] ========================================
[2026-06-04 10:43:54.505] [INFO ] [main] TEST START: testValidCheckoutInfo
[2026-06-04 10:43:54.506] [INFO ] [main] ========================================
[2026-06-04 10:43:54.636] [INFO ] [main] New browser context and page created
[2026-06-04 10:43:54.638] [STEP ] [main] >> Navigating to: https://www.saucedemo.com
[2026-06-04 10:43:55.256] [INFO ] [main] Login page loaded
[2026-06-04 10:43:55.256] [INFO ] [main] Logging in as: standard_user
[2026-06-04 10:43:55.257] [STEP ] [main] >> Typing 'standard_user' into #user-name
[2026-06-04 10:43:55.325] [STEP ] [main] >> Typing [MASKED] into #password
[2026-06-04 10:43:55.355] [STEP ] [main] >> Clicking: #login-button
[2026-06-04 10:43:55.464] [STEP ] [main] >> Adding to cart: sauce-labs-backpack
[2026-06-04 10:43:55.465] [STEP ] [main] >> Clicking: [data-test='add-to-cart-sauce-labs-backpack']
[2026-06-04 10:43:55.535] [STEP ] [main] >> Navigating to cart
[2026-06-04 10:43:55.535] [STEP ] [main] >> Clicking: .shopping_cart_link
[2026-06-04 10:43:55.583] [STEP ] [main] >> Proceeding to checkout
[2026-06-04 10:43:55.585] [STEP ] [main] >> Clicking: [data-test='checkout']
[2026-06-04 10:43:55.636] [STEP ] [main] >> Typing 'Alex' into [data-test='firstName']
[2026-06-04 10:43:55.659] [STEP ] [main] >> Typing 'Brown' into [data-test='lastName']
[2026-06-04 10:43:55.680] [STEP ] [main] >> Typing '60601' into [data-test='postalCode']
[2026-06-04 10:43:55.699] [STEP ] [main] >> Clicking: [data-test='continue']
[2026-06-04 10:43:56.058] [INFO ] [main] [PASSED] testValidCheckoutInfo
[2026-06-04 10:43:56.060] [INFO ] [main] TEST END: testValidCheckoutInfo => PASSED
[2026-06-04 10:43:56.060] [INFO ] [main] ----------------------------------------
[2026-06-04 10:43:56.068] [DEBUG] [main] Browser context closed
[2026-06-04 10:43:56.071] [INFO ] [main] ========================================
[2026-06-04 10:43:56.071] [INFO ] [main] TEST START: testInvalidCheckoutInfo
[2026-06-04 10:43:56.072] [INFO ] [main] ========================================
[2026-06-04 10:43:56.191] [INFO ] [main] New browser context and page created
[2026-06-04 10:43:56.199] [STEP ] [main] >> Navigating to: https://www.saucedemo.com
[2026-06-04 10:43:56.809] [INFO ] [main] Login page loaded
[2026-06-04 10:43:56.810] [INFO ] [main] Logging in as: standard_user
[2026-06-04 10:43:56.810] [STEP ] [main] >> Typing 'standard_user' into #user-name
[2026-06-04 10:43:56.855] [STEP ] [main] >> Typing [MASKED] into #password
[2026-06-04 10:43:56.873] [STEP ] [main] >> Clicking: #login-button
[2026-06-04 10:43:56.958] [STEP ] [main] >> Adding to cart: sauce-labs-backpack
[2026-06-04 10:43:56.959] [STEP ] [main] >> Clicking: [data-test='add-to-cart-sauce-labs-backpack']
[2026-06-04 10:43:57.007] [STEP ] [main] >> Navigating to cart
[2026-06-04 10:43:57.008] [STEP ] [main] >> Clicking: .shopping_cart_link
[2026-06-04 10:43:57.062] [STEP ] [main] >> Proceeding to checkout
[2026-06-04 10:43:57.062] [STEP ] [main] >> Clicking: [data-test='checkout']
[2026-06-04 10:43:57.118] [STEP ] [main] >> Typing '' into [data-test='firstName']
[2026-06-04 10:43:57.137] [STEP ] [main] >> Typing 'Doe' into [data-test='lastName']
[2026-06-04 10:43:57.156] [STEP ] [main] >> Typing '10001' into [data-test='postalCode']
[2026-06-04 10:43:57.175] [STEP ] [main] >> Clicking: [data-test='continue']
[2026-06-04 10:43:57.237] [INFO ] [main] [PASSED] testInvalidCheckoutInfo
[2026-06-04 10:43:57.238] [INFO ] [main] TEST END: testInvalidCheckoutInfo => PASSED
[2026-06-04 10:43:57.239] [INFO ] [main] ----------------------------------------
[2026-06-04 10:43:57.243] [DEBUG] [main] Browser context closed
[2026-06-04 10:43:57.245] [INFO ] [main] ========================================
[2026-06-04 10:43:57.245] [INFO ] [main] TEST START: testInvalidCheckoutInfo
[2026-06-04 10:43:57.246] [INFO ] [main] ========================================
[2026-06-04 10:43:57.356] [INFO ] [main] New browser context and page created
[2026-06-04 10:43:57.357] [STEP ] [main] >> Navigating to: https://www.saucedemo.com
[2026-06-04 10:43:57.914] [INFO ] [main] Login page loaded
[2026-06-04 10:43:57.914] [INFO ] [main] Logging in as: standard_user
[2026-06-04 10:43:57.914] [STEP ] [main] >> Typing 'standard_user' into #user-name
[2026-06-04 10:43:57.954] [STEP ] [main] >> Typing [MASKED] into #password
[2026-06-04 10:43:57.970] [STEP ] [main] >> Clicking: #login-button
[2026-06-04 10:43:58.061] [STEP ] [main] >> Adding to cart: sauce-labs-backpack
[2026-06-04 10:43:58.061] [STEP ] [main] >> Clicking: [data-test='add-to-cart-sauce-labs-backpack']
[2026-06-04 10:43:58.108] [STEP ] [main] >> Navigating to cart
[2026-06-04 10:43:58.108] [STEP ] [main] >> Clicking: .shopping_cart_link
[2026-06-04 10:43:58.161] [STEP ] [main] >> Proceeding to checkout
[2026-06-04 10:43:58.162] [STEP ] [main] >> Clicking: [data-test='checkout']
[2026-06-04 10:43:58.211] [STEP ] [main] >> Typing 'John' into [data-test='firstName']
[2026-06-04 10:43:58.230] [STEP ] [main] >> Typing '' into [data-test='lastName']
[2026-06-04 10:43:58.244] [STEP ] [main] >> Typing '10001' into [data-test='postalCode']
[2026-06-04 10:43:58.260] [STEP ] [main] >> Clicking: [data-test='continue']
[2026-06-04 10:43:58.320] [INFO ] [main] [PASSED] testInvalidCheckoutInfo
[2026-06-04 10:43:58.321] [INFO ] [main] TEST END: testInvalidCheckoutInfo => PASSED
[2026-06-04 10:43:58.321] [INFO ] [main] ----------------------------------------
[2026-06-04 10:43:58.327] [DEBUG] [main] Browser context closed
[2026-06-04 10:43:58.328] [INFO ] [main] ========================================
[2026-06-04 10:43:58.329] [INFO ] [main] TEST START: testInvalidCheckoutInfo
[2026-06-04 10:43:58.329] [INFO ] [main] ========================================
[2026-06-04 10:43:58.431] [INFO ] [main] New browser context and page created
[2026-06-04 10:43:58.432] [STEP ] [main] >> Navigating to: https://www.saucedemo.com
[2026-06-04 10:43:59.053] [INFO ] [main] Login page loaded
[2026-06-04 10:43:59.053] [INFO ] [main] Logging in as: standard_user
[2026-06-04 10:43:59.053] [STEP ] [main] >> Typing 'standard_user' into #user-name
[2026-06-04 10:43:59.092] [STEP ] [main] >> Typing [MASKED] into #password
[2026-06-04 10:43:59.106] [STEP ] [main] >> Clicking: #login-button
[2026-06-04 10:43:59.185] [STEP ] [main] >> Adding to cart: sauce-labs-backpack
[2026-06-04 10:43:59.186] [STEP ] [main] >> Clicking: [data-test='add-to-cart-sauce-labs-backpack']
[2026-06-04 10:43:59.227] [STEP ] [main] >> Navigating to cart
[2026-06-04 10:43:59.227] [STEP ] [main] >> Clicking: .shopping_cart_link
[2026-06-04 10:43:59.294] [STEP ] [main] >> Proceeding to checkout
[2026-06-04 10:43:59.294] [STEP ] [main] >> Clicking: [data-test='checkout']
[2026-06-04 10:43:59.344] [STEP ] [main] >> Typing 'John' into [data-test='firstName']
[2026-06-04 10:43:59.358] [STEP ] [main] >> Typing 'Doe' into [data-test='lastName']
[2026-06-04 10:43:59.373] [STEP ] [main] >> Typing '' into [data-test='postalCode']
[2026-06-04 10:43:59.387] [STEP ] [main] >> Clicking: [data-test='continue']
[2026-06-04 10:43:59.460] [INFO ] [main] [PASSED] testInvalidCheckoutInfo
[2026-06-04 10:43:59.461] [INFO ] [main] TEST END: testInvalidCheckoutInfo => PASSED
[2026-06-04 10:43:59.461] [INFO ] [main] ----------------------------------------
[2026-06-04 10:43:59.466] [DEBUG] [main] Browser context closed
[2026-06-04 10:43:59.468] [INFO ] [main] ========================================
[2026-06-04 10:43:59.469] [INFO ] [main] TEST START: testAllFieldsEmpty
[2026-06-04 10:43:59.469] [INFO ] [main] ========================================
[2026-06-04 10:43:59.544] [INFO ] [main] New browser context and page created
[2026-06-04 10:43:59.545] [STEP ] [main] >> Navigating to: https://www.saucedemo.com
[2026-06-04 10:44:00.114] [INFO ] [main] Login page loaded
[2026-06-04 10:44:00.115] [INFO ] [main] Logging in as: standard_user
[2026-06-04 10:44:00.115] [STEP ] [main] >> Typing 'standard_user' into #user-name
[2026-06-04 10:44:00.153] [STEP ] [main] >> Typing [MASKED] into #password
[2026-06-04 10:44:00.169] [STEP ] [main] >> Clicking: #login-button
[2026-06-04 10:44:00.251] [STEP ] [main] >> Adding to cart: sauce-labs-backpack
[2026-06-04 10:44:00.251] [STEP ] [main] >> Clicking: [data-test='add-to-cart-sauce-labs-backpack']
[2026-06-04 10:44:00.304] [STEP ] [main] >> Navigating to cart
[2026-06-04 10:44:00.304] [STEP ] [main] >> Clicking: .shopping_cart_link
[2026-06-04 10:44:00.362] [STEP ] [main] >> Proceeding to checkout
[2026-06-04 10:44:00.362] [STEP ] [main] >> Clicking: [data-test='checkout']
[2026-06-04 10:44:00.418] [STEP ] [main] >> Clicking: [data-test='continue']
[2026-06-04 10:44:00.497] [INFO ] [main] [PASSED] testAllFieldsEmpty
[2026-06-04 10:44:00.498] [INFO ] [main] TEST END: testAllFieldsEmpty => PASSED
[2026-06-04 10:44:00.499] [INFO ] [main] ----------------------------------------
[2026-06-04 10:44:00.504] [DEBUG] [main] Browser context closed
[2026-06-04 10:44:00.506] [INFO ] [main] ========================================
[2026-06-04 10:44:00.506] [INFO ] [main] TEST START: testCancelOnStepOne
[2026-06-04 10:44:00.506] [INFO ] [main] ========================================
[2026-06-04 10:44:00.617] [INFO ] [main] New browser context and page created
[2026-06-04 10:44:00.617] [STEP ] [main] >> Navigating to: https://www.saucedemo.com
[2026-06-04 10:44:01.185] [INFO ] [main] Login page loaded
[2026-06-04 10:44:01.185] [INFO ] [main] Logging in as: standard_user
[2026-06-04 10:44:01.185] [STEP ] [main] >> Typing 'standard_user' into #user-name
[2026-06-04 10:44:01.226] [STEP ] [main] >> Typing [MASKED] into #password
[2026-06-04 10:44:01.243] [STEP ] [main] >> Clicking: #login-button
[2026-06-04 10:44:01.318] [STEP ] [main] >> Adding to cart: sauce-labs-backpack
[2026-06-04 10:44:01.320] [STEP ] [main] >> Clicking: [data-test='add-to-cart-sauce-labs-backpack']
[2026-06-04 10:44:01.371] [STEP ] [main] >> Navigating to cart
[2026-06-04 10:44:01.371] [STEP ] [main] >> Clicking: .shopping_cart_link
[2026-06-04 10:44:01.441] [STEP ] [main] >> Proceeding to checkout
[2026-06-04 10:44:01.442] [STEP ] [main] >> Clicking: [data-test='checkout']
[2026-06-04 10:44:01.508] [STEP ] [main] >> Clicking: [data-test='cancel']
[2026-06-04 10:44:01.580] [INFO ] [main] [PASSED] testCancelOnStepOne
[2026-06-04 10:44:01.582] [INFO ] [main] TEST END: testCancelOnStepOne => PASSED
[2026-06-04 10:44:01.582] [INFO ] [main] ----------------------------------------
[2026-06-04 10:44:01.591] [DEBUG] [main] Browser context closed
[2026-06-04 10:44:01.594] [INFO ] [main] ========================================
[2026-06-04 10:44:01.594] [INFO ] [main] TEST START: testOverviewShowsSingleItem
[2026-06-04 10:44:01.594] [INFO ] [main] ========================================
[2026-06-04 10:44:01.676] [INFO ] [main] New browser context and page created
[2026-06-04 10:44:01.677] [STEP ] [main] >> Navigating to: https://www.saucedemo.com
[2026-06-04 10:44:02.226] [INFO ] [main] Login page loaded
[2026-06-04 10:44:02.227] [INFO ] [main] Logging in as: standard_user
[2026-06-04 10:44:02.227] [STEP ] [main] >> Typing 'standard_user' into #user-name
[2026-06-04 10:44:02.265] [STEP ] [main] >> Typing [MASKED] into #password
[2026-06-04 10:44:02.280] [STEP ] [main] >> Clicking: #login-button
[2026-06-04 10:44:02.351] [STEP ] [main] >> Adding to cart: sauce-labs-backpack
[2026-06-04 10:44:02.351] [STEP ] [main] >> Clicking: [data-test='add-to-cart-sauce-labs-backpack']
[2026-06-04 10:44:02.401] [STEP ] [main] >> Navigating to cart
[2026-06-04 10:44:02.402] [STEP ] [main] >> Clicking: .shopping_cart_link
[2026-06-04 10:44:02.445] [STEP ] [main] >> Proceeding to checkout
[2026-06-04 10:44:02.445] [STEP ] [main] >> Clicking: [data-test='checkout']
[2026-06-04 10:44:02.494] [STEP ] [main] >> Typing 'John' into [data-test='firstName']
[2026-06-04 10:44:02.513] [STEP ] [main] >> Typing 'Doe' into [data-test='lastName']
[2026-06-04 10:44:02.531] [STEP ] [main] >> Typing '12345' into [data-test='postalCode']
[2026-06-04 10:44:02.548] [STEP ] [main] >> Clicking: [data-test='continue']
[2026-06-04 10:44:02.628] [INFO ] [main] [PASSED] testOverviewShowsSingleItem
[2026-06-04 10:44:02.628] [INFO ] [main] TEST END: testOverviewShowsSingleItem => PASSED
[2026-06-04 10:44:02.629] [INFO ] [main] ----------------------------------------
[2026-06-04 10:44:02.635] [DEBUG] [main] Browser context closed
[2026-06-04 10:44:02.637] [INFO ] [main] ========================================
[2026-06-04 10:44:02.638] [INFO ] [main] TEST START: testOverviewShowsMultipleItems
[2026-06-04 10:44:02.638] [INFO ] [main] ========================================
[2026-06-04 10:44:02.723] [INFO ] [main] New browser context and page created
[2026-06-04 10:44:02.724] [STEP ] [main] >> Navigating to: https://www.saucedemo.com
[2026-06-04 10:44:03.326] [INFO ] [main] Login page loaded
[2026-06-04 10:44:03.327] [INFO ] [main] Logging in as: standard_user
[2026-06-04 10:44:03.327] [STEP ] [main] >> Typing 'standard_user' into #user-name
[2026-06-04 10:44:03.367] [STEP ] [main] >> Typing [MASKED] into #password
[2026-06-04 10:44:03.383] [STEP ] [main] >> Clicking: #login-button
[2026-06-04 10:44:03.450] [STEP ] [main] >> Adding to cart: sauce-labs-backpack
[2026-06-04 10:44:03.451] [STEP ] [main] >> Clicking: [data-test='add-to-cart-sauce-labs-backpack']
[2026-06-04 10:44:03.504] [STEP ] [main] >> Adding to cart: sauce-labs-bike-light
[2026-06-04 10:44:03.504] [STEP ] [main] >> Clicking: [data-test='add-to-cart-sauce-labs-bike-light']
[2026-06-04 10:44:03.552] [STEP ] [main] >> Adding to cart: sauce-labs-onesie
[2026-06-04 10:44:03.553] [STEP ] [main] >> Clicking: [data-test='add-to-cart-sauce-labs-onesie']
[2026-06-04 10:44:03.604] [STEP ] [main] >> Navigating to cart
[2026-06-04 10:44:03.604] [STEP ] [main] >> Clicking: .shopping_cart_link
[2026-06-04 10:44:03.660] [STEP ] [main] >> Proceeding to checkout
[2026-06-04 10:44:03.661] [STEP ] [main] >> Clicking: [data-test='checkout']
[2026-06-04 10:44:03.708] [STEP ] [main] >> Typing 'Jane' into [data-test='firstName']
[2026-06-04 10:44:03.725] [STEP ] [main] >> Typing 'Smith' into [data-test='lastName']
[2026-06-04 10:44:03.739] [STEP ] [main] >> Typing '54321' into [data-test='postalCode']
[2026-06-04 10:44:03.752] [STEP ] [main] >> Clicking: [data-test='continue']
[2026-06-04 10:44:03.823] [INFO ] [main] [PASSED] testOverviewShowsMultipleItems
[2026-06-04 10:44:03.824] [INFO ] [main] TEST END: testOverviewShowsMultipleItems => PASSED
[2026-06-04 10:44:03.824] [INFO ] [main] ----------------------------------------
[2026-06-04 10:44:03.828] [DEBUG] [main] Browser context closed
[2026-06-04 10:44:03.830] [INFO ] [main] ========================================
[2026-06-04 10:44:03.830] [INFO ] [main] TEST START: testSubtotalSingleItem
[2026-06-04 10:44:03.830] [INFO ] [main] ========================================
[2026-06-04 10:44:03.933] [INFO ] [main] New browser context and page created
[2026-06-04 10:44:03.933] [STEP ] [main] >> Navigating to: https://www.saucedemo.com
[2026-06-04 10:44:04.534] [INFO ] [main] Login page loaded
[2026-06-04 10:44:04.534] [INFO ] [main] Logging in as: standard_user
[2026-06-04 10:44:04.534] [STEP ] [main] >> Typing 'standard_user' into #user-name
[2026-06-04 10:44:04.573] [STEP ] [main] >> Typing [MASKED] into #password
[2026-06-04 10:44:04.589] [STEP ] [main] >> Clicking: #login-button
[2026-06-04 10:44:04.670] [STEP ] [main] >> Adding to cart: sauce-labs-backpack
[2026-06-04 10:44:04.671] [STEP ] [main] >> Clicking: [data-test='add-to-cart-sauce-labs-backpack']
[2026-06-04 10:44:04.718] [STEP ] [main] >> Navigating to cart
[2026-06-04 10:44:04.718] [STEP ] [main] >> Clicking: .shopping_cart_link
[2026-06-04 10:44:04.776] [STEP ] [main] >> Proceeding to checkout
[2026-06-04 10:44:04.776] [STEP ] [main] >> Clicking: [data-test='checkout']
[2026-06-04 10:44:04.824] [STEP ] [main] >> Typing 'John' into [data-test='firstName']
[2026-06-04 10:44:04.841] [STEP ] [main] >> Typing 'Doe' into [data-test='lastName']
[2026-06-04 10:44:04.857] [STEP ] [main] >> Typing '12345' into [data-test='postalCode']
[2026-06-04 10:44:04.872] [STEP ] [main] >> Clicking: [data-test='continue']
[2026-06-04 10:44:04.942] [INFO ] [main] [PASSED] testSubtotalSingleItem
[2026-06-04 10:44:04.943] [INFO ] [main] TEST END: testSubtotalSingleItem => PASSED
[2026-06-04 10:44:04.943] [INFO ] [main] ----------------------------------------
[2026-06-04 10:44:04.947] [DEBUG] [main] Browser context closed
[2026-06-04 10:44:04.947] [INFO ] [main] ========================================
[2026-06-04 10:44:04.947] [INFO ] [main] TEST START: testSubtotalMultipleItems
[2026-06-04 10:44:04.947] [INFO ] [main] ========================================
[2026-06-04 10:44:05.051] [INFO ] [main] New browser context and page created
[2026-06-04 10:44:05.052] [STEP ] [main] >> Navigating to: https://www.saucedemo.com
[2026-06-04 10:44:05.658] [INFO ] [main] Login page loaded
[2026-06-04 10:44:05.658] [INFO ] [main] Logging in as: standard_user
[2026-06-04 10:44:05.659] [STEP ] [main] >> Typing 'standard_user' into #user-name
[2026-06-04 10:44:05.700] [STEP ] [main] >> Typing [MASKED] into #password
[2026-06-04 10:44:05.715] [STEP ] [main] >> Clicking: #login-button
[2026-06-04 10:44:05.790] [STEP ] [main] >> Adding to cart: sauce-labs-backpack
[2026-06-04 10:44:05.790] [STEP ] [main] >> Clicking: [data-test='add-to-cart-sauce-labs-backpack']
[2026-06-04 10:44:05.839] [STEP ] [main] >> Adding to cart: sauce-labs-bike-light
[2026-06-04 10:44:05.839] [STEP ] [main] >> Clicking: [data-test='add-to-cart-sauce-labs-bike-light']
[2026-06-04 10:44:05.888] [STEP ] [main] >> Adding to cart: sauce-labs-onesie
[2026-06-04 10:44:05.888] [STEP ] [main] >> Clicking: [data-test='add-to-cart-sauce-labs-onesie']
[2026-06-04 10:44:05.940] [STEP ] [main] >> Navigating to cart
[2026-06-04 10:44:05.940] [STEP ] [main] >> Clicking: .shopping_cart_link
[2026-06-04 10:44:06.000] [STEP ] [main] >> Proceeding to checkout
[2026-06-04 10:44:06.000] [STEP ] [main] >> Clicking: [data-test='checkout']
[2026-06-04 10:44:06.147] [STEP ] [main] >> Typing 'Jane' into [data-test='firstName']
[2026-06-04 10:44:06.264] [STEP ] [main] >> Typing 'Smith' into [data-test='lastName']
[2026-06-04 10:44:06.288] [STEP ] [main] >> Typing '54321' into [data-test='postalCode']
[2026-06-04 10:44:06.314] [STEP ] [main] >> Clicking: [data-test='continue']
[2026-06-04 10:44:06.386] [INFO ] [main] [PASSED] testSubtotalMultipleItems
[2026-06-04 10:44:06.388] [INFO ] [main] TEST END: testSubtotalMultipleItems => PASSED
[2026-06-04 10:44:06.388] [INFO ] [main] ----------------------------------------
[2026-06-04 10:44:06.395] [DEBUG] [main] Browser context closed
[2026-06-04 10:44:06.397] [INFO ] [main] ========================================
[2026-06-04 10:44:06.397] [INFO ] [main] TEST START: testTaxCalculation
[2026-06-04 10:44:06.398] [INFO ] [main] ========================================
[2026-06-04 10:44:06.502] [INFO ] [main] New browser context and page created
[2026-06-04 10:44:06.504] [STEP ] [main] >> Navigating to: https://www.saucedemo.com
[2026-06-04 10:44:07.115] [INFO ] [main] Login page loaded
[2026-06-04 10:44:07.116] [INFO ] [main] Logging in as: standard_user
[2026-06-04 10:44:07.116] [STEP ] [main] >> Typing 'standard_user' into #user-name
[2026-06-04 10:44:07.165] [STEP ] [main] >> Typing [MASKED] into #password
[2026-06-04 10:44:07.183] [STEP ] [main] >> Clicking: #login-button
[2026-06-04 10:44:07.252] [STEP ] [main] >> Adding to cart: sauce-labs-backpack
[2026-06-04 10:44:07.252] [STEP ] [main] >> Clicking: [data-test='add-to-cart-sauce-labs-backpack']
[2026-06-04 10:44:07.305] [STEP ] [main] >> Navigating to cart
[2026-06-04 10:44:07.305] [STEP ] [main] >> Clicking: .shopping_cart_link
[2026-06-04 10:44:07.358] [STEP ] [main] >> Proceeding to checkout
[2026-06-04 10:44:07.360] [STEP ] [main] >> Clicking: [data-test='checkout']
[2026-06-04 10:44:07.410] [STEP ] [main] >> Typing 'John' into [data-test='firstName']
[2026-06-04 10:44:07.427] [STEP ] [main] >> Typing 'Doe' into [data-test='lastName']
[2026-06-04 10:44:07.442] [STEP ] [main] >> Typing '12345' into [data-test='postalCode']
[2026-06-04 10:44:07.459] [STEP ] [main] >> Clicking: [data-test='continue']
[2026-06-04 10:44:07.533] [INFO ] [main] [PASSED] testTaxCalculation
[2026-06-04 10:44:07.534] [INFO ] [main] TEST END: testTaxCalculation => PASSED
[2026-06-04 10:44:07.534] [INFO ] [main] ----------------------------------------
[2026-06-04 10:44:07.540] [DEBUG] [main] Browser context closed
[2026-06-04 10:44:07.689] [INFO ] [main] Browser closed
[2026-06-04 10:44:07.689] [INFO ] [main] 
[2026-06-04 10:44:07.690] [INFO ] [main] ==========================================
[2026-06-04 10:44:07.690] [INFO ] [main]          FINAL TEST RESULTS               
[2026-06-04 10:44:07.690] [INFO ] [main] ==========================================
[2026-06-04 10:44:07.690] [INFO ] [main]   Passed  : 50
[2026-06-04 10:44:07.690] [INFO ] [main]   Failed  : 0
[2026-06-04 10:44:07.690] [INFO ] [main]   Skipped : 0
[2026-06-04 10:44:07.691] [INFO ] [main]   Total   : 50
[2026-06-04 10:44:07.691] [INFO ] [main]   Pass Rate: 100.0%
[2026-06-04 10:44:07.691] [INFO ] [main] ==========================================
[2026-06-04 10:44:07.712] [INFO ] [main] Playwright instance closed
[2026-06-04 10:44:07.712] [INFO ] [main] ################################################
[2026-06-04 10:44:07.712] [INFO ] [main] SUITE COMPLETED
[2026-06-04 10:44:07.713] [INFO ] [main] ################################################
[2026-06-04 11:12:42.786] [INFO ] [main] ################################################
[2026-06-04 11:12:42.788] [INFO ] [main] SUITE START: SauceDemo Automation Suite
[2026-06-04 11:12:42.789] [INFO ] [main] Configuration loaded successfully
[2026-06-04 11:12:42.790] [INFO ] [main] Browser: chromium
[2026-06-04 11:12:42.790] [INFO ] [main] Headless: true
[2026-06-04 11:12:42.791] [INFO ] [main] Base URL: https://www.saucedemo.com
[2026-06-04 11:12:42.791] [INFO ] [main] ################################################
[2026-06-04 11:12:49.519] [INFO ] [main] Playwright instance created
[2026-06-04 11:12:49.524] [INFO ] [main] Test Suite starting: Login Tests
[2026-06-04 11:12:49.549] [INFO ] [main] Launching browser: chromium | headless: true | slowMotion: 0ms
[2026-06-04 11:12:49.989] [INFO ] [main] chromium browser launched
[2026-06-04 11:12:50.014] [INFO ] [main] ========================================
[2026-06-04 11:12:50.014] [INFO ] [main] TEST START: testValidLogin
[2026-06-04 11:12:50.015] [INFO ] [main] ========================================
[2026-06-04 11:12:50.145] [INFO ] [main] New browser context and page created
[2026-06-04 11:12:50.148] [STEP ] [main] >> Navigating to: https://www.saucedemo.com
[2026-06-04 11:12:53.551] [INFO ] [main] Login page loaded
[2026-06-04 11:12:53.552] [INFO ] [main] Logging in as: standard_user
[2026-06-04 11:12:53.552] [STEP ] [main] >> Typing 'standard_user' into #user-name
[2026-06-04 11:12:53.604] [STEP ] [main] >> Typing [MASKED] into #password
[2026-06-04 11:12:53.624] [STEP ] [main] >> Clicking: #login-button
[2026-06-04 11:12:53.767] [INFO ] [main] [PASSED] testValidLogin
[2026-06-04 11:12:53.769] [INFO ] [main] TEST END: testValidLogin => PASSED
[2026-06-04 11:12:53.769] [INFO ] [main] ----------------------------------------
[2026-06-04 11:12:53.781] [DEBUG] [main] Browser context closed
[2026-06-04 11:12:53.790] [INFO ] [main] ========================================
[2026-06-04 11:12:53.791] [INFO ] [main] TEST START: testAllUserTypes
[2026-06-04 11:12:53.791] [INFO ] [main] ========================================
[2026-06-04 11:12:53.876] [INFO ] [main] New browser context and page created
[2026-06-04 11:12:53.880] [STEP ] [main] >> Navigating to: https://www.saucedemo.com
[2026-06-04 11:12:54.519] [INFO ] [main] Login page loaded
[2026-06-04 11:12:54.520] [INFO ] [main] Logging in as: standard_user
[2026-06-04 11:12:54.520] [STEP ] [main] >> Typing 'standard_user' into #user-name
[2026-06-04 11:12:54.559] [STEP ] [main] >> Typing [MASKED] into #password
[2026-06-04 11:12:54.577] [STEP ] [main] >> Clicking: #login-button
[2026-06-04 11:12:54.666] [INFO ] [main] [PASSED] testAllUserTypes
[2026-06-04 11:12:54.669] [INFO ] [main] TEST END: testAllUserTypes => PASSED
[2026-06-04 11:12:54.669] [INFO ] [main] ----------------------------------------
[2026-06-04 11:12:54.678] [DEBUG] [main] Browser context closed
[2026-06-04 11:12:54.679] [INFO ] [main] ========================================
[2026-06-04 11:12:54.680] [INFO ] [main] TEST START: testAllUserTypes
[2026-06-04 11:12:54.680] [INFO ] [main] ========================================
[2026-06-04 11:12:54.753] [INFO ] [main] New browser context and page created
[2026-06-04 11:12:54.755] [STEP ] [main] >> Navigating to: https://www.saucedemo.com
[2026-06-04 11:12:55.295] [INFO ] [main] Login page loaded
[2026-06-04 11:12:55.296] [INFO ] [main] Attempting login with: locked_out_user (expecting error)
[2026-06-04 11:12:55.297] [STEP ] [main] >> Typing 'locked_out_user' into #user-name
[2026-06-04 11:12:55.335] [STEP ] [main] >> Typing [MASKED] into #password
[2026-06-04 11:12:55.352] [STEP ] [main] >> Clicking: #login-button
[2026-06-04 11:12:55.423] [INFO ] [main] [PASSED] testAllUserTypes
[2026-06-04 11:12:55.424] [INFO ] [main] TEST END: testAllUserTypes => PASSED
[2026-06-04 11:12:55.425] [INFO ] [main] ----------------------------------------
[2026-06-04 11:12:55.430] [DEBUG] [main] Browser context closed
[2026-06-04 11:12:55.432] [INFO ] [main] ========================================
[2026-06-04 11:12:55.432] [INFO ] [main] TEST START: testAllUserTypes
[2026-06-04 11:12:55.433] [INFO ] [main] ========================================
[2026-06-04 11:12:55.533] [INFO ] [main] New browser context and page created
[2026-06-04 11:12:55.535] [STEP ] [main] >> Navigating to: https://www.saucedemo.com
[2026-06-04 11:12:56.182] [INFO ] [main] Login page loaded
[2026-06-04 11:12:56.182] [INFO ] [main] Logging in as: problem_user
[2026-06-04 11:12:56.183] [STEP ] [main] >> Typing 'problem_user' into #user-name
[2026-06-04 11:12:56.224] [STEP ] [main] >> Typing [MASKED] into #password
[2026-06-04 11:12:56.241] [STEP ] [main] >> Clicking: #login-button
[2026-06-04 11:12:56.323] [INFO ] [main] [PASSED] testAllUserTypes
[2026-06-04 11:12:56.324] [INFO ] [main] TEST END: testAllUserTypes => PASSED
[2026-06-04 11:12:56.324] [INFO ] [main] ----------------------------------------
[2026-06-04 11:12:56.329] [DEBUG] [main] Browser context closed
[2026-06-04 11:12:56.331] [INFO ] [main] ========================================
[2026-06-04 11:12:56.331] [INFO ] [main] TEST START: testAllUserTypes
[2026-06-04 11:12:56.332] [INFO ] [main] ========================================
[2026-06-04 11:12:56.404] [INFO ] [main] New browser context and page created
[2026-06-04 11:12:56.405] [STEP ] [main] >> Navigating to: https://www.saucedemo.com
[2026-06-04 11:12:56.977] [INFO ] [main] Login page loaded
[2026-06-04 11:12:56.978] [INFO ] [main] Logging in as: performance_glitch_user
[2026-06-04 11:12:56.978] [STEP ] [main] >> Typing 'performance_glitch_user' into #user-name
[2026-06-04 11:12:57.015] [STEP ] [main] >> Typing [MASKED] into #password
[2026-06-04 11:12:57.034] [STEP ] [main] >> Clicking: #login-button
[2026-06-04 11:13:02.146] [INFO ] [main] [PASSED] testAllUserTypes
[2026-06-04 11:13:02.148] [INFO ] [main] TEST END: testAllUserTypes => PASSED
[2026-06-04 11:13:02.148] [INFO ] [main] ----------------------------------------
[2026-06-04 11:13:02.152] [DEBUG] [main] Browser context closed
[2026-06-04 11:13:02.152] [INFO ] [main] ========================================
[2026-06-04 11:13:02.152] [INFO ] [main] TEST START: testAllUserTypes
[2026-06-04 11:13:02.152] [INFO ] [main] ========================================
[2026-06-04 11:13:02.237] [INFO ] [main] New browser context and page created
[2026-06-04 11:13:02.238] [STEP ] [main] >> Navigating to: https://www.saucedemo.com
[2026-06-04 11:13:02.812] [INFO ] [main] Login page loaded
[2026-06-04 11:13:02.813] [INFO ] [main] Logging in as: error_user
[2026-06-04 11:13:02.813] [STEP ] [main] >> Typing 'error_user' into #user-name
[2026-06-04 11:13:02.852] [STEP ] [main] >> Typing [MASKED] into #password
[2026-06-04 11:13:02.868] [STEP ] [main] >> Clicking: #login-button
[2026-06-04 11:13:02.965] [INFO ] [main] [PASSED] testAllUserTypes
[2026-06-04 11:13:02.966] [INFO ] [main] TEST END: testAllUserTypes => PASSED
[2026-06-04 11:13:02.966] [INFO ] [main] ----------------------------------------
[2026-06-04 11:13:02.971] [DEBUG] [main] Browser context closed
[2026-06-04 11:13:02.971] [INFO ] [main] ========================================
[2026-06-04 11:13:02.971] [INFO ] [main] TEST START: testAllUserTypes
[2026-06-04 11:13:02.971] [INFO ] [main] ========================================
[2026-06-04 11:13:03.047] [INFO ] [main] New browser context and page created
[2026-06-04 11:13:03.049] [STEP ] [main] >> Navigating to: https://www.saucedemo.com
[2026-06-04 11:13:03.585] [INFO ] [main] Login page loaded
[2026-06-04 11:13:03.585] [INFO ] [main] Logging in as: visual_user
[2026-06-04 11:13:03.586] [STEP ] [main] >> Typing 'visual_user' into #user-name
[2026-06-04 11:13:03.628] [STEP ] [main] >> Typing [MASKED] into #password
[2026-06-04 11:13:03.646] [STEP ] [main] >> Clicking: #login-button
[2026-06-04 11:13:03.737] [INFO ] [main] [PASSED] testAllUserTypes
[2026-06-04 11:13:03.739] [INFO ] [main] TEST END: testAllUserTypes => PASSED
[2026-06-04 11:13:03.739] [INFO ] [main] ----------------------------------------
[2026-06-04 11:13:03.746] [DEBUG] [main] Browser context closed
[2026-06-04 11:13:03.749] [INFO ] [main] ========================================
[2026-06-04 11:13:03.749] [INFO ] [main] TEST START: testInvalidLogin
[2026-06-04 11:13:03.749] [INFO ] [main] ========================================
[2026-06-04 11:13:03.822] [INFO ] [main] New browser context and page created
[2026-06-04 11:13:03.824] [STEP ] [main] >> Navigating to: https://www.saucedemo.com
[2026-06-04 11:13:04.459] [INFO ] [main] Login page loaded
[2026-06-04 11:13:04.460] [INFO ] [main] Attempting login with: locked_out_user (expecting error)
[2026-06-04 11:13:04.460] [STEP ] [main] >> Typing 'locked_out_user' into #user-name
[2026-06-04 11:13:04.497] [STEP ] [main] >> Typing [MASKED] into #password
[2026-06-04 11:13:04.512] [STEP ] [main] >> Clicking: #login-button
[2026-06-04 11:13:04.572] [INFO ] [main] [PASSED] testInvalidLogin
[2026-06-04 11:13:04.573] [INFO ] [main] TEST END: testInvalidLogin => PASSED
[2026-06-04 11:13:04.574] [INFO ] [main] ----------------------------------------
[2026-06-04 11:13:04.581] [DEBUG] [main] Browser context closed
[2026-06-04 11:13:04.582] [INFO ] [main] ========================================
[2026-06-04 11:13:04.582] [INFO ] [main] TEST START: testInvalidLogin
[2026-06-04 11:13:04.583] [INFO ] [main] ========================================
[2026-06-04 11:13:04.659] [INFO ] [main] New browser context and page created
[2026-06-04 11:13:04.660] [STEP ] [main] >> Navigating to: https://www.saucedemo.com
[2026-06-04 11:13:05.212] [INFO ] [main] Login page loaded
[2026-06-04 11:13:05.213] [INFO ] [main] Attempting login with: standard_user (expecting error)
[2026-06-04 11:13:05.214] [STEP ] [main] >> Typing 'standard_user' into #user-name
[2026-06-04 11:13:05.252] [STEP ] [main] >> Typing [MASKED] into #password
[2026-06-04 11:13:05.267] [STEP ] [main] >> Clicking: #login-button
[2026-06-04 11:13:05.346] [INFO ] [main] [PASSED] testInvalidLogin
[2026-06-04 11:13:05.347] [INFO ] [main] TEST END: testInvalidLogin => PASSED
[2026-06-04 11:13:05.348] [INFO ] [main] ----------------------------------------
[2026-06-04 11:13:05.355] [DEBUG] [main] Browser context closed
[2026-06-04 11:13:05.356] [INFO ] [main] ========================================
[2026-06-04 11:13:05.357] [INFO ] [main] TEST START: testInvalidLogin
[2026-06-04 11:13:05.357] [INFO ] [main] ========================================
[2026-06-04 11:13:05.430] [INFO ] [main] New browser context and page created
[2026-06-04 11:13:05.431] [STEP ] [main] >> Navigating to: https://www.saucedemo.com
[2026-06-04 11:13:05.985] [INFO ] [main] Login page loaded
[2026-06-04 11:13:05.986] [INFO ] [main] Attempting login with:  (expecting error)
[2026-06-04 11:13:05.987] [STEP ] [main] >> Typing '' into #user-name
[2026-06-04 11:13:06.025] [STEP ] [main] >> Typing [MASKED] into #password
[2026-06-04 11:13:06.041] [STEP ] [main] >> Clicking: #login-button
[2026-06-04 11:13:06.104] [INFO ] [main] [PASSED] testInvalidLogin
[2026-06-04 11:13:06.105] [INFO ] [main] TEST END: testInvalidLogin => PASSED
[2026-06-04 11:13:06.106] [INFO ] [main] ----------------------------------------
[2026-06-04 11:13:06.112] [DEBUG] [main] Browser context closed
[2026-06-04 11:13:06.113] [INFO ] [main] ========================================
[2026-06-04 11:13:06.114] [INFO ] [main] TEST START: testInvalidLogin
[2026-06-04 11:13:06.114] [INFO ] [main] ========================================
[2026-06-04 11:13:06.198] [INFO ] [main] New browser context and page created
[2026-06-04 11:13:06.199] [STEP ] [main] >> Navigating to: https://www.saucedemo.com
[2026-06-04 11:13:06.762] [INFO ] [main] Login page loaded
[2026-06-04 11:13:06.762] [INFO ] [main] Attempting login with: standard_user (expecting error)
[2026-06-04 11:13:06.763] [STEP ] [main] >> Typing 'standard_user' into #user-name
[2026-06-04 11:13:06.803] [STEP ] [main] >> Typing [MASKED] into #password
[2026-06-04 11:13:06.820] [STEP ] [main] >> Clicking: #login-button
[2026-06-04 11:13:06.885] [INFO ] [main] [PASSED] testInvalidLogin
[2026-06-04 11:13:06.887] [INFO ] [main] TEST END: testInvalidLogin => PASSED
[2026-06-04 11:13:06.887] [INFO ] [main] ----------------------------------------
[2026-06-04 11:13:06.892] [DEBUG] [main] Browser context closed
[2026-06-04 11:13:06.894] [INFO ] [main] ========================================
[2026-06-04 11:13:06.894] [INFO ] [main] TEST START: testInvalidLogin
[2026-06-04 11:13:06.894] [INFO ] [main] ========================================
[2026-06-04 11:13:06.968] [INFO ] [main] New browser context and page created
[2026-06-04 11:13:06.969] [STEP ] [main] >> Navigating to: https://www.saucedemo.com
[2026-06-04 11:13:07.573] [INFO ] [main] Login page loaded
[2026-06-04 11:13:07.573] [INFO ] [main] Attempting login with:  (expecting error)
[2026-06-04 11:13:07.574] [STEP ] [main] >> Typing '' into #user-name
[2026-06-04 11:13:07.614] [STEP ] [main] >> Typing [MASKED] into #password
[2026-06-04 11:13:07.630] [STEP ] [main] >> Clicking: #login-button
[2026-06-04 11:13:07.687] [INFO ] [main] [PASSED] testInvalidLogin
[2026-06-04 11:13:07.688] [INFO ] [main] TEST END: testInvalidLogin => PASSED
[2026-06-04 11:13:07.689] [INFO ] [main] ----------------------------------------
[2026-06-04 11:13:07.695] [DEBUG] [main] Browser context closed
[2026-06-04 11:13:07.696] [INFO ] [main] ========================================
[2026-06-04 11:13:07.696] [INFO ] [main] TEST START: testInvalidLogin
[2026-06-04 11:13:07.697] [INFO ] [main] ========================================
[2026-06-04 11:13:07.771] [INFO ] [main] New browser context and page created
[2026-06-04 11:13:07.772] [STEP ] [main] >> Navigating to: https://www.saucedemo.com
[2026-06-04 11:13:08.376] [INFO ] [main] Login page loaded
[2026-06-04 11:13:08.376] [INFO ] [main] Attempting login with: nonexistent_user (expecting error)
[2026-06-04 11:13:08.377] [STEP ] [main] >> Typing 'nonexistent_user' into #user-name
[2026-06-04 11:13:08.422] [STEP ] [main] >> Typing [MASKED] into #password
[2026-06-04 11:13:08.438] [STEP ] [main] >> Clicking: #login-button
[2026-06-04 11:13:08.508] [INFO ] [main] [PASSED] testInvalidLogin
[2026-06-04 11:13:08.509] [INFO ] [main] TEST END: testInvalidLogin => PASSED
[2026-06-04 11:13:08.509] [INFO ] [main] ----------------------------------------
[2026-06-04 11:13:08.514] [DEBUG] [main] Browser context closed
[2026-06-04 11:13:08.515] [INFO ] [main] ========================================
[2026-06-04 11:13:08.515] [INFO ] [main] TEST START: testLockedOutUser
[2026-06-04 11:13:08.515] [INFO ] [main] ========================================
[2026-06-04 11:13:08.595] [INFO ] [main] New browser context and page created
[2026-06-04 11:13:08.597] [STEP ] [main] >> Navigating to: https://www.saucedemo.com
[2026-06-04 11:13:09.156] [INFO ] [main] Login page loaded
[2026-06-04 11:13:09.157] [INFO ] [main] Attempting login with: locked_out_user (expecting error)
[2026-06-04 11:13:09.157] [STEP ] [main] >> Typing 'locked_out_user' into #user-name
[2026-06-04 11:13:09.194] [STEP ] [main] >> Typing [MASKED] into #password
[2026-06-04 11:13:09.208] [STEP ] [main] >> Clicking: #login-button
[2026-06-04 11:13:09.273] [INFO ] [main] [PASSED] testLockedOutUser
[2026-06-04 11:13:09.274] [INFO ] [main] TEST END: testLockedOutUser => PASSED
[2026-06-04 11:13:09.274] [INFO ] [main] ----------------------------------------
[2026-06-04 11:13:09.278] [DEBUG] [main] Browser context closed
[2026-06-04 11:13:09.280] [INFO ] [main] ========================================
[2026-06-04 11:13:09.281] [INFO ] [main] TEST START: testCloseErrorMessage
[2026-06-04 11:13:09.281] [INFO ] [main] ========================================
[2026-06-04 11:13:09.351] [INFO ] [main] New browser context and page created
[2026-06-04 11:13:09.352] [STEP ] [main] >> Navigating to: https://www.saucedemo.com
[2026-06-04 11:13:09.905] [INFO ] [main] Login page loaded
[2026-06-04 11:13:09.906] [INFO ] [main] Attempting login with:  (expecting error)
[2026-06-04 11:13:09.906] [STEP ] [main] >> Typing '' into #user-name
[2026-06-04 11:13:09.940] [STEP ] [main] >> Typing [MASKED] into #password
[2026-06-04 11:13:09.953] [STEP ] [main] >> Clicking: #login-button
[2026-06-04 11:13:10.012] [STEP ] [main] >> Clicking: .error-button
[2026-06-04 11:13:10.052] [INFO ] [main] [PASSED] testCloseErrorMessage
[2026-06-04 11:13:10.054] [INFO ] [main] TEST END: testCloseErrorMessage => PASSED
[2026-06-04 11:13:10.054] [INFO ] [main] ----------------------------------------
[2026-06-04 11:13:10.059] [DEBUG] [main] Browser context closed
[2026-06-04 11:13:10.059] [INFO ] [main] ========================================
[2026-06-04 11:13:10.059] [INFO ] [main] TEST START: testLogout
[2026-06-04 11:13:10.059] [INFO ] [main] ========================================
[2026-06-04 11:13:10.132] [INFO ] [main] New browser context and page created
[2026-06-04 11:13:10.133] [STEP ] [main] >> Navigating to: https://www.saucedemo.com
[2026-06-04 11:13:10.758] [INFO ] [main] Login page loaded
[2026-06-04 11:13:10.758] [INFO ] [main] Logging in as: standard_user
[2026-06-04 11:13:10.759] [STEP ] [main] >> Typing 'standard_user' into #user-name
[2026-06-04 11:13:10.797] [STEP ] [main] >> Typing [MASKED] into #password
[2026-06-04 11:13:10.812] [STEP ] [main] >> Clicking: #login-button
[2026-06-04 11:13:10.893] [STEP ] [main] >> Logging out
[2026-06-04 11:13:10.893] [STEP ] [main] >> Clicking: #react-burger-menu-btn
[2026-06-04 11:13:10.935] [STEP ] [main] >> Clicking: #logout_sidebar_link
[2026-06-04 11:13:11.861] [INFO ] [main] [PASSED] testLogout
[2026-06-04 11:13:11.862] [INFO ] [main] TEST END: testLogout => PASSED
[2026-06-04 11:13:11.862] [INFO ] [main] ----------------------------------------
[2026-06-04 11:13:11.867] [DEBUG] [main] Browser context closed
[2026-06-04 11:13:11.923] [INFO ] [main] Browser closed
[2026-06-04 11:13:11.923] [INFO ] [main] 
[2026-06-04 11:13:11.924] [INFO ] [main] ==========================================
[2026-06-04 11:13:11.924] [INFO ] [main]          FINAL TEST RESULTS               
[2026-06-04 11:13:11.924] [INFO ] [main] ==========================================
[2026-06-04 11:13:11.925] [INFO ] [main]   Passed  : 16
[2026-06-04 11:13:11.925] [INFO ] [main]   Failed  : 0
[2026-06-04 11:13:11.926] [INFO ] [main]   Skipped : 0
[2026-06-04 11:13:11.926] [INFO ] [main]   Total   : 16
[2026-06-04 11:13:11.928] [INFO ] [main]   Pass Rate: 100.0%
[2026-06-04 11:13:11.929] [INFO ] [main] ==========================================
[2026-06-04 11:13:11.954] [INFO ] [main] Test Suite starting: Products Tests
[2026-06-04 11:13:11.955] [INFO ] [main] Launching browser: chromium | headless: true | slowMotion: 0ms
[2026-06-04 11:13:12.105] [INFO ] [main] chromium browser launched
[2026-06-04 11:13:12.108] [INFO ] [main] ========================================
[2026-06-04 11:13:12.108] [INFO ] [main] TEST START: testProductsPageLoaded
[2026-06-04 11:13:12.108] [INFO ] [main] ========================================
[2026-06-04 11:13:12.223] [INFO ] [main] New browser context and page created
[2026-06-04 11:13:12.224] [STEP ] [main] >> Navigating to: https://www.saucedemo.com
[2026-06-04 11:13:12.802] [INFO ] [main] Login page loaded
[2026-06-04 11:13:12.803] [INFO ] [main] Logging in as: standard_user
[2026-06-04 11:13:12.803] [STEP ] [main] >> Typing 'standard_user' into #user-name
[2026-06-04 11:13:12.839] [STEP ] [main] >> Typing [MASKED] into #password
[2026-06-04 11:13:12.856] [STEP ] [main] >> Clicking: #login-button
[2026-06-04 11:13:12.976] [INFO ] [main] [PASSED] testProductsPageLoaded
[2026-06-04 11:13:12.977] [INFO ] [main] TEST END: testProductsPageLoaded => PASSED
[2026-06-04 11:13:12.978] [INFO ] [main] ----------------------------------------
[2026-06-04 11:13:12.983] [DEBUG] [main] Browser context closed
[2026-06-04 11:13:12.986] [INFO ] [main] ========================================
[2026-06-04 11:13:12.986] [INFO ] [main] TEST START: testProductCount
[2026-06-04 11:13:12.986] [INFO ] [main] ========================================
[2026-06-04 11:13:13.092] [INFO ] [main] New browser context and page created
[2026-06-04 11:13:13.093] [STEP ] [main] >> Navigating to: https://www.saucedemo.com
[2026-06-04 11:13:13.714] [INFO ] [main] Login page loaded
[2026-06-04 11:13:13.714] [INFO ] [main] Logging in as: standard_user
[2026-06-04 11:13:13.715] [STEP ] [main] >> Typing 'standard_user' into #user-name
[2026-06-04 11:13:13.751] [STEP ] [main] >> Typing [MASKED] into #password
[2026-06-04 11:13:13.766] [STEP ] [main] >> Clicking: #login-button
[2026-06-04 11:13:13.850] [INFO ] [main] [PASSED] testProductCount
[2026-06-04 11:13:13.850] [INFO ] [main] TEST END: testProductCount => PASSED
[2026-06-04 11:13:13.852] [INFO ] [main] ----------------------------------------
[2026-06-04 11:13:13.857] [DEBUG] [main] Browser context closed
[2026-06-04 11:13:13.857] [INFO ] [main] ========================================
[2026-06-04 11:13:13.860] [INFO ] [main] TEST START: testProductNamesDisplayed
[2026-06-04 11:13:13.860] [INFO ] [main] ========================================
[2026-06-04 11:13:13.940] [INFO ] [main] New browser context and page created
[2026-06-04 11:13:13.941] [STEP ] [main] >> Navigating to: https://www.saucedemo.com
[2026-06-04 11:13:14.579] [INFO ] [main] Login page loaded
[2026-06-04 11:13:14.580] [INFO ] [main] Logging in as: standard_user
[2026-06-04 11:13:14.580] [STEP ] [main] >> Typing 'standard_user' into #user-name
[2026-06-04 11:13:14.616] [STEP ] [main] >> Typing [MASKED] into #password
[2026-06-04 11:13:14.630] [STEP ] [main] >> Clicking: #login-button
[2026-06-04 11:13:14.707] [INFO ] [main] [PASSED] testProductNamesDisplayed
[2026-06-04 11:13:14.708] [INFO ] [main] TEST END: testProductNamesDisplayed => PASSED
[2026-06-04 11:13:14.709] [INFO ] [main] ----------------------------------------
[2026-06-04 11:13:14.714] [DEBUG] [main] Browser context closed
[2026-06-04 11:13:14.716] [INFO ] [main] ========================================
[2026-06-04 11:13:14.716] [INFO ] [main] TEST START: testProductPricesValid
[2026-06-04 11:13:14.717] [INFO ] [main] ========================================
[2026-06-04 11:13:14.787] [INFO ] [main] New browser context and page created
[2026-06-04 11:13:14.788] [STEP ] [main] >> Navigating to: https://www.saucedemo.com
[2026-06-04 11:13:15.332] [INFO ] [main] Login page loaded
[2026-06-04 11:13:15.333] [INFO ] [main] Logging in as: standard_user
[2026-06-04 11:13:15.333] [STEP ] [main] >> Typing 'standard_user' into #user-name
[2026-06-04 11:13:15.372] [STEP ] [main] >> Typing [MASKED] into #password
[2026-06-04 11:13:15.386] [STEP ] [main] >> Clicking: #login-button
[2026-06-04 11:13:15.473] [INFO ] [main] [PASSED] testProductPricesValid
[2026-06-04 11:13:15.474] [INFO ] [main] TEST END: testProductPricesValid => PASSED
[2026-06-04 11:13:15.475] [INFO ] [main] ----------------------------------------
[2026-06-04 11:13:15.480] [DEBUG] [main] Browser context closed
[2026-06-04 11:13:15.480] [INFO ] [main] ========================================
[2026-06-04 11:13:15.480] [INFO ] [main] TEST START: testSortByNameAZ
[2026-06-04 11:13:15.480] [INFO ] [main] ========================================
[2026-06-04 11:13:15.580] [INFO ] [main] New browser context and page created
[2026-06-04 11:13:15.580] [STEP ] [main] >> Navigating to: https://www.saucedemo.com
[2026-06-04 11:13:16.172] [INFO ] [main] Login page loaded
[2026-06-04 11:13:16.172] [INFO ] [main] Logging in as: standard_user
[2026-06-04 11:13:16.172] [STEP ] [main] >> Typing 'standard_user' into #user-name
[2026-06-04 11:13:16.208] [STEP ] [main] >> Typing [MASKED] into #password
[2026-06-04 11:13:16.222] [STEP ] [main] >> Clicking: #login-button
[2026-06-04 11:13:16.297] [STEP ] [main] >> Sorting: Name (A to Z)
[2026-06-04 11:13:16.298] [STEP ] [main] >> Selecting value 'az' from [data-test='product-sort-container']
[2026-06-04 11:13:16.319] [INFO ] [main] [PASSED] testSortByNameAZ
[2026-06-04 11:13:16.320] [INFO ] [main] TEST END: testSortByNameAZ => PASSED
[2026-06-04 11:13:16.321] [INFO ] [main] ----------------------------------------
[2026-06-04 11:13:16.326] [DEBUG] [main] Browser context closed
[2026-06-04 11:13:16.328] [INFO ] [main] ========================================
[2026-06-04 11:13:16.328] [INFO ] [main] TEST START: testSortByNameZA
[2026-06-04 11:13:16.329] [INFO ] [main] ========================================
[2026-06-04 11:13:16.409] [INFO ] [main] New browser context and page created
[2026-06-04 11:13:16.410] [STEP ] [main] >> Navigating to: https://www.saucedemo.com
[2026-06-04 11:13:16.968] [INFO ] [main] Login page loaded
[2026-06-04 11:13:16.968] [INFO ] [main] Logging in as: standard_user
[2026-06-04 11:13:16.969] [STEP ] [main] >> Typing 'standard_user' into #user-name
[2026-06-04 11:13:17.006] [STEP ] [main] >> Typing [MASKED] into #password
[2026-06-04 11:13:17.021] [STEP ] [main] >> Clicking: #login-button
[2026-06-04 11:13:17.099] [STEP ] [main] >> Sorting: Name (Z to A)
[2026-06-04 11:13:17.100] [STEP ] [main] >> Selecting value 'za' from [data-test='product-sort-container']
[2026-06-04 11:13:17.119] [INFO ] [main] [PASSED] testSortByNameZA
[2026-06-04 11:13:17.121] [INFO ] [main] TEST END: testSortByNameZA => PASSED
[2026-06-04 11:13:17.121] [INFO ] [main] ----------------------------------------
[2026-06-04 11:13:17.129] [DEBUG] [main] Browser context closed
[2026-06-04 11:13:17.130] [INFO ] [main] ========================================
[2026-06-04 11:13:17.131] [INFO ] [main] TEST START: testSortByPriceLowToHigh
[2026-06-04 11:13:17.131] [INFO ] [main] ========================================
[2026-06-04 11:13:17.201] [INFO ] [main] New browser context and page created
[2026-06-04 11:13:17.202] [STEP ] [main] >> Navigating to: https://www.saucedemo.com
[2026-06-04 11:13:17.796] [INFO ] [main] Login page loaded
[2026-06-04 11:13:17.797] [INFO ] [main] Logging in as: standard_user
[2026-06-04 11:13:17.797] [STEP ] [main] >> Typing 'standard_user' into #user-name
[2026-06-04 11:13:17.858] [STEP ] [main] >> Typing [MASKED] into #password
[2026-06-04 11:13:17.890] [STEP ] [main] >> Clicking: #login-button
[2026-06-04 11:13:18.000] [STEP ] [main] >> Sorting: Price (Low to High)
[2026-06-04 11:13:18.003] [STEP ] [main] >> Selecting value 'lohi' from [data-test='product-sort-container']
[2026-06-04 11:13:18.057] [INFO ] [main] [PASSED] testSortByPriceLowToHigh
[2026-06-04 11:13:18.060] [INFO ] [main] TEST END: testSortByPriceLowToHigh => PASSED
[2026-06-04 11:13:18.060] [INFO ] [main] ----------------------------------------
[2026-06-04 11:13:18.067] [DEBUG] [main] Browser context closed
[2026-06-04 11:13:18.068] [INFO ] [main] ========================================
[2026-06-04 11:13:18.070] [INFO ] [main] TEST START: testSortByPriceHighToLow
[2026-06-04 11:13:18.070] [INFO ] [main] ========================================
[2026-06-04 11:13:18.186] [INFO ] [main] New browser context and page created
[2026-06-04 11:13:18.188] [STEP ] [main] >> Navigating to: https://www.saucedemo.com
[2026-06-04 11:13:18.832] [INFO ] [main] Login page loaded
[2026-06-04 11:13:18.832] [INFO ] [main] Logging in as: standard_user
[2026-06-04 11:13:18.833] [STEP ] [main] >> Typing 'standard_user' into #user-name
[2026-06-04 11:13:18.872] [STEP ] [main] >> Typing [MASKED] into #password
[2026-06-04 11:13:18.902] [STEP ] [main] >> Clicking: #login-button
[2026-06-04 11:13:18.986] [STEP ] [main] >> Sorting: Price (High to Low)
[2026-06-04 11:13:18.986] [STEP ] [main] >> Selecting value 'hilo' from [data-test='product-sort-container']
[2026-06-04 11:13:19.002] [INFO ] [main] [PASSED] testSortByPriceHighToLow
[2026-06-04 11:13:19.003] [INFO ] [main] TEST END: testSortByPriceHighToLow => PASSED
[2026-06-04 11:13:19.004] [INFO ] [main] ----------------------------------------
[2026-06-04 11:13:19.009] [DEBUG] [main] Browser context closed
[2026-06-04 11:13:19.010] [INFO ] [main] ========================================
[2026-06-04 11:13:19.010] [INFO ] [main] TEST START: testAddSingleItemToCart
[2026-06-04 11:13:19.011] [INFO ] [main] ========================================
[2026-06-04 11:13:19.112] [INFO ] [main] New browser context and page created
[2026-06-04 11:13:19.113] [STEP ] [main] >> Navigating to: https://www.saucedemo.com
[2026-06-04 11:13:19.684] [INFO ] [main] Login page loaded
[2026-06-04 11:13:19.685] [INFO ] [main] Logging in as: standard_user
[2026-06-04 11:13:19.685] [STEP ] [main] >> Typing 'standard_user' into #user-name
[2026-06-04 11:13:19.723] [STEP ] [main] >> Typing [MASKED] into #password
[2026-06-04 11:13:19.739] [STEP ] [main] >> Clicking: #login-button
[2026-06-04 11:13:19.825] [STEP ] [main] >> Adding to cart: sauce-labs-backpack
[2026-06-04 11:13:19.825] [STEP ] [main] >> Clicking: [data-test='add-to-cart-sauce-labs-backpack']
[2026-06-04 11:13:19.882] [INFO ] [main] [PASSED] testAddSingleItemToCart
[2026-06-04 11:13:19.883] [INFO ] [main] TEST END: testAddSingleItemToCart => PASSED
[2026-06-04 11:13:19.883] [INFO ] [main] ----------------------------------------
[2026-06-04 11:13:19.888] [DEBUG] [main] Browser context closed
[2026-06-04 11:13:19.889] [INFO ] [main] ========================================
[2026-06-04 11:13:19.890] [INFO ] [main] TEST START: testAddMultipleItemsToCart
[2026-06-04 11:13:19.890] [INFO ] [main] ========================================
[2026-06-04 11:13:19.969] [INFO ] [main] New browser context and page created
[2026-06-04 11:13:19.970] [STEP ] [main] >> Navigating to: https://www.saucedemo.com
[2026-06-04 11:13:20.591] [INFO ] [main] Login page loaded
[2026-06-04 11:13:20.591] [INFO ] [main] Logging in as: standard_user
[2026-06-04 11:13:20.592] [STEP ] [main] >> Typing 'standard_user' into #user-name
[2026-06-04 11:13:20.630] [STEP ] [main] >> Typing [MASKED] into #password
[2026-06-04 11:13:20.644] [STEP ] [main] >> Clicking: #login-button
[2026-06-04 11:13:20.715] [STEP ] [main] >> Adding to cart: sauce-labs-backpack
[2026-06-04 11:13:20.716] [STEP ] [main] >> Clicking: [data-test='add-to-cart-sauce-labs-backpack']
[2026-06-04 11:13:20.768] [STEP ] [main] >> Adding to cart: sauce-labs-bike-light
[2026-06-04 11:13:20.768] [STEP ] [main] >> Clicking: [data-test='add-to-cart-sauce-labs-bike-light']
[2026-06-04 11:13:20.816] [STEP ] [main] >> Adding to cart: sauce-labs-bolt-t-shirt
[2026-06-04 11:13:20.817] [STEP ] [main] >> Clicking: [data-test='add-to-cart-sauce-labs-bolt-t-shirt']
[2026-06-04 11:13:20.885] [INFO ] [main] [PASSED] testAddMultipleItemsToCart
[2026-06-04 11:13:20.886] [INFO ] [main] TEST END: testAddMultipleItemsToCart => PASSED
[2026-06-04 11:13:20.886] [INFO ] [main] ----------------------------------------
[2026-06-04 11:13:20.890] [DEBUG] [main] Browser context closed
[2026-06-04 11:13:20.892] [INFO ] [main] ========================================
[2026-06-04 11:13:20.892] [INFO ] [main] TEST START: testAddAllItemsToCart
[2026-06-04 11:13:20.893] [INFO ] [main] ========================================
[2026-06-04 11:13:20.966] [INFO ] [main] New browser context and page created
[2026-06-04 11:13:20.967] [STEP ] [main] >> Navigating to: https://www.saucedemo.com
[2026-06-04 11:13:21.539] [INFO ] [main] Login page loaded
[2026-06-04 11:13:21.539] [INFO ] [main] Logging in as: standard_user
[2026-06-04 11:13:21.540] [STEP ] [main] >> Typing 'standard_user' into #user-name
[2026-06-04 11:13:21.584] [STEP ] [main] >> Typing [MASKED] into #password
[2026-06-04 11:13:21.606] [STEP ] [main] >> Clicking: #login-button
[2026-06-04 11:13:21.685] [STEP ] [main] >> Adding to cart: sauce-labs-backpack
[2026-06-04 11:13:21.685] [STEP ] [main] >> Clicking: [data-test='add-to-cart-sauce-labs-backpack']
[2026-06-04 11:13:21.735] [STEP ] [main] >> Adding to cart: sauce-labs-bike-light
[2026-06-04 11:13:21.735] [STEP ] [main] >> Clicking: [data-test='add-to-cart-sauce-labs-bike-light']
[2026-06-04 11:13:21.785] [STEP ] [main] >> Adding to cart: sauce-labs-bolt-t-shirt
[2026-06-04 11:13:21.785] [STEP ] [main] >> Clicking: [data-test='add-to-cart-sauce-labs-bolt-t-shirt']
[2026-06-04 11:13:21.833] [STEP ] [main] >> Adding to cart: sauce-labs-fleece-jacket
[2026-06-04 11:13:21.833] [STEP ] [main] >> Clicking: [data-test='add-to-cart-sauce-labs-fleece-jacket']
[2026-06-04 11:13:21.883] [STEP ] [main] >> Adding to cart: sauce-labs-onesie
[2026-06-04 11:13:21.883] [STEP ] [main] >> Clicking: [data-test='add-to-cart-sauce-labs-onesie']
[2026-06-04 11:13:21.933] [STEP ] [main] >> Adding to cart: test.allthethings()-t-shirt-(red)
[2026-06-04 11:13:21.933] [STEP ] [main] >> Clicking: [data-test='add-to-cart-test.allthethings()-t-shirt-(red)']
[2026-06-04 11:13:21.974] [INFO ] [main] [PASSED] testAddAllItemsToCart
[2026-06-04 11:13:21.975] [INFO ] [main] TEST END: testAddAllItemsToCart => PASSED
[2026-06-04 11:13:21.975] [INFO ] [main] ----------------------------------------
[2026-06-04 11:13:21.981] [DEBUG] [main] Browser context closed
[2026-06-04 11:13:21.982] [INFO ] [main] ========================================
[2026-06-04 11:13:21.982] [INFO ] [main] TEST START: testRemoveItemFromProductsPage
[2026-06-04 11:13:21.982] [INFO ] [main] ========================================
[2026-06-04 11:13:22.084] [INFO ] [main] New browser context and page created
[2026-06-04 11:13:22.086] [STEP ] [main] >> Navigating to: https://www.saucedemo.com
[2026-06-04 11:13:22.658] [INFO ] [main] Login page loaded
[2026-06-04 11:13:22.659] [INFO ] [main] Logging in as: standard_user
[2026-06-04 11:13:22.659] [STEP ] [main] >> Typing 'standard_user' into #user-name
[2026-06-04 11:13:22.697] [STEP ] [main] >> Typing [MASKED] into #password
[2026-06-04 11:13:22.710] [STEP ] [main] >> Clicking: #login-button
[2026-06-04 11:13:22.781] [STEP ] [main] >> Adding to cart: sauce-labs-backpack
[2026-06-04 11:13:22.781] [STEP ] [main] >> Clicking: [data-test='add-to-cart-sauce-labs-backpack']
[2026-06-04 11:13:22.841] [STEP ] [main] >> Removing from cart: sauce-labs-backpack
[2026-06-04 11:13:22.841] [STEP ] [main] >> Clicking: [data-test='remove-sauce-labs-backpack']
[2026-06-04 11:13:22.868] [INFO ] [main] [PASSED] testRemoveItemFromProductsPage
[2026-06-04 11:13:22.869] [INFO ] [main] TEST END: testRemoveItemFromProductsPage => PASSED
[2026-06-04 11:13:22.869] [INFO ] [main] ----------------------------------------
[2026-06-04 11:13:22.875] [DEBUG] [main] Browser context closed
[2026-06-04 11:13:22.876] [INFO ] [main] ========================================
[2026-06-04 11:13:22.877] [INFO ] [main] TEST START: testAddAndRemoveMultiple
[2026-06-04 11:13:22.877] [INFO ] [main] ========================================
[2026-06-04 11:13:22.987] [INFO ] [main] New browser context and page created
[2026-06-04 11:13:22.987] [STEP ] [main] >> Navigating to: https://www.saucedemo.com
[2026-06-04 11:13:23.532] [INFO ] [main] Login page loaded
[2026-06-04 11:13:23.533] [INFO ] [main] Logging in as: standard_user
[2026-06-04 11:13:23.533] [STEP ] [main] >> Typing 'standard_user' into #user-name
[2026-06-04 11:13:23.568] [STEP ] [main] >> Typing [MASKED] into #password
[2026-06-04 11:13:23.584] [STEP ] [main] >> Clicking: #login-button
[2026-06-04 11:13:23.676] [STEP ] [main] >> Adding to cart: sauce-labs-backpack
[2026-06-04 11:13:23.677] [STEP ] [main] >> Clicking: [data-test='add-to-cart-sauce-labs-backpack']
[2026-06-04 11:13:23.720] [STEP ] [main] >> Adding to cart: sauce-labs-bike-light
[2026-06-04 11:13:23.721] [STEP ] [main] >> Clicking: [data-test='add-to-cart-sauce-labs-bike-light']
[2026-06-04 11:13:23.774] [STEP ] [main] >> Removing from cart: sauce-labs-backpack
[2026-06-04 11:13:23.774] [STEP ] [main] >> Clicking: [data-test='remove-sauce-labs-backpack']
[2026-06-04 11:13:23.829] [INFO ] [main] [PASSED] testAddAndRemoveMultiple
[2026-06-04 11:13:23.830] [INFO ] [main] TEST END: testAddAndRemoveMultiple => PASSED
[2026-06-04 11:13:23.831] [INFO ] [main] ----------------------------------------
[2026-06-04 11:13:23.835] [DEBUG] [main] Browser context closed
[2026-06-04 11:13:23.895] [INFO ] [main] Browser closed
[2026-06-04 11:13:23.896] [INFO ] [main] 
[2026-06-04 11:13:23.896] [INFO ] [main] ==========================================
[2026-06-04 11:13:23.896] [INFO ] [main]          FINAL TEST RESULTS               
[2026-06-04 11:13:23.897] [INFO ] [main] ==========================================
[2026-06-04 11:13:23.897] [INFO ] [main]   Passed  : 29
[2026-06-04 11:13:23.897] [INFO ] [main]   Failed  : 0
[2026-06-04 11:13:23.897] [INFO ] [main]   Skipped : 0
[2026-06-04 11:13:23.897] [INFO ] [main]   Total   : 29
[2026-06-04 11:13:23.897] [INFO ] [main]   Pass Rate: 100.0%
[2026-06-04 11:13:23.898] [INFO ] [main] ==========================================
[2026-06-04 11:13:23.901] [INFO ] [main] Test Suite starting: Cart Tests
[2026-06-04 11:13:23.902] [INFO ] [main] Launching browser: chromium | headless: true | slowMotion: 0ms
[2026-06-04 11:13:24.042] [INFO ] [main] chromium browser launched
[2026-06-04 11:13:24.044] [INFO ] [main] ========================================
[2026-06-04 11:13:24.045] [INFO ] [main] TEST START: testEmptyCartPage
[2026-06-04 11:13:24.045] [INFO ] [main] ========================================
[2026-06-04 11:13:24.138] [INFO ] [main] New browser context and page created
[2026-06-04 11:13:24.140] [STEP ] [main] >> Navigating to: https://www.saucedemo.com
[2026-06-04 11:13:24.733] [INFO ] [main] Login page loaded
[2026-06-04 11:13:24.733] [INFO ] [main] Logging in as: standard_user
[2026-06-04 11:13:24.734] [STEP ] [main] >> Typing 'standard_user' into #user-name
[2026-06-04 11:13:24.775] [STEP ] [main] >> Typing [MASKED] into #password
[2026-06-04 11:13:24.790] [STEP ] [main] >> Clicking: #login-button
[2026-06-04 11:13:24.867] [STEP ] [main] >> Navigating to cart
[2026-06-04 11:13:24.868] [STEP ] [main] >> Clicking: .shopping_cart_link
[2026-06-04 11:13:24.940] [INFO ] [main] [PASSED] testEmptyCartPage
[2026-06-04 11:13:24.941] [INFO ] [main] TEST END: testEmptyCartPage => PASSED
[2026-06-04 11:13:24.942] [INFO ] [main] ----------------------------------------
[2026-06-04 11:13:24.948] [DEBUG] [main] Browser context closed
[2026-06-04 11:13:24.949] [INFO ] [main] ========================================
[2026-06-04 11:13:24.949] [INFO ] [main] TEST START: testSingleItemInCart
[2026-06-04 11:13:24.950] [INFO ] [main] ========================================
[2026-06-04 11:13:25.026] [INFO ] [main] New browser context and page created
[2026-06-04 11:13:25.027] [STEP ] [main] >> Navigating to: https://www.saucedemo.com
[2026-06-04 11:13:25.666] [INFO ] [main] Login page loaded
[2026-06-04 11:13:25.667] [INFO ] [main] Logging in as: standard_user
[2026-06-04 11:13:25.667] [STEP ] [main] >> Typing 'standard_user' into #user-name
[2026-06-04 11:13:25.706] [STEP ] [main] >> Typing [MASKED] into #password
[2026-06-04 11:13:25.721] [STEP ] [main] >> Clicking: #login-button
[2026-06-04 11:13:25.794] [STEP ] [main] >> Adding to cart: sauce-labs-backpack
[2026-06-04 11:13:25.794] [STEP ] [main] >> Clicking: [data-test='add-to-cart-sauce-labs-backpack']
[2026-06-04 11:13:25.849] [STEP ] [main] >> Navigating to cart
[2026-06-04 11:13:25.850] [STEP ] [main] >> Clicking: .shopping_cart_link
[2026-06-04 11:13:25.919] [INFO ] [main] [PASSED] testSingleItemInCart
[2026-06-04 11:13:25.919] [INFO ] [main] TEST END: testSingleItemInCart => PASSED
[2026-06-04 11:13:25.920] [INFO ] [main] ----------------------------------------
[2026-06-04 11:13:25.923] [DEBUG] [main] Browser context closed
[2026-06-04 11:13:25.924] [INFO ] [main] ========================================
[2026-06-04 11:13:25.925] [INFO ] [main] TEST START: testMultipleItemsInCart
[2026-06-04 11:13:25.925] [INFO ] [main] ========================================
[2026-06-04 11:13:26.034] [INFO ] [main] New browser context and page created
[2026-06-04 11:13:26.035] [STEP ] [main] >> Navigating to: https://www.saucedemo.com
[2026-06-04 11:13:26.635] [INFO ] [main] Login page loaded
[2026-06-04 11:13:26.635] [INFO ] [main] Logging in as: standard_user
[2026-06-04 11:13:26.635] [STEP ] [main] >> Typing 'standard_user' into #user-name
[2026-06-04 11:13:26.677] [STEP ] [main] >> Typing [MASKED] into #password
[2026-06-04 11:13:26.697] [STEP ] [main] >> Clicking: #login-button
[2026-06-04 11:13:26.764] [STEP ] [main] >> Adding to cart: sauce-labs-backpack
[2026-06-04 11:13:26.764] [STEP ] [main] >> Clicking: [data-test='add-to-cart-sauce-labs-backpack']
[2026-06-04 11:13:26.814] [STEP ] [main] >> Adding to cart: sauce-labs-bike-light
[2026-06-04 11:13:26.814] [STEP ] [main] >> Clicking: [data-test='add-to-cart-sauce-labs-bike-light']
[2026-06-04 11:13:26.850] [STEP ] [main] >> Adding to cart: sauce-labs-fleece-jacket
[2026-06-04 11:13:26.851] [STEP ] [main] >> Clicking: [data-test='add-to-cart-sauce-labs-fleece-jacket']
[2026-06-04 11:13:26.906] [STEP ] [main] >> Navigating to cart
[2026-06-04 11:13:26.907] [STEP ] [main] >> Clicking: .shopping_cart_link
[2026-06-04 11:13:26.986] [INFO ] [main] [PASSED] testMultipleItemsInCart
[2026-06-04 11:13:26.987] [INFO ] [main] TEST END: testMultipleItemsInCart => PASSED
[2026-06-04 11:13:26.988] [INFO ] [main] ----------------------------------------
[2026-06-04 11:13:26.991] [DEBUG] [main] Browser context closed
[2026-06-04 11:13:26.991] [INFO ] [main] ========================================
[2026-06-04 11:13:26.991] [INFO ] [main] TEST START: testRemoveItemFromCart
[2026-06-04 11:13:26.991] [INFO ] [main] ========================================
[2026-06-04 11:13:27.100] [INFO ] [main] New browser context and page created
[2026-06-04 11:13:27.101] [STEP ] [main] >> Navigating to: https://www.saucedemo.com
[2026-06-04 11:13:27.655] [INFO ] [main] Login page loaded
[2026-06-04 11:13:27.655] [INFO ] [main] Logging in as: standard_user
[2026-06-04 11:13:27.655] [STEP ] [main] >> Typing 'standard_user' into #user-name
[2026-06-04 11:13:27.699] [STEP ] [main] >> Typing [MASKED] into #password
[2026-06-04 11:13:27.719] [STEP ] [main] >> Clicking: #login-button
[2026-06-04 11:13:27.798] [STEP ] [main] >> Adding to cart: sauce-labs-backpack
[2026-06-04 11:13:27.799] [STEP ] [main] >> Clicking: [data-test='add-to-cart-sauce-labs-backpack']
[2026-06-04 11:13:27.848] [STEP ] [main] >> Adding to cart: sauce-labs-bike-light
[2026-06-04 11:13:27.849] [STEP ] [main] >> Clicking: [data-test='add-to-cart-sauce-labs-bike-light']
[2026-06-04 11:13:27.905] [STEP ] [main] >> Navigating to cart
[2026-06-04 11:13:27.906] [STEP ] [main] >> Clicking: .shopping_cart_link
[2026-06-04 11:13:27.966] [STEP ] [main] >> Removing item from cart: sauce-labs-backpack
[2026-06-04 11:13:27.966] [STEP ] [main] >> Clicking: [data-test='remove-sauce-labs-backpack']
[2026-06-04 11:13:28.036] [INFO ] [main] [PASSED] testRemoveItemFromCart
[2026-06-04 11:13:28.037] [INFO ] [main] TEST END: testRemoveItemFromCart => PASSED
[2026-06-04 11:13:28.037] [INFO ] [main] ----------------------------------------
[2026-06-04 11:13:28.043] [DEBUG] [main] Browser context closed
[2026-06-04 11:13:28.044] [INFO ] [main] ========================================
[2026-06-04 11:13:28.044] [INFO ] [main] TEST START: testRemoveAllItemsFromCart
[2026-06-04 11:13:28.044] [INFO ] [main] ========================================
[2026-06-04 11:13:28.121] [INFO ] [main] New browser context and page created
[2026-06-04 11:13:28.122] [STEP ] [main] >> Navigating to: https://www.saucedemo.com
[2026-06-04 11:13:28.715] [INFO ] [main] Login page loaded
[2026-06-04 11:13:28.715] [INFO ] [main] Logging in as: standard_user
[2026-06-04 11:13:28.716] [STEP ] [main] >> Typing 'standard_user' into #user-name
[2026-06-04 11:13:28.754] [STEP ] [main] >> Typing [MASKED] into #password
[2026-06-04 11:13:28.768] [STEP ] [main] >> Clicking: #login-button
[2026-06-04 11:13:28.841] [STEP ] [main] >> Adding to cart: sauce-labs-backpack
[2026-06-04 11:13:28.841] [STEP ] [main] >> Clicking: [data-test='add-to-cart-sauce-labs-backpack']
[2026-06-04 11:13:28.899] [STEP ] [main] >> Adding to cart: sauce-labs-bike-light
[2026-06-04 11:13:28.899] [STEP ] [main] >> Clicking: [data-test='add-to-cart-sauce-labs-bike-light']
[2026-06-04 11:13:28.949] [STEP ] [main] >> Navigating to cart
[2026-06-04 11:13:28.949] [STEP ] [main] >> Clicking: .shopping_cart_link
[2026-06-04 11:13:28.988] [STEP ] [main] >> Removing item from cart: sauce-labs-backpack
[2026-06-04 11:13:28.988] [STEP ] [main] >> Clicking: [data-test='remove-sauce-labs-backpack']
[2026-06-04 11:13:29.032] [STEP ] [main] >> Removing item from cart: sauce-labs-bike-light
[2026-06-04 11:13:29.032] [STEP ] [main] >> Clicking: [data-test='remove-sauce-labs-bike-light']
[2026-06-04 11:13:29.088] [INFO ] [main] [PASSED] testRemoveAllItemsFromCart
[2026-06-04 11:13:29.089] [INFO ] [main] TEST END: testRemoveAllItemsFromCart => PASSED
[2026-06-04 11:13:29.089] [INFO ] [main] ----------------------------------------
[2026-06-04 11:13:29.094] [DEBUG] [main] Browser context closed
[2026-06-04 11:13:29.095] [INFO ] [main] ========================================
[2026-06-04 11:13:29.095] [INFO ] [main] TEST START: testContinueShopping
[2026-06-04 11:13:29.095] [INFO ] [main] ========================================
[2026-06-04 11:13:29.166] [INFO ] [main] New browser context and page created
[2026-06-04 11:13:29.167] [STEP ] [main] >> Navigating to: https://www.saucedemo.com
[2026-06-04 11:13:29.734] [INFO ] [main] Login page loaded
[2026-06-04 11:13:29.734] [INFO ] [main] Logging in as: standard_user
[2026-06-04 11:13:29.735] [STEP ] [main] >> Typing 'standard_user' into #user-name
[2026-06-04 11:13:29.772] [STEP ] [main] >> Typing [MASKED] into #password
[2026-06-04 11:13:29.787] [STEP ] [main] >> Clicking: #login-button
[2026-06-04 11:13:29.864] [STEP ] [main] >> Adding to cart: sauce-labs-backpack
[2026-06-04 11:13:29.864] [STEP ] [main] >> Clicking: [data-test='add-to-cart-sauce-labs-backpack']
[2026-06-04 11:13:29.911] [STEP ] [main] >> Navigating to cart
[2026-06-04 11:13:29.912] [STEP ] [main] >> Clicking: .shopping_cart_link
[2026-06-04 11:13:29.954] [STEP ] [main] >> Continuing shopping
[2026-06-04 11:13:29.954] [STEP ] [main] >> Clicking: [data-test='continue-shopping']
[2026-06-04 11:13:30.025] [INFO ] [main] [PASSED] testContinueShopping
[2026-06-04 11:13:30.026] [INFO ] [main] TEST END: testContinueShopping => PASSED
[2026-06-04 11:13:30.026] [INFO ] [main] ----------------------------------------
[2026-06-04 11:13:30.031] [DEBUG] [main] Browser context closed
[2026-06-04 11:13:30.032] [INFO ] [main] ========================================
[2026-06-04 11:13:30.033] [INFO ] [main] TEST START: testProceedToCheckout
[2026-06-04 11:13:30.034] [INFO ] [main] ========================================
[2026-06-04 11:13:30.142] [INFO ] [main] New browser context and page created
[2026-06-04 11:13:30.143] [STEP ] [main] >> Navigating to: https://www.saucedemo.com
[2026-06-04 11:13:30.702] [INFO ] [main] Login page loaded
[2026-06-04 11:13:30.702] [INFO ] [main] Logging in as: standard_user
[2026-06-04 11:13:30.702] [STEP ] [main] >> Typing 'standard_user' into #user-name
[2026-06-04 11:13:30.742] [STEP ] [main] >> Typing [MASKED] into #password
[2026-06-04 11:13:30.761] [STEP ] [main] >> Clicking: #login-button
[2026-06-04 11:13:30.831] [STEP ] [main] >> Adding to cart: sauce-labs-backpack
[2026-06-04 11:13:30.832] [STEP ] [main] >> Clicking: [data-test='add-to-cart-sauce-labs-backpack']
[2026-06-04 11:13:30.883] [STEP ] [main] >> Navigating to cart
[2026-06-04 11:13:30.883] [STEP ] [main] >> Clicking: .shopping_cart_link
[2026-06-04 11:13:30.923] [STEP ] [main] >> Proceeding to checkout
[2026-06-04 11:13:30.924] [STEP ] [main] >> Clicking: [data-test='checkout']
[2026-06-04 11:13:30.985] [INFO ] [main] [PASSED] testProceedToCheckout
[2026-06-04 11:13:30.986] [INFO ] [main] TEST END: testProceedToCheckout => PASSED
[2026-06-04 11:13:30.987] [INFO ] [main] ----------------------------------------
[2026-06-04 11:13:30.991] [DEBUG] [main] Browser context closed
[2026-06-04 11:13:31.077] [INFO ] [main] Browser closed
[2026-06-04 11:13:31.077] [INFO ] [main] 
[2026-06-04 11:13:31.077] [INFO ] [main] ==========================================
[2026-06-04 11:13:31.077] [INFO ] [main]          FINAL TEST RESULTS               
[2026-06-04 11:13:31.077] [INFO ] [main] ==========================================
[2026-06-04 11:13:31.077] [INFO ] [main]   Passed  : 36
[2026-06-04 11:13:31.077] [INFO ] [main]   Failed  : 0
[2026-06-04 11:13:31.077] [INFO ] [main]   Skipped : 0
[2026-06-04 11:13:31.077] [INFO ] [main]   Total   : 36
[2026-06-04 11:13:31.077] [INFO ] [main]   Pass Rate: 100.0%
[2026-06-04 11:13:31.079] [INFO ] [main] ==========================================
[2026-06-04 11:13:31.082] [INFO ] [main] Test Suite starting: Checkout Tests
[2026-06-04 11:13:31.084] [INFO ] [main] Launching browser: chromium | headless: true | slowMotion: 0ms
[2026-06-04 11:13:31.238] [INFO ] [main] chromium browser launched
[2026-06-04 11:13:31.239] [INFO ] [main] ========================================
[2026-06-04 11:13:31.239] [INFO ] [main] TEST START: testCheckoutStepOneLoads
[2026-06-04 11:13:31.239] [INFO ] [main] ========================================
[2026-06-04 11:13:31.343] [INFO ] [main] New browser context and page created
[2026-06-04 11:13:31.344] [STEP ] [main] >> Navigating to: https://www.saucedemo.com
[2026-06-04 11:13:31.927] [INFO ] [main] Login page loaded
[2026-06-04 11:13:31.928] [INFO ] [main] Logging in as: standard_user
[2026-06-04 11:13:31.928] [STEP ] [main] >> Typing 'standard_user' into #user-name
[2026-06-04 11:13:31.964] [STEP ] [main] >> Typing [MASKED] into #password
[2026-06-04 11:13:31.978] [STEP ] [main] >> Clicking: #login-button
[2026-06-04 11:13:32.044] [STEP ] [main] >> Adding to cart: sauce-labs-backpack
[2026-06-04 11:13:32.045] [STEP ] [main] >> Clicking: [data-test='add-to-cart-sauce-labs-backpack']
[2026-06-04 11:13:32.091] [STEP ] [main] >> Navigating to cart
[2026-06-04 11:13:32.091] [STEP ] [main] >> Clicking: .shopping_cart_link
[2026-06-04 11:13:32.139] [STEP ] [main] >> Proceeding to checkout
[2026-06-04 11:13:32.140] [STEP ] [main] >> Clicking: [data-test='checkout']
[2026-06-04 11:13:32.210] [INFO ] [main] [PASSED] testCheckoutStepOneLoads
[2026-06-04 11:13:32.211] [INFO ] [main] TEST END: testCheckoutStepOneLoads => PASSED
[2026-06-04 11:13:32.211] [INFO ] [main] ----------------------------------------
[2026-06-04 11:13:32.218] [DEBUG] [main] Browser context closed
[2026-06-04 11:13:32.219] [INFO ] [main] ========================================
[2026-06-04 11:13:32.219] [INFO ] [main] TEST START: testValidCheckoutInfo
[2026-06-04 11:13:32.219] [INFO ] [main] ========================================
[2026-06-04 11:13:32.316] [INFO ] [main] New browser context and page created
[2026-06-04 11:13:32.318] [STEP ] [main] >> Navigating to: https://www.saucedemo.com
[2026-06-04 11:13:32.933] [INFO ] [main] Login page loaded
[2026-06-04 11:13:32.934] [INFO ] [main] Logging in as: standard_user
[2026-06-04 11:13:32.934] [STEP ] [main] >> Typing 'standard_user' into #user-name
[2026-06-04 11:13:32.970] [STEP ] [main] >> Typing [MASKED] into #password
[2026-06-04 11:13:32.984] [STEP ] [main] >> Clicking: #login-button
[2026-06-04 11:13:33.063] [STEP ] [main] >> Adding to cart: sauce-labs-backpack
[2026-06-04 11:13:33.063] [STEP ] [main] >> Clicking: [data-test='add-to-cart-sauce-labs-backpack']
[2026-06-04 11:13:33.117] [STEP ] [main] >> Navigating to cart
[2026-06-04 11:13:33.117] [STEP ] [main] >> Clicking: .shopping_cart_link
[2026-06-04 11:13:33.171] [STEP ] [main] >> Proceeding to checkout
[2026-06-04 11:13:33.172] [STEP ] [main] >> Clicking: [data-test='checkout']
[2026-06-04 11:13:33.219] [STEP ] [main] >> Typing 'John' into [data-test='firstName']
[2026-06-04 11:13:33.233] [STEP ] [main] >> Typing 'Doe' into [data-test='lastName']
[2026-06-04 11:13:33.244] [STEP ] [main] >> Typing '10001' into [data-test='postalCode']
[2026-06-04 11:13:33.256] [STEP ] [main] >> Clicking: [data-test='continue']
[2026-06-04 11:13:33.321] [INFO ] [main] [PASSED] testValidCheckoutInfo
[2026-06-04 11:13:33.322] [INFO ] [main] TEST END: testValidCheckoutInfo => PASSED
[2026-06-04 11:13:33.322] [INFO ] [main] ----------------------------------------
[2026-06-04 11:13:33.326] [DEBUG] [main] Browser context closed
[2026-06-04 11:13:33.328] [INFO ] [main] ========================================
[2026-06-04 11:13:33.328] [INFO ] [main] TEST START: testValidCheckoutInfo
[2026-06-04 11:13:33.328] [INFO ] [main] ========================================
[2026-06-04 11:13:33.401] [INFO ] [main] New browser context and page created
[2026-06-04 11:13:33.402] [STEP ] [main] >> Navigating to: https://www.saucedemo.com
[2026-06-04 11:13:34.005] [INFO ] [main] Login page loaded
[2026-06-04 11:13:34.006] [INFO ] [main] Logging in as: standard_user
[2026-06-04 11:13:34.006] [STEP ] [main] >> Typing 'standard_user' into #user-name
[2026-06-04 11:13:34.042] [STEP ] [main] >> Typing [MASKED] into #password
[2026-06-04 11:13:34.055] [STEP ] [main] >> Clicking: #login-button
[2026-06-04 11:13:34.126] [STEP ] [main] >> Adding to cart: sauce-labs-backpack
[2026-06-04 11:13:34.126] [STEP ] [main] >> Clicking: [data-test='add-to-cart-sauce-labs-backpack']
[2026-06-04 11:13:34.180] [STEP ] [main] >> Navigating to cart
[2026-06-04 11:13:34.180] [STEP ] [main] >> Clicking: .shopping_cart_link
[2026-06-04 11:13:34.227] [STEP ] [main] >> Proceeding to checkout
[2026-06-04 11:13:34.325] [STEP ] [main] >> Clicking: [data-test='checkout']
[2026-06-04 11:13:34.353] [STEP ] [main] >> Typing 'Jane' into [data-test='firstName']
[2026-06-04 11:13:34.368] [STEP ] [main] >> Typing 'Smith' into [data-test='lastName']
[2026-06-04 11:13:34.380] [STEP ] [main] >> Typing '90210' into [data-test='postalCode']
[2026-06-04 11:13:34.394] [STEP ] [main] >> Clicking: [data-test='continue']
[2026-06-04 11:13:34.453] [INFO ] [main] [PASSED] testValidCheckoutInfo
[2026-06-04 11:13:34.454] [INFO ] [main] TEST END: testValidCheckoutInfo => PASSED
[2026-06-04 11:13:34.454] [INFO ] [main] ----------------------------------------
[2026-06-04 11:13:34.459] [DEBUG] [main] Browser context closed
[2026-06-04 11:13:34.459] [INFO ] [main] ========================================
[2026-06-04 11:13:34.459] [INFO ] [main] TEST START: testValidCheckoutInfo
[2026-06-04 11:13:34.459] [INFO ] [main] ========================================
[2026-06-04 11:13:34.569] [INFO ] [main] New browser context and page created
[2026-06-04 11:13:34.570] [STEP ] [main] >> Navigating to: https://www.saucedemo.com
[2026-06-04 11:13:35.140] [INFO ] [main] Login page loaded
[2026-06-04 11:13:35.140] [INFO ] [main] Logging in as: standard_user
[2026-06-04 11:13:35.141] [STEP ] [main] >> Typing 'standard_user' into #user-name
[2026-06-04 11:13:35.179] [STEP ] [main] >> Typing [MASKED] into #password
[2026-06-04 11:13:35.195] [STEP ] [main] >> Clicking: #login-button
[2026-06-04 11:13:35.263] [STEP ] [main] >> Adding to cart: sauce-labs-backpack
[2026-06-04 11:13:35.263] [STEP ] [main] >> Clicking: [data-test='add-to-cart-sauce-labs-backpack']
[2026-06-04 11:13:35.315] [STEP ] [main] >> Navigating to cart
[2026-06-04 11:13:35.315] [STEP ] [main] >> Clicking: .shopping_cart_link
[2026-06-04 11:13:35.371] [STEP ] [main] >> Proceeding to checkout
[2026-06-04 11:13:35.372] [STEP ] [main] >> Clicking: [data-test='checkout']
[2026-06-04 11:13:35.420] [STEP ] [main] >> Typing 'Alex' into [data-test='firstName']
[2026-06-04 11:13:35.436] [STEP ] [main] >> Typing 'Brown' into [data-test='lastName']
[2026-06-04 11:13:35.450] [STEP ] [main] >> Typing '60601' into [data-test='postalCode']
[2026-06-04 11:13:35.462] [STEP ] [main] >> Clicking: [data-test='continue']
[2026-06-04 11:13:35.515] [INFO ] [main] [PASSED] testValidCheckoutInfo
[2026-06-04 11:13:35.515] [INFO ] [main] TEST END: testValidCheckoutInfo => PASSED
[2026-06-04 11:13:35.516] [INFO ] [main] ----------------------------------------
[2026-06-04 11:13:35.519] [DEBUG] [main] Browser context closed
[2026-06-04 11:13:35.521] [INFO ] [main] ========================================
[2026-06-04 11:13:35.522] [INFO ] [main] TEST START: testInvalidCheckoutInfo
[2026-06-04 11:13:35.522] [INFO ] [main] ========================================
[2026-06-04 11:13:35.623] [INFO ] [main] New browser context and page created
[2026-06-04 11:13:35.627] [STEP ] [main] >> Navigating to: https://www.saucedemo.com
[2026-06-04 11:13:36.187] [INFO ] [main] Login page loaded
[2026-06-04 11:13:36.187] [INFO ] [main] Logging in as: standard_user
[2026-06-04 11:13:36.188] [STEP ] [main] >> Typing 'standard_user' into #user-name
[2026-06-04 11:13:36.224] [STEP ] [main] >> Typing [MASKED] into #password
[2026-06-04 11:13:36.239] [STEP ] [main] >> Clicking: #login-button
[2026-06-04 11:13:36.321] [STEP ] [main] >> Adding to cart: sauce-labs-backpack
[2026-06-04 11:13:36.321] [STEP ] [main] >> Clicking: [data-test='add-to-cart-sauce-labs-backpack']
[2026-06-04 11:13:36.370] [STEP ] [main] >> Navigating to cart
[2026-06-04 11:13:36.370] [STEP ] [main] >> Clicking: .shopping_cart_link
[2026-06-04 11:13:36.421] [STEP ] [main] >> Proceeding to checkout
[2026-06-04 11:13:36.421] [STEP ] [main] >> Clicking: [data-test='checkout']
[2026-06-04 11:13:36.469] [STEP ] [main] >> Typing '' into [data-test='firstName']
[2026-06-04 11:13:36.481] [STEP ] [main] >> Typing 'Doe' into [data-test='lastName']
[2026-06-04 11:13:36.494] [STEP ] [main] >> Typing '10001' into [data-test='postalCode']
[2026-06-04 11:13:36.506] [STEP ] [main] >> Clicking: [data-test='continue']
[2026-06-04 11:13:36.563] [INFO ] [main] [PASSED] testInvalidCheckoutInfo
[2026-06-04 11:13:36.564] [INFO ] [main] TEST END: testInvalidCheckoutInfo => PASSED
[2026-06-04 11:13:36.564] [INFO ] [main] ----------------------------------------
[2026-06-04 11:13:36.568] [DEBUG] [main] Browser context closed
[2026-06-04 11:13:36.569] [INFO ] [main] ========================================
[2026-06-04 11:13:36.569] [INFO ] [main] TEST START: testInvalidCheckoutInfo
[2026-06-04 11:13:36.569] [INFO ] [main] ========================================
[2026-06-04 11:13:36.675] [INFO ] [main] New browser context and page created
[2026-06-04 11:13:36.675] [STEP ] [main] >> Navigating to: https://www.saucedemo.com
[2026-06-04 11:13:37.223] [INFO ] [main] Login page loaded
[2026-06-04 11:13:37.223] [INFO ] [main] Logging in as: standard_user
[2026-06-04 11:13:37.223] [STEP ] [main] >> Typing 'standard_user' into #user-name
[2026-06-04 11:13:37.261] [STEP ] [main] >> Typing [MASKED] into #password
[2026-06-04 11:13:37.276] [STEP ] [main] >> Clicking: #login-button
[2026-06-04 11:13:37.348] [STEP ] [main] >> Adding to cart: sauce-labs-backpack
[2026-06-04 11:13:37.348] [STEP ] [main] >> Clicking: [data-test='add-to-cart-sauce-labs-backpack']
[2026-06-04 11:13:37.395] [STEP ] [main] >> Navigating to cart
[2026-06-04 11:13:37.395] [STEP ] [main] >> Clicking: .shopping_cart_link
[2026-06-04 11:13:37.439] [STEP ] [main] >> Proceeding to checkout
[2026-06-04 11:13:37.439] [STEP ] [main] >> Clicking: [data-test='checkout']
[2026-06-04 11:13:37.487] [STEP ] [main] >> Typing 'John' into [data-test='firstName']
[2026-06-04 11:13:37.502] [STEP ] [main] >> Typing '' into [data-test='lastName']
[2026-06-04 11:13:37.512] [STEP ] [main] >> Typing '10001' into [data-test='postalCode']
[2026-06-04 11:13:37.533] [STEP ] [main] >> Clicking: [data-test='continue']
[2026-06-04 11:13:37.588] [INFO ] [main] [PASSED] testInvalidCheckoutInfo
[2026-06-04 11:13:37.588] [INFO ] [main] TEST END: testInvalidCheckoutInfo => PASSED
[2026-06-04 11:13:37.588] [INFO ] [main] ----------------------------------------
[2026-06-04 11:13:37.595] [DEBUG] [main] Browser context closed
[2026-06-04 11:13:37.596] [INFO ] [main] ========================================
[2026-06-04 11:13:37.597] [INFO ] [main] TEST START: testInvalidCheckoutInfo
[2026-06-04 11:13:37.597] [INFO ] [main] ========================================
[2026-06-04 11:13:37.678] [INFO ] [main] New browser context and page created
[2026-06-04 11:13:37.678] [STEP ] [main] >> Navigating to: https://www.saucedemo.com
[2026-06-04 11:13:38.229] [INFO ] [main] Login page loaded
[2026-06-04 11:13:38.229] [INFO ] [main] Logging in as: standard_user
[2026-06-04 11:13:38.229] [STEP ] [main] >> Typing 'standard_user' into #user-name
[2026-06-04 11:13:38.268] [STEP ] [main] >> Typing [MASKED] into #password
[2026-06-04 11:13:38.284] [STEP ] [main] >> Clicking: #login-button
[2026-06-04 11:13:38.367] [STEP ] [main] >> Adding to cart: sauce-labs-backpack
[2026-06-04 11:13:38.367] [STEP ] [main] >> Clicking: [data-test='add-to-cart-sauce-labs-backpack']
[2026-06-04 11:13:38.424] [STEP ] [main] >> Navigating to cart
[2026-06-04 11:13:38.424] [STEP ] [main] >> Clicking: .shopping_cart_link
[2026-06-04 11:13:38.471] [STEP ] [main] >> Proceeding to checkout
[2026-06-04 11:13:38.472] [STEP ] [main] >> Clicking: [data-test='checkout']
[2026-06-04 11:13:38.520] [STEP ] [main] >> Typing 'John' into [data-test='firstName']
[2026-06-04 11:13:38.536] [STEP ] [main] >> Typing 'Doe' into [data-test='lastName']
[2026-06-04 11:13:38.551] [STEP ] [main] >> Typing '' into [data-test='postalCode']
[2026-06-04 11:13:38.562] [STEP ] [main] >> Clicking: [data-test='continue']
[2026-06-04 11:13:38.615] [INFO ] [main] [PASSED] testInvalidCheckoutInfo
[2026-06-04 11:13:38.616] [INFO ] [main] TEST END: testInvalidCheckoutInfo => PASSED
[2026-06-04 11:13:38.616] [INFO ] [main] ----------------------------------------
[2026-06-04 11:13:38.620] [DEBUG] [main] Browser context closed
[2026-06-04 11:13:38.622] [INFO ] [main] ========================================
[2026-06-04 11:13:38.622] [INFO ] [main] TEST START: testAllFieldsEmpty
[2026-06-04 11:13:38.622] [INFO ] [main] ========================================
[2026-06-04 11:13:38.722] [INFO ] [main] New browser context and page created
[2026-06-04 11:13:38.723] [STEP ] [main] >> Navigating to: https://www.saucedemo.com
[2026-06-04 11:13:39.321] [INFO ] [main] Login page loaded
[2026-06-04 11:13:39.322] [INFO ] [main] Logging in as: standard_user
[2026-06-04 11:13:39.322] [STEP ] [main] >> Typing 'standard_user' into #user-name
[2026-06-04 11:13:39.360] [STEP ] [main] >> Typing [MASKED] into #password
[2026-06-04 11:13:39.374] [STEP ] [main] >> Clicking: #login-button
[2026-06-04 11:13:39.447] [STEP ] [main] >> Adding to cart: sauce-labs-backpack
[2026-06-04 11:13:39.447] [STEP ] [main] >> Clicking: [data-test='add-to-cart-sauce-labs-backpack']
[2026-06-04 11:13:39.499] [STEP ] [main] >> Navigating to cart
[2026-06-04 11:13:39.499] [STEP ] [main] >> Clicking: .shopping_cart_link
[2026-06-04 11:13:39.556] [STEP ] [main] >> Proceeding to checkout
[2026-06-04 11:13:39.556] [STEP ] [main] >> Clicking: [data-test='checkout']
[2026-06-04 11:13:39.605] [STEP ] [main] >> Clicking: [data-test='continue']
[2026-06-04 11:13:39.667] [INFO ] [main] [PASSED] testAllFieldsEmpty
[2026-06-04 11:13:39.668] [INFO ] [main] TEST END: testAllFieldsEmpty => PASSED
[2026-06-04 11:13:39.668] [INFO ] [main] ----------------------------------------
[2026-06-04 11:13:39.672] [DEBUG] [main] Browser context closed
[2026-06-04 11:13:39.673] [INFO ] [main] ========================================
[2026-06-04 11:13:39.674] [INFO ] [main] TEST START: testCancelOnStepOne
[2026-06-04 11:13:39.674] [INFO ] [main] ========================================
[2026-06-04 11:13:39.756] [INFO ] [main] New browser context and page created
[2026-06-04 11:13:39.757] [STEP ] [main] >> Navigating to: https://www.saucedemo.com
[2026-06-04 11:13:40.385] [INFO ] [main] Login page loaded
[2026-06-04 11:13:40.386] [INFO ] [main] Logging in as: standard_user
[2026-06-04 11:13:40.386] [STEP ] [main] >> Typing 'standard_user' into #user-name
[2026-06-04 11:13:40.421] [STEP ] [main] >> Typing [MASKED] into #password
[2026-06-04 11:13:40.434] [STEP ] [main] >> Clicking: #login-button
[2026-06-04 11:13:40.514] [STEP ] [main] >> Adding to cart: sauce-labs-backpack
[2026-06-04 11:13:40.514] [STEP ] [main] >> Clicking: [data-test='add-to-cart-sauce-labs-backpack']
[2026-06-04 11:13:40.567] [STEP ] [main] >> Navigating to cart
[2026-06-04 11:13:40.567] [STEP ] [main] >> Clicking: .shopping_cart_link
[2026-06-04 11:13:40.620] [STEP ] [main] >> Proceeding to checkout
[2026-06-04 11:13:40.621] [STEP ] [main] >> Clicking: [data-test='checkout']
[2026-06-04 11:13:40.671] [STEP ] [main] >> Clicking: [data-test='cancel']
[2026-06-04 11:13:40.738] [INFO ] [main] [PASSED] testCancelOnStepOne
[2026-06-04 11:13:40.739] [INFO ] [main] TEST END: testCancelOnStepOne => PASSED
[2026-06-04 11:13:40.739] [INFO ] [main] ----------------------------------------
[2026-06-04 11:13:40.743] [DEBUG] [main] Browser context closed
[2026-06-04 11:13:40.744] [INFO ] [main] ========================================
[2026-06-04 11:13:40.744] [INFO ] [main] TEST START: testOverviewShowsSingleItem
[2026-06-04 11:13:40.744] [INFO ] [main] ========================================
[2026-06-04 11:13:40.819] [INFO ] [main] New browser context and page created
[2026-06-04 11:13:40.820] [STEP ] [main] >> Navigating to: https://www.saucedemo.com
[2026-06-04 11:13:41.404] [INFO ] [main] Login page loaded
[2026-06-04 11:13:41.404] [INFO ] [main] Logging in as: standard_user
[2026-06-04 11:13:41.404] [STEP ] [main] >> Typing 'standard_user' into #user-name
[2026-06-04 11:13:41.439] [STEP ] [main] >> Typing [MASKED] into #password
[2026-06-04 11:13:41.453] [STEP ] [main] >> Clicking: #login-button
[2026-06-04 11:13:41.527] [STEP ] [main] >> Adding to cart: sauce-labs-backpack
[2026-06-04 11:13:41.527] [STEP ] [main] >> Clicking: [data-test='add-to-cart-sauce-labs-backpack']
[2026-06-04 11:13:41.580] [STEP ] [main] >> Navigating to cart
[2026-06-04 11:13:41.581] [STEP ] [main] >> Clicking: .shopping_cart_link
[2026-06-04 11:13:41.622] [STEP ] [main] >> Proceeding to checkout
[2026-06-04 11:13:41.622] [STEP ] [main] >> Clicking: [data-test='checkout']
[2026-06-04 11:13:41.672] [STEP ] [main] >> Typing 'John' into [data-test='firstName']
[2026-06-04 11:13:41.688] [STEP ] [main] >> Typing 'Doe' into [data-test='lastName']
[2026-06-04 11:13:41.702] [STEP ] [main] >> Typing '12345' into [data-test='postalCode']
[2026-06-04 11:13:41.715] [STEP ] [main] >> Clicking: [data-test='continue']
[2026-06-04 11:13:41.779] [INFO ] [main] [PASSED] testOverviewShowsSingleItem
[2026-06-04 11:13:41.780] [INFO ] [main] TEST END: testOverviewShowsSingleItem => PASSED
[2026-06-04 11:13:41.780] [INFO ] [main] ----------------------------------------
[2026-06-04 11:13:41.784] [DEBUG] [main] Browser context closed
[2026-06-04 11:13:41.786] [INFO ] [main] ========================================
[2026-06-04 11:13:41.786] [INFO ] [main] TEST START: testOverviewShowsMultipleItems
[2026-06-04 11:13:41.786] [INFO ] [main] ========================================
[2026-06-04 11:13:41.858] [INFO ] [main] New browser context and page created
[2026-06-04 11:13:41.859] [STEP ] [main] >> Navigating to: https://www.saucedemo.com
[2026-06-04 11:13:42.480] [INFO ] [main] Login page loaded
[2026-06-04 11:13:42.481] [INFO ] [main] Logging in as: standard_user
[2026-06-04 11:13:42.481] [STEP ] [main] >> Typing 'standard_user' into #user-name
[2026-06-04 11:13:42.516] [STEP ] [main] >> Typing [MASKED] into #password
[2026-06-04 11:13:42.531] [STEP ] [main] >> Clicking: #login-button
[2026-06-04 11:13:42.611] [STEP ] [main] >> Adding to cart: sauce-labs-backpack
[2026-06-04 11:13:42.612] [STEP ] [main] >> Clicking: [data-test='add-to-cart-sauce-labs-backpack']
[2026-06-04 11:13:42.666] [STEP ] [main] >> Adding to cart: sauce-labs-bike-light
[2026-06-04 11:13:42.666] [STEP ] [main] >> Clicking: [data-test='add-to-cart-sauce-labs-bike-light']
[2026-06-04 11:13:42.715] [STEP ] [main] >> Adding to cart: sauce-labs-onesie
[2026-06-04 11:13:42.715] [STEP ] [main] >> Clicking: [data-test='add-to-cart-sauce-labs-onesie']
[2026-06-04 11:13:42.749] [STEP ] [main] >> Navigating to cart
[2026-06-04 11:13:42.749] [STEP ] [main] >> Clicking: .shopping_cart_link
[2026-06-04 11:13:42.804] [STEP ] [main] >> Proceeding to checkout
[2026-06-04 11:13:42.804] [STEP ] [main] >> Clicking: [data-test='checkout']
[2026-06-04 11:13:42.853] [STEP ] [main] >> Typing 'Jane' into [data-test='firstName']
[2026-06-04 11:13:42.870] [STEP ] [main] >> Typing 'Smith' into [data-test='lastName']
[2026-06-04 11:13:42.885] [STEP ] [main] >> Typing '54321' into [data-test='postalCode']
[2026-06-04 11:13:42.896] [STEP ] [main] >> Clicking: [data-test='continue']
[2026-06-04 11:13:42.950] [INFO ] [main] [PASSED] testOverviewShowsMultipleItems
[2026-06-04 11:13:42.951] [INFO ] [main] TEST END: testOverviewShowsMultipleItems => PASSED
[2026-06-04 11:13:42.951] [INFO ] [main] ----------------------------------------
[2026-06-04 11:13:42.956] [DEBUG] [main] Browser context closed
[2026-06-04 11:13:42.957] [INFO ] [main] ========================================
[2026-06-04 11:13:42.958] [INFO ] [main] TEST START: testSubtotalSingleItem
[2026-06-04 11:13:42.958] [INFO ] [main] ========================================
[2026-06-04 11:13:43.065] [INFO ] [main] New browser context and page created
[2026-06-04 11:13:43.066] [STEP ] [main] >> Navigating to: https://www.saucedemo.com
[2026-06-04 11:13:43.693] [INFO ] [main] Login page loaded
[2026-06-04 11:13:43.694] [INFO ] [main] Logging in as: standard_user
[2026-06-04 11:13:43.694] [STEP ] [main] >> Typing 'standard_user' into #user-name
[2026-06-04 11:13:43.732] [STEP ] [main] >> Typing [MASKED] into #password
[2026-06-04 11:13:43.746] [STEP ] [main] >> Clicking: #login-button
[2026-06-04 11:13:43.810] [STEP ] [main] >> Adding to cart: sauce-labs-backpack
[2026-06-04 11:13:43.810] [STEP ] [main] >> Clicking: [data-test='add-to-cart-sauce-labs-backpack']
[2026-06-04 11:13:43.866] [STEP ] [main] >> Navigating to cart
[2026-06-04 11:13:43.867] [STEP ] [main] >> Clicking: .shopping_cart_link
[2026-06-04 11:13:43.922] [STEP ] [main] >> Proceeding to checkout
[2026-06-04 11:13:43.923] [STEP ] [main] >> Clicking: [data-test='checkout']
[2026-06-04 11:13:43.972] [STEP ] [main] >> Typing 'John' into [data-test='firstName']
[2026-06-04 11:13:43.987] [STEP ] [main] >> Typing 'Doe' into [data-test='lastName']
[2026-06-04 11:13:44.000] [STEP ] [main] >> Typing '12345' into [data-test='postalCode']
[2026-06-04 11:13:44.013] [STEP ] [main] >> Clicking: [data-test='continue']
[2026-06-04 11:13:44.065] [INFO ] [main] [PASSED] testSubtotalSingleItem
[2026-06-04 11:13:44.066] [INFO ] [main] TEST END: testSubtotalSingleItem => PASSED
[2026-06-04 11:13:44.066] [INFO ] [main] ----------------------------------------
[2026-06-04 11:13:44.071] [DEBUG] [main] Browser context closed
[2026-06-04 11:13:44.072] [INFO ] [main] ========================================
[2026-06-04 11:13:44.072] [INFO ] [main] TEST START: testSubtotalMultipleItems
[2026-06-04 11:13:44.072] [INFO ] [main] ========================================
[2026-06-04 11:13:44.163] [INFO ] [main] New browser context and page created
[2026-06-04 11:13:44.163] [STEP ] [main] >> Navigating to: https://www.saucedemo.com
[2026-06-04 11:13:44.711] [INFO ] [main] Login page loaded
[2026-06-04 11:13:44.712] [INFO ] [main] Logging in as: standard_user
[2026-06-04 11:13:44.712] [STEP ] [main] >> Typing 'standard_user' into #user-name
[2026-06-04 11:13:44.748] [STEP ] [main] >> Typing [MASKED] into #password
[2026-06-04 11:13:44.762] [STEP ] [main] >> Clicking: #login-button
[2026-06-04 11:13:44.828] [STEP ] [main] >> Adding to cart: sauce-labs-backpack
[2026-06-04 11:13:44.829] [STEP ] [main] >> Clicking: [data-test='add-to-cart-sauce-labs-backpack']
[2026-06-04 11:13:44.874] [STEP ] [main] >> Adding to cart: sauce-labs-bike-light
[2026-06-04 11:13:44.874] [STEP ] [main] >> Clicking: [data-test='add-to-cart-sauce-labs-bike-light']
[2026-06-04 11:13:44.917] [STEP ] [main] >> Adding to cart: sauce-labs-onesie
[2026-06-04 11:13:44.917] [STEP ] [main] >> Clicking: [data-test='add-to-cart-sauce-labs-onesie']
[2026-06-04 11:13:44.967] [STEP ] [main] >> Navigating to cart
[2026-06-04 11:13:44.968] [STEP ] [main] >> Clicking: .shopping_cart_link
[2026-06-04 11:13:45.020] [STEP ] [main] >> Proceeding to checkout
[2026-06-04 11:13:45.020] [STEP ] [main] >> Clicking: [data-test='checkout']
[2026-06-04 11:13:45.069] [STEP ] [main] >> Typing 'Jane' into [data-test='firstName']
[2026-06-04 11:13:45.083] [STEP ] [main] >> Typing 'Smith' into [data-test='lastName']
[2026-06-04 11:13:45.095] [STEP ] [main] >> Typing '54321' into [data-test='postalCode']
[2026-06-04 11:13:45.132] [STEP ] [main] >> Clicking: [data-test='continue']
[2026-06-04 11:13:45.185] [INFO ] [main] [PASSED] testSubtotalMultipleItems
[2026-06-04 11:13:45.186] [INFO ] [main] TEST END: testSubtotalMultipleItems => PASSED
[2026-06-04 11:13:45.186] [INFO ] [main] ----------------------------------------
[2026-06-04 11:13:45.192] [DEBUG] [main] Browser context closed
[2026-06-04 11:13:45.193] [INFO ] [main] ========================================
[2026-06-04 11:13:45.193] [INFO ] [main] TEST START: testTaxCalculation
[2026-06-04 11:13:45.193] [INFO ] [main] ========================================
[2026-06-04 11:13:45.304] [INFO ] [main] New browser context and page created
[2026-06-04 11:13:45.305] [STEP ] [main] >> Navigating to: https://www.saucedemo.com
[2026-06-04 11:13:45.861] [INFO ] [main] Login page loaded
[2026-06-04 11:13:45.861] [INFO ] [main] Logging in as: standard_user
[2026-06-04 11:13:45.861] [STEP ] [main] >> Typing 'standard_user' into #user-name
[2026-06-04 11:13:45.896] [STEP ] [main] >> Typing [MASKED] into #password
[2026-06-04 11:13:45.910] [STEP ] [main] >> Clicking: #login-button
[2026-06-04 11:13:45.983] [STEP ] [main] >> Adding to cart: sauce-labs-backpack
[2026-06-04 11:13:45.984] [STEP ] [main] >> Clicking: [data-test='add-to-cart-sauce-labs-backpack']
[2026-06-04 11:13:46.024] [STEP ] [main] >> Navigating to cart
[2026-06-04 11:13:46.025] [STEP ] [main] >> Clicking: .shopping_cart_link
[2026-06-04 11:13:46.072] [STEP ] [main] >> Proceeding to checkout
[2026-06-04 11:13:46.073] [STEP ] [main] >> Clicking: [data-test='checkout']
[2026-06-04 11:13:46.132] [STEP ] [main] >> Typing 'John' into [data-test='firstName']
[2026-06-04 11:13:46.152] [STEP ] [main] >> Typing 'Doe' into [data-test='lastName']
[2026-06-04 11:13:46.168] [STEP ] [main] >> Typing '12345' into [data-test='postalCode']
[2026-06-04 11:13:46.183] [STEP ] [main] >> Clicking: [data-test='continue']
[2026-06-04 11:13:46.255] [INFO ] [main] [PASSED] testTaxCalculation
[2026-06-04 11:13:46.256] [INFO ] [main] TEST END: testTaxCalculation => PASSED
[2026-06-04 11:13:46.256] [INFO ] [main] ----------------------------------------
[2026-06-04 11:13:46.261] [DEBUG] [main] Browser context closed
[2026-06-04 11:13:46.319] [INFO ] [main] Browser closed
[2026-06-04 11:13:46.320] [INFO ] [main] 
[2026-06-04 11:13:46.320] [INFO ] [main] ==========================================
[2026-06-04 11:13:46.320] [INFO ] [main]          FINAL TEST RESULTS               
[2026-06-04 11:13:46.320] [INFO ] [main] ==========================================
[2026-06-04 11:13:46.320] [INFO ] [main]   Passed  : 50
[2026-06-04 11:13:46.321] [INFO ] [main]   Failed  : 0
[2026-06-04 11:13:46.321] [INFO ] [main]   Skipped : 0
[2026-06-04 11:13:46.321] [INFO ] [main]   Total   : 50
[2026-06-04 11:13:46.321] [INFO ] [main]   Pass Rate: 100.0%
[2026-06-04 11:13:46.321] [INFO ] [main] ==========================================
[2026-06-04 11:13:46.336] [INFO ] [main] Playwright instance closed
[2026-06-04 11:13:46.337] [INFO ] [main] ################################################
[2026-06-04 11:13:46.337] [INFO ] [main] SUITE COMPLETED
[2026-06-04 11:13:46.337] [INFO ] [main] ################################################
[2026-06-04 11:25:49.386] [INFO ] [main] ################################################
[2026-06-04 11:25:49.386] [INFO ] [main] SUITE START: SauceDemo Automation Suite
[2026-06-04 11:25:49.390] [INFO ] [main] Configuration loaded successfully
[2026-06-04 11:25:49.390] [INFO ] [main] Browser: chromium
[2026-06-04 11:25:49.390] [INFO ] [main] Headless: true
[2026-06-04 11:25:49.390] [INFO ] [main] Base URL: https://www.saucedemo.com
[2026-06-04 11:25:49.390] [INFO ] [main] ################################################
[2026-06-04 11:25:55.078] [INFO ] [main] Playwright instance created
[2026-06-04 11:25:55.085] [INFO ] [main] Test Suite starting: Login Tests
[2026-06-04 11:25:55.099] [INFO ] [main] Launching browser: chromium | headless: true | slowMotion: 0ms
[2026-06-04 11:25:55.267] [INFO ] [main] chromium browser launched
[2026-06-04 11:25:55.281] [INFO ] [main] ========================================
[2026-06-04 11:25:55.282] [INFO ] [main] TEST START: testValidLogin
[2026-06-04 11:25:55.283] [INFO ] [main] ========================================
[2026-06-04 11:25:55.406] [INFO ] [main] New browser context and page created
[2026-06-04 11:25:55.498] [STEP ] [main] >> Navigating to: https://www.saucedemo.com
[2026-06-04 11:25:58.846] [INFO ] [main] Login page loaded
[2026-06-04 11:25:58.847] [INFO ] [main] Logging in as: standard_user
[2026-06-04 11:25:58.848] [STEP ] [main] >> Typing 'standard_user' into #user-name
[2026-06-04 11:25:58.898] [STEP ] [main] >> Typing [MASKED] into #password
[2026-06-04 11:25:58.917] [STEP ] [main] >> Clicking: #login-button
[2026-06-04 11:25:59.041] [INFO ] [main] [PASSED] testValidLogin
[2026-06-04 11:25:59.065] [INFO ] [main] TEST END: testValidLogin => PASSED
[2026-06-04 11:25:59.065] [INFO ] [main] ----------------------------------------
[2026-06-04 11:25:59.078] [DEBUG] [main] Browser context closed
[2026-06-04 11:25:59.089] [INFO ] [main] ========================================
[2026-06-04 11:25:59.090] [INFO ] [main] TEST START: testAllUserTypes
[2026-06-04 11:25:59.090] [INFO ] [main] ========================================
[2026-06-04 11:25:59.175] [INFO ] [main] New browser context and page created
[2026-06-04 11:25:59.181] [STEP ] [main] >> Navigating to: https://www.saucedemo.com
[2026-06-04 11:25:59.815] [INFO ] [main] Login page loaded
[2026-06-04 11:25:59.816] [INFO ] [main] Logging in as: standard_user
[2026-06-04 11:25:59.817] [STEP ] [main] >> Typing 'standard_user' into #user-name
[2026-06-04 11:25:59.855] [STEP ] [main] >> Typing [MASKED] into #password
[2026-06-04 11:25:59.871] [STEP ] [main] >> Clicking: #login-button
[2026-06-04 11:25:59.965] [INFO ] [main] [PASSED] testAllUserTypes
[2026-06-04 11:25:59.968] [INFO ] [main] TEST END: testAllUserTypes => PASSED
[2026-06-04 11:25:59.969] [INFO ] [main] ----------------------------------------
[2026-06-04 11:25:59.975] [DEBUG] [main] Browser context closed
[2026-06-04 11:25:59.978] [INFO ] [main] ========================================
[2026-06-04 11:25:59.978] [INFO ] [main] TEST START: testAllUserTypes
[2026-06-04 11:25:59.978] [INFO ] [main] ========================================
[2026-06-04 11:26:00.073] [INFO ] [main] New browser context and page created
[2026-06-04 11:26:00.077] [STEP ] [main] >> Navigating to: https://www.saucedemo.com
[2026-06-04 11:26:00.784] [INFO ] [main] Login page loaded
[2026-06-04 11:26:00.787] [INFO ] [main] Attempting login with: locked_out_user (expecting error)
[2026-06-04 11:26:00.788] [STEP ] [main] >> Typing 'locked_out_user' into #user-name
[2026-06-04 11:26:00.861] [STEP ] [main] >> Typing [MASKED] into #password
[2026-06-04 11:26:00.898] [STEP ] [main] >> Clicking: #login-button
[2026-06-04 11:26:00.980] [INFO ] [main] [PASSED] testAllUserTypes
[2026-06-04 11:26:00.983] [INFO ] [main] TEST END: testAllUserTypes => PASSED
[2026-06-04 11:26:00.983] [INFO ] [main] ----------------------------------------
[2026-06-04 11:26:00.992] [DEBUG] [main] Browser context closed
[2026-06-04 11:26:00.994] [INFO ] [main] ========================================
[2026-06-04 11:26:00.995] [INFO ] [main] TEST START: testAllUserTypes
[2026-06-04 11:26:00.995] [INFO ] [main] ========================================
[2026-06-04 11:26:01.135] [INFO ] [main] New browser context and page created
[2026-06-04 11:26:01.144] [STEP ] [main] >> Navigating to: https://www.saucedemo.com
[2026-06-04 11:26:01.836] [INFO ] [main] Login page loaded
[2026-06-04 11:26:01.837] [INFO ] [main] Logging in as: problem_user
[2026-06-04 11:26:01.837] [STEP ] [main] >> Typing 'problem_user' into #user-name
[2026-06-04 11:26:01.877] [STEP ] [main] >> Typing [MASKED] into #password
[2026-06-04 11:26:01.898] [STEP ] [main] >> Clicking: #login-button
[2026-06-04 11:26:02.004] [INFO ] [main] [PASSED] testAllUserTypes
[2026-06-04 11:26:02.006] [INFO ] [main] TEST END: testAllUserTypes => PASSED
[2026-06-04 11:26:02.007] [INFO ] [main] ----------------------------------------
[2026-06-04 11:26:02.012] [DEBUG] [main] Browser context closed
[2026-06-04 11:26:02.014] [INFO ] [main] ========================================
[2026-06-04 11:26:02.014] [INFO ] [main] TEST START: testAllUserTypes
[2026-06-04 11:26:02.015] [INFO ] [main] ========================================
[2026-06-04 11:26:02.130] [INFO ] [main] New browser context and page created
[2026-06-04 11:26:02.136] [STEP ] [main] >> Navigating to: https://www.saucedemo.com
[2026-06-04 11:26:02.846] [INFO ] [main] Login page loaded
[2026-06-04 11:26:02.847] [INFO ] [main] Logging in as: performance_glitch_user
[2026-06-04 11:26:02.847] [STEP ] [main] >> Typing 'performance_glitch_user' into #user-name
[2026-06-04 11:26:02.889] [STEP ] [main] >> Typing [MASKED] into #password
[2026-06-04 11:26:02.906] [STEP ] [main] >> Clicking: #login-button
[2026-06-04 11:26:08.026] [INFO ] [main] [PASSED] testAllUserTypes
[2026-06-04 11:26:08.028] [INFO ] [main] TEST END: testAllUserTypes => PASSED
[2026-06-04 11:26:08.028] [INFO ] [main] ----------------------------------------
[2026-06-04 11:26:08.033] [DEBUG] [main] Browser context closed
[2026-06-04 11:26:08.036] [INFO ] [main] ========================================
[2026-06-04 11:26:08.037] [INFO ] [main] TEST START: testAllUserTypes
[2026-06-04 11:26:08.037] [INFO ] [main] ========================================
[2026-06-04 11:26:08.129] [INFO ] [main] New browser context and page created
[2026-06-04 11:26:08.134] [STEP ] [main] >> Navigating to: https://www.saucedemo.com
[2026-06-04 11:26:08.772] [INFO ] [main] Login page loaded
[2026-06-04 11:26:08.772] [INFO ] [main] Logging in as: error_user
[2026-06-04 11:26:08.773] [STEP ] [main] >> Typing 'error_user' into #user-name
[2026-06-04 11:26:08.812] [STEP ] [main] >> Typing [MASKED] into #password
[2026-06-04 11:26:08.829] [STEP ] [main] >> Clicking: #login-button
[2026-06-04 11:26:08.921] [INFO ] [main] [PASSED] testAllUserTypes
[2026-06-04 11:26:08.923] [INFO ] [main] TEST END: testAllUserTypes => PASSED
[2026-06-04 11:26:08.923] [INFO ] [main] ----------------------------------------
[2026-06-04 11:26:08.929] [DEBUG] [main] Browser context closed
[2026-06-04 11:26:08.932] [INFO ] [main] ========================================
[2026-06-04 11:26:08.933] [INFO ] [main] TEST START: testAllUserTypes
[2026-06-04 11:26:08.933] [INFO ] [main] ========================================
[2026-06-04 11:26:09.050] [INFO ] [main] New browser context and page created
[2026-06-04 11:26:09.054] [STEP ] [main] >> Navigating to: https://www.saucedemo.com
[2026-06-04 11:26:09.676] [INFO ] [main] Login page loaded
[2026-06-04 11:26:09.677] [INFO ] [main] Logging in as: visual_user
[2026-06-04 11:26:09.677] [STEP ] [main] >> Typing 'visual_user' into #user-name
[2026-06-04 11:26:09.721] [STEP ] [main] >> Typing [MASKED] into #password
[2026-06-04 11:26:09.740] [STEP ] [main] >> Clicking: #login-button
[2026-06-04 11:26:09.844] [INFO ] [main] [PASSED] testAllUserTypes
[2026-06-04 11:26:09.847] [INFO ] [main] TEST END: testAllUserTypes => PASSED
[2026-06-04 11:26:09.847] [INFO ] [main] ----------------------------------------
[2026-06-04 11:26:09.854] [DEBUG] [main] Browser context closed
[2026-06-04 11:26:09.857] [INFO ] [main] ========================================
[2026-06-04 11:26:09.858] [INFO ] [main] TEST START: testInvalidLogin
[2026-06-04 11:26:09.858] [INFO ] [main] ========================================
[2026-06-04 11:26:09.944] [INFO ] [main] New browser context and page created
[2026-06-04 11:26:09.949] [STEP ] [main] >> Navigating to: https://www.saucedemo.com
[2026-06-04 11:26:10.591] [INFO ] [main] Login page loaded
[2026-06-04 11:26:10.592] [INFO ] [main] Attempting login with: locked_out_user (expecting error)
[2026-06-04 11:26:10.593] [STEP ] [main] >> Typing 'locked_out_user' into #user-name
[2026-06-04 11:26:10.637] [STEP ] [main] >> Typing [MASKED] into #password
[2026-06-04 11:26:10.666] [STEP ] [main] >> Clicking: #login-button
[2026-06-04 11:26:10.730] [INFO ] [main] [PASSED] testInvalidLogin
[2026-06-04 11:26:10.732] [INFO ] [main] TEST END: testInvalidLogin => PASSED
[2026-06-04 11:26:10.732] [INFO ] [main] ----------------------------------------
[2026-06-04 11:26:10.739] [DEBUG] [main] Browser context closed
[2026-06-04 11:26:10.740] [INFO ] [main] ========================================
[2026-06-04 11:26:10.740] [INFO ] [main] TEST START: testInvalidLogin
[2026-06-04 11:26:10.740] [INFO ] [main] ========================================
[2026-06-04 11:26:10.837] [INFO ] [main] New browser context and page created
[2026-06-04 11:26:10.839] [STEP ] [main] >> Navigating to: https://www.saucedemo.com
[2026-06-04 11:26:11.427] [INFO ] [main] Login page loaded
[2026-06-04 11:26:11.427] [INFO ] [main] Attempting login with: standard_user (expecting error)
[2026-06-04 11:26:11.427] [STEP ] [main] >> Typing 'standard_user' into #user-name
[2026-06-04 11:26:11.467] [STEP ] [main] >> Typing [MASKED] into #password
[2026-06-04 11:26:11.483] [STEP ] [main] >> Clicking: #login-button
[2026-06-04 11:26:11.562] [INFO ] [main] [PASSED] testInvalidLogin
[2026-06-04 11:26:11.564] [INFO ] [main] TEST END: testInvalidLogin => PASSED
[2026-06-04 11:26:11.564] [INFO ] [main] ----------------------------------------
[2026-06-04 11:26:11.568] [DEBUG] [main] Browser context closed
[2026-06-04 11:26:11.572] [INFO ] [main] ========================================
[2026-06-04 11:26:11.572] [INFO ] [main] TEST START: testInvalidLogin
[2026-06-04 11:26:11.572] [INFO ] [main] ========================================
[2026-06-04 11:26:11.661] [INFO ] [main] New browser context and page created
[2026-06-04 11:26:11.666] [STEP ] [main] >> Navigating to: https://www.saucedemo.com
[2026-06-04 11:26:12.268] [INFO ] [main] Login page loaded
[2026-06-04 11:26:12.269] [INFO ] [main] Attempting login with:  (expecting error)
[2026-06-04 11:26:12.269] [STEP ] [main] >> Typing '' into #user-name
[2026-06-04 11:26:12.309] [STEP ] [main] >> Typing [MASKED] into #password
[2026-06-04 11:26:12.323] [STEP ] [main] >> Clicking: #login-button
[2026-06-04 11:26:12.396] [INFO ] [main] [PASSED] testInvalidLogin
[2026-06-04 11:26:12.400] [INFO ] [main] TEST END: testInvalidLogin => PASSED
[2026-06-04 11:26:12.400] [INFO ] [main] ----------------------------------------
[2026-06-04 11:26:12.408] [DEBUG] [main] Browser context closed
[2026-06-04 11:26:12.411] [INFO ] [main] ========================================
[2026-06-04 11:26:12.411] [INFO ] [main] TEST START: testInvalidLogin
[2026-06-04 11:26:12.412] [INFO ] [main] ========================================
[2026-06-04 11:26:12.504] [INFO ] [main] New browser context and page created
[2026-06-04 11:26:12.508] [STEP ] [main] >> Navigating to: https://www.saucedemo.com
[2026-06-04 11:26:13.131] [INFO ] [main] Login page loaded
[2026-06-04 11:26:13.132] [INFO ] [main] Attempting login with: standard_user (expecting error)
[2026-06-04 11:26:13.132] [STEP ] [main] >> Typing 'standard_user' into #user-name
[2026-06-04 11:26:13.175] [STEP ] [main] >> Typing [MASKED] into #password
[2026-06-04 11:26:13.191] [STEP ] [main] >> Clicking: #login-button
[2026-06-04 11:26:13.256] [INFO ] [main] [PASSED] testInvalidLogin
[2026-06-04 11:26:13.258] [INFO ] [main] TEST END: testInvalidLogin => PASSED
[2026-06-04 11:26:13.258] [INFO ] [main] ----------------------------------------
[2026-06-04 11:26:13.263] [DEBUG] [main] Browser context closed
[2026-06-04 11:26:13.267] [INFO ] [main] ========================================
[2026-06-04 11:26:13.267] [INFO ] [main] TEST START: testInvalidLogin
[2026-06-04 11:26:13.268] [INFO ] [main] ========================================
[2026-06-04 11:26:13.361] [INFO ] [main] New browser context and page created
[2026-06-04 11:26:13.366] [STEP ] [main] >> Navigating to: https://www.saucedemo.com
[2026-06-04 11:26:13.963] [INFO ] [main] Login page loaded
[2026-06-04 11:26:13.964] [INFO ] [main] Attempting login with:  (expecting error)
[2026-06-04 11:26:13.964] [STEP ] [main] >> Typing '' into #user-name
[2026-06-04 11:26:14.005] [STEP ] [main] >> Typing [MASKED] into #password
[2026-06-04 11:26:14.023] [STEP ] [main] >> Clicking: #login-button
[2026-06-04 11:26:14.100] [INFO ] [main] [PASSED] testInvalidLogin
[2026-06-04 11:26:14.102] [INFO ] [main] TEST END: testInvalidLogin => PASSED
[2026-06-04 11:26:14.103] [INFO ] [main] ----------------------------------------
[2026-06-04 11:26:14.108] [DEBUG] [main] Browser context closed
[2026-06-04 11:26:14.111] [INFO ] [main] ========================================
[2026-06-04 11:26:14.111] [INFO ] [main] TEST START: testInvalidLogin
[2026-06-04 11:26:14.112] [INFO ] [main] ========================================
[2026-06-04 11:26:14.201] [INFO ] [main] New browser context and page created
[2026-06-04 11:26:14.204] [STEP ] [main] >> Navigating to: https://www.saucedemo.com
[2026-06-04 11:26:14.836] [INFO ] [main] Login page loaded
[2026-06-04 11:26:14.837] [INFO ] [main] Attempting login with: nonexistent_user (expecting error)
[2026-06-04 11:26:14.837] [STEP ] [main] >> Typing 'nonexistent_user' into #user-name
[2026-06-04 11:26:14.875] [STEP ] [main] >> Typing [MASKED] into #password
[2026-06-04 11:26:14.890] [STEP ] [main] >> Clicking: #login-button
[2026-06-04 11:26:14.957] [INFO ] [main] [PASSED] testInvalidLogin
[2026-06-04 11:26:14.959] [INFO ] [main] TEST END: testInvalidLogin => PASSED
[2026-06-04 11:26:14.959] [INFO ] [main] ----------------------------------------
[2026-06-04 11:26:14.966] [DEBUG] [main] Browser context closed
[2026-06-04 11:26:14.966] [INFO ] [main] ========================================
[2026-06-04 11:26:14.966] [INFO ] [main] TEST START: testLockedOutUser
[2026-06-04 11:26:14.966] [INFO ] [main] ========================================
[2026-06-04 11:26:15.055] [INFO ] [main] New browser context and page created
[2026-06-04 11:26:15.059] [STEP ] [main] >> Navigating to: https://www.saucedemo.com
[2026-06-04 11:26:15.640] [INFO ] [main] Login page loaded
[2026-06-04 11:26:15.641] [INFO ] [main] Attempting login with: locked_out_user (expecting error)
[2026-06-04 11:26:15.641] [STEP ] [main] >> Typing 'locked_out_user' into #user-name
[2026-06-04 11:26:15.680] [STEP ] [main] >> Typing [MASKED] into #password
[2026-06-04 11:26:15.695] [STEP ] [main] >> Clicking: #login-button
[2026-06-04 11:26:15.772] [INFO ] [main] [PASSED] testLockedOutUser
[2026-06-04 11:26:15.774] [INFO ] [main] TEST END: testLockedOutUser => PASSED
[2026-06-04 11:26:15.774] [INFO ] [main] ----------------------------------------
[2026-06-04 11:26:15.781] [DEBUG] [main] Browser context closed
[2026-06-04 11:26:15.784] [INFO ] [main] ========================================
[2026-06-04 11:26:15.785] [INFO ] [main] TEST START: testCloseErrorMessage
[2026-06-04 11:26:15.785] [INFO ] [main] ========================================
[2026-06-04 11:26:15.876] [INFO ] [main] New browser context and page created
[2026-06-04 11:26:15.880] [STEP ] [main] >> Navigating to: https://www.saucedemo.com
[2026-06-04 11:26:16.466] [INFO ] [main] Login page loaded
[2026-06-04 11:26:16.466] [INFO ] [main] Attempting login with:  (expecting error)
[2026-06-04 11:26:16.467] [STEP ] [main] >> Typing '' into #user-name
[2026-06-04 11:26:16.506] [STEP ] [main] >> Typing [MASKED] into #password
[2026-06-04 11:26:16.520] [STEP ] [main] >> Clicking: #login-button
[2026-06-04 11:26:16.582] [STEP ] [main] >> Clicking: .error-button
[2026-06-04 11:26:16.624] [INFO ] [main] [PASSED] testCloseErrorMessage
[2026-06-04 11:26:16.626] [INFO ] [main] TEST END: testCloseErrorMessage => PASSED
[2026-06-04 11:26:16.626] [INFO ] [main] ----------------------------------------
[2026-06-04 11:26:16.632] [DEBUG] [main] Browser context closed
[2026-06-04 11:26:16.634] [INFO ] [main] ========================================
[2026-06-04 11:26:16.635] [INFO ] [main] TEST START: testLogout
[2026-06-04 11:26:16.635] [INFO ] [main] ========================================
[2026-06-04 11:26:16.729] [INFO ] [main] New browser context and page created
[2026-06-04 11:26:16.733] [STEP ] [main] >> Navigating to: https://www.saucedemo.com
[2026-06-04 11:26:17.383] [INFO ] [main] Login page loaded
[2026-06-04 11:26:17.383] [INFO ] [main] Logging in as: standard_user
[2026-06-04 11:26:17.384] [STEP ] [main] >> Typing 'standard_user' into #user-name
[2026-06-04 11:26:17.426] [STEP ] [main] >> Typing [MASKED] into #password
[2026-06-04 11:26:17.441] [STEP ] [main] >> Clicking: #login-button
[2026-06-04 11:26:17.536] [STEP ] [main] >> Logging out
[2026-06-04 11:26:17.537] [STEP ] [main] >> Clicking: #react-burger-menu-btn
[2026-06-04 11:26:17.583] [STEP ] [main] >> Clicking: #logout_sidebar_link
[2026-06-04 11:26:18.522] [INFO ] [main] [PASSED] testLogout
[2026-06-04 11:26:18.524] [INFO ] [main] TEST END: testLogout => PASSED
[2026-06-04 11:26:18.524] [INFO ] [main] ----------------------------------------
[2026-06-04 11:26:18.530] [DEBUG] [main] Browser context closed
[2026-06-04 11:26:18.591] [INFO ] [main] Browser closed
[2026-06-04 11:26:18.592] [INFO ] [main] 
[2026-06-04 11:26:18.592] [INFO ] [main] ==========================================
[2026-06-04 11:26:18.592] [INFO ] [main]          FINAL TEST RESULTS               
[2026-06-04 11:26:18.593] [INFO ] [main] ==========================================
[2026-06-04 11:26:18.593] [INFO ] [main]   Passed  : 16
[2026-06-04 11:26:18.593] [INFO ] [main]   Failed  : 0
[2026-06-04 11:26:18.593] [INFO ] [main]   Skipped : 0
[2026-06-04 11:26:18.594] [INFO ] [main]   Total   : 16
[2026-06-04 11:26:18.594] [INFO ] [main]   Pass Rate: 100.0%
[2026-06-04 11:26:18.596] [INFO ] [main] ==========================================
[2026-06-04 11:26:18.617] [INFO ] [main] Test Suite starting: Products Tests
[2026-06-04 11:26:18.618] [INFO ] [main] Launching browser: chromium | headless: true | slowMotion: 0ms
[2026-06-04 11:26:18.773] [INFO ] [main] chromium browser launched
[2026-06-04 11:26:18.776] [INFO ] [main] ========================================
[2026-06-04 11:26:18.776] [INFO ] [main] TEST START: testProductsPageLoaded
[2026-06-04 11:26:18.776] [INFO ] [main] ========================================
[2026-06-04 11:26:18.915] [INFO ] [main] New browser context and page created
[2026-06-04 11:26:18.917] [STEP ] [main] >> Navigating to: https://www.saucedemo.com
[2026-06-04 11:26:19.579] [INFO ] [main] Login page loaded
[2026-06-04 11:26:19.579] [INFO ] [main] Logging in as: standard_user
[2026-06-04 11:26:19.579] [STEP ] [main] >> Typing 'standard_user' into #user-name
[2026-06-04 11:26:19.618] [STEP ] [main] >> Typing [MASKED] into #password
[2026-06-04 11:26:19.633] [STEP ] [main] >> Clicking: #login-button
[2026-06-04 11:26:19.725] [INFO ] [main] [PASSED] testProductsPageLoaded
[2026-06-04 11:26:19.728] [INFO ] [main] TEST END: testProductsPageLoaded => PASSED
[2026-06-04 11:26:19.728] [INFO ] [main] ----------------------------------------
[2026-06-04 11:26:19.734] [DEBUG] [main] Browser context closed
[2026-06-04 11:26:19.738] [INFO ] [main] ========================================
[2026-06-04 11:26:19.738] [INFO ] [main] TEST START: testProductCount
[2026-06-04 11:26:19.739] [INFO ] [main] ========================================
[2026-06-04 11:26:19.837] [INFO ] [main] New browser context and page created
[2026-06-04 11:26:19.839] [STEP ] [main] >> Navigating to: https://www.saucedemo.com
[2026-06-04 11:26:20.472] [INFO ] [main] Login page loaded
[2026-06-04 11:26:20.473] [INFO ] [main] Logging in as: standard_user
[2026-06-04 11:26:20.474] [STEP ] [main] >> Typing 'standard_user' into #user-name
[2026-06-04 11:26:20.519] [STEP ] [main] >> Typing [MASKED] into #password
[2026-06-04 11:26:20.537] [STEP ] [main] >> Clicking: #login-button
[2026-06-04 11:26:20.626] [INFO ] [main] [PASSED] testProductCount
[2026-06-04 11:26:20.629] [INFO ] [main] TEST END: testProductCount => PASSED
[2026-06-04 11:26:20.629] [INFO ] [main] ----------------------------------------
[2026-06-04 11:26:20.635] [DEBUG] [main] Browser context closed
[2026-06-04 11:26:20.638] [INFO ] [main] ========================================
[2026-06-04 11:26:20.638] [INFO ] [main] TEST START: testProductNamesDisplayed
[2026-06-04 11:26:20.638] [INFO ] [main] ========================================
[2026-06-04 11:26:20.721] [INFO ] [main] New browser context and page created
[2026-06-04 11:26:20.723] [STEP ] [main] >> Navigating to: https://www.saucedemo.com
[2026-06-04 11:26:21.291] [INFO ] [main] Login page loaded
[2026-06-04 11:26:21.292] [INFO ] [main] Logging in as: standard_user
[2026-06-04 11:26:21.292] [STEP ] [main] >> Typing 'standard_user' into #user-name
[2026-06-04 11:26:21.333] [STEP ] [main] >> Typing [MASKED] into #password
[2026-06-04 11:26:21.348] [STEP ] [main] >> Clicking: #login-button
[2026-06-04 11:26:21.464] [INFO ] [main] [PASSED] testProductNamesDisplayed
[2026-06-04 11:26:21.468] [INFO ] [main] TEST END: testProductNamesDisplayed => PASSED
[2026-06-04 11:26:21.469] [INFO ] [main] ----------------------------------------
[2026-06-04 11:26:21.477] [DEBUG] [main] Browser context closed
[2026-06-04 11:26:21.479] [INFO ] [main] ========================================
[2026-06-04 11:26:21.480] [INFO ] [main] TEST START: testProductPricesValid
[2026-06-04 11:26:21.480] [INFO ] [main] ========================================
[2026-06-04 11:26:21.572] [INFO ] [main] New browser context and page created
[2026-06-04 11:26:21.574] [STEP ] [main] >> Navigating to: https://www.saucedemo.com
[2026-06-04 11:26:22.189] [INFO ] [main] Login page loaded
[2026-06-04 11:26:22.190] [INFO ] [main] Logging in as: standard_user
[2026-06-04 11:26:22.190] [STEP ] [main] >> Typing 'standard_user' into #user-name
[2026-06-04 11:26:22.230] [STEP ] [main] >> Typing [MASKED] into #password
[2026-06-04 11:26:22.250] [STEP ] [main] >> Clicking: #login-button
[2026-06-04 11:26:22.359] [INFO ] [main] [PASSED] testProductPricesValid
[2026-06-04 11:26:22.361] [INFO ] [main] TEST END: testProductPricesValid => PASSED
[2026-06-04 11:26:22.361] [INFO ] [main] ----------------------------------------
[2026-06-04 11:26:22.367] [DEBUG] [main] Browser context closed
[2026-06-04 11:26:22.369] [INFO ] [main] ========================================
[2026-06-04 11:26:22.369] [INFO ] [main] TEST START: testSortByNameAZ
[2026-06-04 11:26:22.370] [INFO ] [main] ========================================
[2026-06-04 11:26:22.484] [INFO ] [main] New browser context and page created
[2026-06-04 11:26:22.486] [STEP ] [main] >> Navigating to: https://www.saucedemo.com
[2026-06-04 11:26:23.093] [INFO ] [main] Login page loaded
[2026-06-04 11:26:23.093] [INFO ] [main] Logging in as: standard_user
[2026-06-04 11:26:23.093] [STEP ] [main] >> Typing 'standard_user' into #user-name
[2026-06-04 11:26:23.137] [STEP ] [main] >> Typing [MASKED] into #password
[2026-06-04 11:26:23.155] [STEP ] [main] >> Clicking: #login-button
[2026-06-04 11:26:23.237] [STEP ] [main] >> Sorting: Name (A to Z)
[2026-06-04 11:26:23.237] [STEP ] [main] >> Selecting value 'az' from [data-test='product-sort-container']
[2026-06-04 11:26:23.262] [INFO ] [main] [PASSED] testSortByNameAZ
[2026-06-04 11:26:23.265] [INFO ] [main] TEST END: testSortByNameAZ => PASSED
[2026-06-04 11:26:23.265] [INFO ] [main] ----------------------------------------
[2026-06-04 11:26:23.272] [DEBUG] [main] Browser context closed
[2026-06-04 11:26:23.274] [INFO ] [main] ========================================
[2026-06-04 11:26:23.275] [INFO ] [main] TEST START: testSortByNameZA
[2026-06-04 11:26:23.275] [INFO ] [main] ========================================
[2026-06-04 11:26:23.358] [INFO ] [main] New browser context and page created
[2026-06-04 11:26:23.362] [STEP ] [main] >> Navigating to: https://www.saucedemo.com
[2026-06-04 11:26:24.082] [INFO ] [main] Login page loaded
[2026-06-04 11:26:24.083] [INFO ] [main] Logging in as: standard_user
[2026-06-04 11:26:24.083] [STEP ] [main] >> Typing 'standard_user' into #user-name
[2026-06-04 11:26:24.124] [STEP ] [main] >> Typing [MASKED] into #password
[2026-06-04 11:26:24.141] [STEP ] [main] >> Clicking: #login-button
[2026-06-04 11:26:24.228] [STEP ] [main] >> Sorting: Name (Z to A)
[2026-06-04 11:26:24.228] [STEP ] [main] >> Selecting value 'za' from [data-test='product-sort-container']
[2026-06-04 11:26:24.244] [INFO ] [main] [PASSED] testSortByNameZA
[2026-06-04 11:26:24.246] [INFO ] [main] TEST END: testSortByNameZA => PASSED
[2026-06-04 11:26:24.246] [INFO ] [main] ----------------------------------------
[2026-06-04 11:26:24.252] [DEBUG] [main] Browser context closed
[2026-06-04 11:26:24.254] [INFO ] [main] ========================================
[2026-06-04 11:26:24.255] [INFO ] [main] TEST START: testSortByPriceLowToHigh
[2026-06-04 11:26:24.255] [INFO ] [main] ========================================
[2026-06-04 11:26:24.334] [INFO ] [main] New browser context and page created
[2026-06-04 11:26:24.336] [STEP ] [main] >> Navigating to: https://www.saucedemo.com
[2026-06-04 11:26:24.964] [INFO ] [main] Login page loaded
[2026-06-04 11:26:24.964] [INFO ] [main] Logging in as: standard_user
[2026-06-04 11:26:24.964] [STEP ] [main] >> Typing 'standard_user' into #user-name
[2026-06-04 11:26:25.003] [STEP ] [main] >> Typing [MASKED] into #password
[2026-06-04 11:26:25.018] [STEP ] [main] >> Clicking: #login-button
[2026-06-04 11:26:25.106] [STEP ] [main] >> Sorting: Price (Low to High)
[2026-06-04 11:26:25.107] [STEP ] [main] >> Selecting value 'lohi' from [data-test='product-sort-container']
[2026-06-04 11:26:25.126] [INFO ] [main] [PASSED] testSortByPriceLowToHigh
[2026-06-04 11:26:25.128] [INFO ] [main] TEST END: testSortByPriceLowToHigh => PASSED
[2026-06-04 11:26:25.128] [INFO ] [main] ----------------------------------------
[2026-06-04 11:26:25.134] [DEBUG] [main] Browser context closed
[2026-06-04 11:26:25.137] [INFO ] [main] ========================================
[2026-06-04 11:26:25.137] [INFO ] [main] TEST START: testSortByPriceHighToLow
[2026-06-04 11:26:25.137] [INFO ] [main] ========================================
[2026-06-04 11:26:25.222] [INFO ] [main] New browser context and page created
[2026-06-04 11:26:25.224] [STEP ] [main] >> Navigating to: https://www.saucedemo.com
[2026-06-04 11:26:25.794] [INFO ] [main] Login page loaded
[2026-06-04 11:26:25.795] [INFO ] [main] Logging in as: standard_user
[2026-06-04 11:26:25.795] [STEP ] [main] >> Typing 'standard_user' into #user-name
[2026-06-04 11:26:25.844] [STEP ] [main] >> Typing [MASKED] into #password
[2026-06-04 11:26:25.863] [STEP ] [main] >> Clicking: #login-button
[2026-06-04 11:26:25.949] [STEP ] [main] >> Sorting: Price (High to Low)
[2026-06-04 11:26:25.949] [STEP ] [main] >> Selecting value 'hilo' from [data-test='product-sort-container']
[2026-06-04 11:26:25.993] [INFO ] [main] [PASSED] testSortByPriceHighToLow
[2026-06-04 11:26:25.995] [INFO ] [main] TEST END: testSortByPriceHighToLow => PASSED
[2026-06-04 11:26:25.995] [INFO ] [main] ----------------------------------------
[2026-06-04 11:26:26.002] [DEBUG] [main] Browser context closed
[2026-06-04 11:26:26.005] [INFO ] [main] ========================================
[2026-06-04 11:26:26.005] [INFO ] [main] TEST START: testAddSingleItemToCart
[2026-06-04 11:26:26.005] [INFO ] [main] ========================================
[2026-06-04 11:26:26.111] [INFO ] [main] New browser context and page created
[2026-06-04 11:26:26.114] [STEP ] [main] >> Navigating to: https://www.saucedemo.com
[2026-06-04 11:26:26.744] [INFO ] [main] Login page loaded
[2026-06-04 11:26:26.744] [INFO ] [main] Logging in as: standard_user
[2026-06-04 11:26:26.745] [STEP ] [main] >> Typing 'standard_user' into #user-name
[2026-06-04 11:26:26.793] [STEP ] [main] >> Typing [MASKED] into #password
[2026-06-04 11:26:26.814] [STEP ] [main] >> Clicking: #login-button
[2026-06-04 11:26:26.911] [STEP ] [main] >> Adding to cart: sauce-labs-backpack
[2026-06-04 11:26:26.912] [STEP ] [main] >> Clicking: [data-test='add-to-cart-sauce-labs-backpack']
[2026-06-04 11:26:27.002] [INFO ] [main] [PASSED] testAddSingleItemToCart
[2026-06-04 11:26:27.005] [INFO ] [main] TEST END: testAddSingleItemToCart => PASSED
[2026-06-04 11:26:27.005] [INFO ] [main] ----------------------------------------
[2026-06-04 11:26:27.011] [DEBUG] [main] Browser context closed
[2026-06-04 11:26:27.014] [INFO ] [main] ========================================
[2026-06-04 11:26:27.015] [INFO ] [main] TEST START: testAddMultipleItemsToCart
[2026-06-04 11:26:27.015] [INFO ] [main] ========================================
[2026-06-04 11:26:27.148] [INFO ] [main] New browser context and page created
[2026-06-04 11:26:27.152] [STEP ] [main] >> Navigating to: https://www.saucedemo.com
[2026-06-04 11:26:27.742] [INFO ] [main] Login page loaded
[2026-06-04 11:26:27.744] [INFO ] [main] Logging in as: standard_user
[2026-06-04 11:26:27.744] [STEP ] [main] >> Typing 'standard_user' into #user-name
[2026-06-04 11:26:27.786] [STEP ] [main] >> Typing [MASKED] into #password
[2026-06-04 11:26:27.802] [STEP ] [main] >> Clicking: #login-button
[2026-06-04 11:26:27.894] [STEP ] [main] >> Adding to cart: sauce-labs-backpack
[2026-06-04 11:26:27.895] [STEP ] [main] >> Clicking: [data-test='add-to-cart-sauce-labs-backpack']
[2026-06-04 11:26:27.954] [STEP ] [main] >> Adding to cart: sauce-labs-bike-light
[2026-06-04 11:26:27.954] [STEP ] [main] >> Clicking: [data-test='add-to-cart-sauce-labs-bike-light']
[2026-06-04 11:26:28.005] [STEP ] [main] >> Adding to cart: sauce-labs-bolt-t-shirt
[2026-06-04 11:26:28.005] [STEP ] [main] >> Clicking: [data-test='add-to-cart-sauce-labs-bolt-t-shirt']
[2026-06-04 11:26:28.068] [INFO ] [main] [PASSED] testAddMultipleItemsToCart
[2026-06-04 11:26:28.070] [INFO ] [main] TEST END: testAddMultipleItemsToCart => PASSED
[2026-06-04 11:26:28.070] [INFO ] [main] ----------------------------------------
[2026-06-04 11:26:28.077] [DEBUG] [main] Browser context closed
[2026-06-04 11:26:28.081] [INFO ] [main] ========================================
[2026-06-04 11:26:28.082] [INFO ] [main] TEST START: testAddAllItemsToCart
[2026-06-04 11:26:28.082] [INFO ] [main] ========================================
[2026-06-04 11:26:28.196] [INFO ] [main] New browser context and page created
[2026-06-04 11:26:28.198] [STEP ] [main] >> Navigating to: https://www.saucedemo.com
[2026-06-04 11:26:28.790] [INFO ] [main] Login page loaded
[2026-06-04 11:26:28.791] [INFO ] [main] Logging in as: standard_user
[2026-06-04 11:26:28.791] [STEP ] [main] >> Typing 'standard_user' into #user-name
[2026-06-04 11:26:28.835] [STEP ] [main] >> Typing [MASKED] into #password
[2026-06-04 11:26:28.854] [STEP ] [main] >> Clicking: #login-button
[2026-06-04 11:26:28.948] [STEP ] [main] >> Adding to cart: sauce-labs-backpack
[2026-06-04 11:26:28.948] [STEP ] [main] >> Clicking: [data-test='add-to-cart-sauce-labs-backpack']
[2026-06-04 11:26:29.008] [STEP ] [main] >> Adding to cart: sauce-labs-bike-light
[2026-06-04 11:26:29.009] [STEP ] [main] >> Clicking: [data-test='add-to-cart-sauce-labs-bike-light']
[2026-06-04 11:26:29.056] [STEP ] [main] >> Adding to cart: sauce-labs-bolt-t-shirt
[2026-06-04 11:26:29.056] [STEP ] [main] >> Clicking: [data-test='add-to-cart-sauce-labs-bolt-t-shirt']
[2026-06-04 11:26:29.103] [STEP ] [main] >> Adding to cart: sauce-labs-fleece-jacket
[2026-06-04 11:26:29.104] [STEP ] [main] >> Clicking: [data-test='add-to-cart-sauce-labs-fleece-jacket']
[2026-06-04 11:26:29.154] [STEP ] [main] >> Adding to cart: sauce-labs-onesie
[2026-06-04 11:26:29.154] [STEP ] [main] >> Clicking: [data-test='add-to-cart-sauce-labs-onesie']
[2026-06-04 11:26:29.202] [STEP ] [main] >> Adding to cart: test.allthethings()-t-shirt-(red)
[2026-06-04 11:26:29.203] [STEP ] [main] >> Clicking: [data-test='add-to-cart-test.allthethings()-t-shirt-(red)']
[2026-06-04 11:26:29.262] [INFO ] [main] [PASSED] testAddAllItemsToCart
[2026-06-04 11:26:29.265] [INFO ] [main] TEST END: testAddAllItemsToCart => PASSED
[2026-06-04 11:26:29.265] [INFO ] [main] ----------------------------------------
[2026-06-04 11:26:29.270] [DEBUG] [main] Browser context closed
[2026-06-04 11:26:29.274] [INFO ] [main] ========================================
[2026-06-04 11:26:29.274] [INFO ] [main] TEST START: testRemoveItemFromProductsPage
[2026-06-04 11:26:29.276] [INFO ] [main] ========================================
[2026-06-04 11:26:29.371] [INFO ] [main] New browser context and page created
[2026-06-04 11:26:29.373] [STEP ] [main] >> Navigating to: https://www.saucedemo.com
[2026-06-04 11:26:30.025] [INFO ] [main] Login page loaded
[2026-06-04 11:26:30.025] [INFO ] [main] Logging in as: standard_user
[2026-06-04 11:26:30.025] [STEP ] [main] >> Typing 'standard_user' into #user-name
[2026-06-04 11:26:30.071] [STEP ] [main] >> Typing [MASKED] into #password
[2026-06-04 11:26:30.087] [STEP ] [main] >> Clicking: #login-button
[2026-06-04 11:26:30.192] [STEP ] [main] >> Adding to cart: sauce-labs-backpack
[2026-06-04 11:26:30.192] [STEP ] [main] >> Clicking: [data-test='add-to-cart-sauce-labs-backpack']
[2026-06-04 11:26:30.254] [STEP ] [main] >> Removing from cart: sauce-labs-backpack
[2026-06-04 11:26:30.255] [STEP ] [main] >> Clicking: [data-test='remove-sauce-labs-backpack']
[2026-06-04 11:26:30.291] [INFO ] [main] [PASSED] testRemoveItemFromProductsPage
[2026-06-04 11:26:30.297] [INFO ] [main] TEST END: testRemoveItemFromProductsPage => PASSED
[2026-06-04 11:26:30.298] [INFO ] [main] ----------------------------------------
[2026-06-04 11:26:30.305] [DEBUG] [main] Browser context closed
[2026-06-04 11:26:30.308] [INFO ] [main] ========================================
[2026-06-04 11:26:30.308] [INFO ] [main] TEST START: testAddAndRemoveMultiple
[2026-06-04 11:26:30.308] [INFO ] [main] ========================================
[2026-06-04 11:26:30.434] [INFO ] [main] New browser context and page created
[2026-06-04 11:26:30.437] [STEP ] [main] >> Navigating to: https://www.saucedemo.com
[2026-06-04 11:26:31.056] [INFO ] [main] Login page loaded
[2026-06-04 11:26:31.057] [INFO ] [main] Logging in as: standard_user
[2026-06-04 11:26:31.058] [STEP ] [main] >> Typing 'standard_user' into #user-name
[2026-06-04 11:26:31.104] [STEP ] [main] >> Typing [MASKED] into #password
[2026-06-04 11:26:31.122] [STEP ] [main] >> Clicking: #login-button
[2026-06-04 11:26:31.215] [STEP ] [main] >> Adding to cart: sauce-labs-backpack
[2026-06-04 11:26:31.215] [STEP ] [main] >> Clicking: [data-test='add-to-cart-sauce-labs-backpack']
[2026-06-04 11:26:31.273] [STEP ] [main] >> Adding to cart: sauce-labs-bike-light
[2026-06-04 11:26:31.274] [STEP ] [main] >> Clicking: [data-test='add-to-cart-sauce-labs-bike-light']
[2026-06-04 11:26:31.336] [STEP ] [main] >> Removing from cart: sauce-labs-backpack
[2026-06-04 11:26:31.336] [STEP ] [main] >> Clicking: [data-test='remove-sauce-labs-backpack']
[2026-06-04 11:26:31.412] [INFO ] [main] [PASSED] testAddAndRemoveMultiple
[2026-06-04 11:26:31.416] [INFO ] [main] TEST END: testAddAndRemoveMultiple => PASSED
[2026-06-04 11:26:31.416] [INFO ] [main] ----------------------------------------
[2026-06-04 11:26:31.424] [DEBUG] [main] Browser context closed
[2026-06-04 11:26:31.533] [INFO ] [main] Browser closed
[2026-06-04 11:26:31.533] [INFO ] [main] 
[2026-06-04 11:26:31.533] [INFO ] [main] ==========================================
[2026-06-04 11:26:31.534] [INFO ] [main]          FINAL TEST RESULTS               
[2026-06-04 11:26:31.534] [INFO ] [main] ==========================================
[2026-06-04 11:26:31.534] [INFO ] [main]   Passed  : 29
[2026-06-04 11:26:31.534] [INFO ] [main]   Failed  : 0
[2026-06-04 11:26:31.534] [INFO ] [main]   Skipped : 0
[2026-06-04 11:26:31.535] [INFO ] [main]   Total   : 29
[2026-06-04 11:26:31.535] [INFO ] [main]   Pass Rate: 100.0%
[2026-06-04 11:26:31.535] [INFO ] [main] ==========================================
[2026-06-04 11:26:31.544] [INFO ] [main] Test Suite starting: Cart Tests
[2026-06-04 11:26:31.545] [INFO ] [main] Launching browser: chromium | headless: true | slowMotion: 0ms
[2026-06-04 11:26:31.727] [INFO ] [main] chromium browser launched
[2026-06-04 11:26:31.730] [INFO ] [main] ========================================
[2026-06-04 11:26:31.730] [INFO ] [main] TEST START: testEmptyCartPage
[2026-06-04 11:26:31.730] [INFO ] [main] ========================================
[2026-06-04 11:26:31.880] [INFO ] [main] New browser context and page created
[2026-06-04 11:26:31.883] [STEP ] [main] >> Navigating to: https://www.saucedemo.com
[2026-06-04 11:26:32.543] [INFO ] [main] Login page loaded
[2026-06-04 11:26:32.544] [INFO ] [main] Logging in as: standard_user
[2026-06-04 11:26:32.544] [STEP ] [main] >> Typing 'standard_user' into #user-name
[2026-06-04 11:26:32.592] [STEP ] [main] >> Typing [MASKED] into #password
[2026-06-04 11:26:32.612] [STEP ] [main] >> Clicking: #login-button
[2026-06-04 11:26:32.690] [STEP ] [main] >> Navigating to cart
[2026-06-04 11:26:32.690] [STEP ] [main] >> Clicking: .shopping_cart_link
[2026-06-04 11:26:32.771] [INFO ] [main] [PASSED] testEmptyCartPage
[2026-06-04 11:26:32.773] [INFO ] [main] TEST END: testEmptyCartPage => PASSED
[2026-06-04 11:26:32.773] [INFO ] [main] ----------------------------------------
[2026-06-04 11:26:32.779] [DEBUG] [main] Browser context closed
[2026-06-04 11:26:32.783] [INFO ] [main] ========================================
[2026-06-04 11:26:32.783] [INFO ] [main] TEST START: testSingleItemInCart
[2026-06-04 11:26:32.784] [INFO ] [main] ========================================
[2026-06-04 11:26:32.881] [INFO ] [main] New browser context and page created
[2026-06-04 11:26:32.885] [STEP ] [main] >> Navigating to: https://www.saucedemo.com
[2026-06-04 11:26:33.483] [INFO ] [main] Login page loaded
[2026-06-04 11:26:33.483] [INFO ] [main] Logging in as: standard_user
[2026-06-04 11:26:33.483] [STEP ] [main] >> Typing 'standard_user' into #user-name
[2026-06-04 11:26:33.527] [STEP ] [main] >> Typing [MASKED] into #password
[2026-06-04 11:26:33.547] [STEP ] [main] >> Clicking: #login-button
[2026-06-04 11:26:33.626] [STEP ] [main] >> Adding to cart: sauce-labs-backpack
[2026-06-04 11:26:33.627] [STEP ] [main] >> Clicking: [data-test='add-to-cart-sauce-labs-backpack']
[2026-06-04 11:26:33.677] [STEP ] [main] >> Navigating to cart
[2026-06-04 11:26:33.677] [STEP ] [main] >> Clicking: .shopping_cart_link
[2026-06-04 11:26:33.749] [INFO ] [main] [PASSED] testSingleItemInCart
[2026-06-04 11:26:33.750] [INFO ] [main] TEST END: testSingleItemInCart => PASSED
[2026-06-04 11:26:33.750] [INFO ] [main] ----------------------------------------
[2026-06-04 11:26:33.755] [DEBUG] [main] Browser context closed
[2026-06-04 11:26:33.759] [INFO ] [main] ========================================
[2026-06-04 11:26:33.759] [INFO ] [main] TEST START: testMultipleItemsInCart
[2026-06-04 11:26:33.760] [INFO ] [main] ========================================
[2026-06-04 11:26:33.885] [INFO ] [main] New browser context and page created
[2026-06-04 11:26:33.888] [STEP ] [main] >> Navigating to: https://www.saucedemo.com
[2026-06-04 11:26:34.640] [INFO ] [main] Login page loaded
[2026-06-04 11:26:34.640] [INFO ] [main] Logging in as: standard_user
[2026-06-04 11:26:34.640] [STEP ] [main] >> Typing 'standard_user' into #user-name
[2026-06-04 11:26:34.685] [STEP ] [main] >> Typing [MASKED] into #password
[2026-06-04 11:26:34.704] [STEP ] [main] >> Clicking: #login-button
[2026-06-04 11:26:34.793] [STEP ] [main] >> Adding to cart: sauce-labs-backpack
[2026-06-04 11:26:34.794] [STEP ] [main] >> Clicking: [data-test='add-to-cart-sauce-labs-backpack']
[2026-06-04 11:26:34.841] [STEP ] [main] >> Adding to cart: sauce-labs-bike-light
[2026-06-04 11:26:34.841] [STEP ] [main] >> Clicking: [data-test='add-to-cart-sauce-labs-bike-light']
[2026-06-04 11:26:34.887] [STEP ] [main] >> Adding to cart: sauce-labs-fleece-jacket
[2026-06-04 11:26:34.887] [STEP ] [main] >> Clicking: [data-test='add-to-cart-sauce-labs-fleece-jacket']
[2026-06-04 11:26:34.936] [STEP ] [main] >> Navigating to cart
[2026-06-04 11:26:34.936] [STEP ] [main] >> Clicking: .shopping_cart_link
[2026-06-04 11:26:35.012] [INFO ] [main] [PASSED] testMultipleItemsInCart
[2026-06-04 11:26:35.014] [INFO ] [main] TEST END: testMultipleItemsInCart => PASSED
[2026-06-04 11:26:35.015] [INFO ] [main] ----------------------------------------
[2026-06-04 11:26:35.021] [DEBUG] [main] Browser context closed
[2026-06-04 11:26:35.024] [INFO ] [main] ========================================
[2026-06-04 11:26:35.025] [INFO ] [main] TEST START: testRemoveItemFromCart
[2026-06-04 11:26:35.026] [INFO ] [main] ========================================
[2026-06-04 11:26:35.162] [INFO ] [main] New browser context and page created
[2026-06-04 11:26:35.166] [STEP ] [main] >> Navigating to: https://www.saucedemo.com
[2026-06-04 11:26:35.800] [INFO ] [main] Login page loaded
[2026-06-04 11:26:35.801] [INFO ] [main] Logging in as: standard_user
[2026-06-04 11:26:35.801] [STEP ] [main] >> Typing 'standard_user' into #user-name
[2026-06-04 11:26:35.842] [STEP ] [main] >> Typing [MASKED] into #password
[2026-06-04 11:26:35.858] [STEP ] [main] >> Clicking: #login-button
[2026-06-04 11:26:35.933] [STEP ] [main] >> Adding to cart: sauce-labs-backpack
[2026-06-04 11:26:35.933] [STEP ] [main] >> Clicking: [data-test='add-to-cart-sauce-labs-backpack']
[2026-06-04 11:26:35.986] [STEP ] [main] >> Adding to cart: sauce-labs-bike-light
[2026-06-04 11:26:35.986] [STEP ] [main] >> Clicking: [data-test='add-to-cart-sauce-labs-bike-light']
[2026-06-04 11:26:36.019] [STEP ] [main] >> Navigating to cart
[2026-06-04 11:26:36.020] [STEP ] [main] >> Clicking: .shopping_cart_link
[2026-06-04 11:26:36.087] [STEP ] [main] >> Removing item from cart: sauce-labs-backpack
[2026-06-04 11:26:36.087] [STEP ] [main] >> Clicking: [data-test='remove-sauce-labs-backpack']
[2026-06-04 11:26:36.145] [INFO ] [main] [PASSED] testRemoveItemFromCart
[2026-06-04 11:26:36.152] [INFO ] [main] TEST END: testRemoveItemFromCart => PASSED
[2026-06-04 11:26:36.153] [INFO ] [main] ----------------------------------------
[2026-06-04 11:26:36.160] [DEBUG] [main] Browser context closed
[2026-06-04 11:26:36.160] [INFO ] [main] ========================================
[2026-06-04 11:26:36.160] [INFO ] [main] TEST START: testRemoveAllItemsFromCart
[2026-06-04 11:26:36.160] [INFO ] [main] ========================================
[2026-06-04 11:26:36.284] [INFO ] [main] New browser context and page created
[2026-06-04 11:26:36.288] [STEP ] [main] >> Navigating to: https://www.saucedemo.com
[2026-06-04 11:26:36.859] [INFO ] [main] Login page loaded
[2026-06-04 11:26:36.860] [INFO ] [main] Logging in as: standard_user
[2026-06-04 11:26:36.860] [STEP ] [main] >> Typing 'standard_user' into #user-name
[2026-06-04 11:26:36.899] [STEP ] [main] >> Typing [MASKED] into #password
[2026-06-04 11:26:36.914] [STEP ] [main] >> Clicking: #login-button
[2026-06-04 11:26:36.987] [STEP ] [main] >> Adding to cart: sauce-labs-backpack
[2026-06-04 11:26:36.987] [STEP ] [main] >> Clicking: [data-test='add-to-cart-sauce-labs-backpack']
[2026-06-04 11:26:37.040] [STEP ] [main] >> Adding to cart: sauce-labs-bike-light
[2026-06-04 11:26:37.040] [STEP ] [main] >> Clicking: [data-test='add-to-cart-sauce-labs-bike-light']
[2026-06-04 11:26:37.090] [STEP ] [main] >> Navigating to cart
[2026-06-04 11:26:37.090] [STEP ] [main] >> Clicking: .shopping_cart_link
[2026-06-04 11:26:37.147] [STEP ] [main] >> Removing item from cart: sauce-labs-backpack
[2026-06-04 11:26:37.147] [STEP ] [main] >> Clicking: [data-test='remove-sauce-labs-backpack']
[2026-06-04 11:26:37.185] [STEP ] [main] >> Removing item from cart: sauce-labs-bike-light
[2026-06-04 11:26:37.185] [STEP ] [main] >> Clicking: [data-test='remove-sauce-labs-bike-light']
[2026-06-04 11:26:37.250] [INFO ] [main] [PASSED] testRemoveAllItemsFromCart
[2026-06-04 11:26:37.254] [INFO ] [main] TEST END: testRemoveAllItemsFromCart => PASSED
[2026-06-04 11:26:37.254] [INFO ] [main] ----------------------------------------
[2026-06-04 11:26:37.263] [DEBUG] [main] Browser context closed
[2026-06-04 11:26:37.273] [INFO ] [main] ========================================
[2026-06-04 11:26:37.274] [INFO ] [main] TEST START: testContinueShopping
[2026-06-04 11:26:37.274] [INFO ] [main] ========================================
[2026-06-04 11:26:37.402] [INFO ] [main] New browser context and page created
[2026-06-04 11:26:37.404] [STEP ] [main] >> Navigating to: https://www.saucedemo.com
[2026-06-04 11:26:38.009] [INFO ] [main] Login page loaded
[2026-06-04 11:26:38.009] [INFO ] [main] Logging in as: standard_user
[2026-06-04 11:26:38.009] [STEP ] [main] >> Typing 'standard_user' into #user-name
[2026-06-04 11:26:38.049] [STEP ] [main] >> Typing [MASKED] into #password
[2026-06-04 11:26:38.063] [STEP ] [main] >> Clicking: #login-button
[2026-06-04 11:26:38.135] [STEP ] [main] >> Adding to cart: sauce-labs-backpack
[2026-06-04 11:26:38.135] [STEP ] [main] >> Clicking: [data-test='add-to-cart-sauce-labs-backpack']
[2026-06-04 11:26:38.188] [STEP ] [main] >> Navigating to cart
[2026-06-04 11:26:38.189] [STEP ] [main] >> Clicking: .shopping_cart_link
[2026-06-04 11:26:38.248] [STEP ] [main] >> Continuing shopping
[2026-06-04 11:26:38.248] [STEP ] [main] >> Clicking: [data-test='continue-shopping']
[2026-06-04 11:26:38.331] [INFO ] [main] [PASSED] testContinueShopping
[2026-06-04 11:26:38.333] [INFO ] [main] TEST END: testContinueShopping => PASSED
[2026-06-04 11:26:38.333] [INFO ] [main] ----------------------------------------
[2026-06-04 11:26:38.338] [DEBUG] [main] Browser context closed
[2026-06-04 11:26:38.341] [INFO ] [main] ========================================
[2026-06-04 11:26:38.341] [INFO ] [main] TEST START: testProceedToCheckout
[2026-06-04 11:26:38.341] [INFO ] [main] ========================================
[2026-06-04 11:26:38.437] [INFO ] [main] New browser context and page created
[2026-06-04 11:26:38.440] [STEP ] [main] >> Navigating to: https://www.saucedemo.com
[2026-06-04 11:26:39.049] [INFO ] [main] Login page loaded
[2026-06-04 11:26:39.049] [INFO ] [main] Logging in as: standard_user
[2026-06-04 11:26:39.049] [STEP ] [main] >> Typing 'standard_user' into #user-name
[2026-06-04 11:26:39.091] [STEP ] [main] >> Typing [MASKED] into #password
[2026-06-04 11:26:39.113] [STEP ] [main] >> Clicking: #login-button
[2026-06-04 11:26:39.211] [STEP ] [main] >> Adding to cart: sauce-labs-backpack
[2026-06-04 11:26:39.212] [STEP ] [main] >> Clicking: [data-test='add-to-cart-sauce-labs-backpack']
[2026-06-04 11:26:39.268] [STEP ] [main] >> Navigating to cart
[2026-06-04 11:26:39.268] [STEP ] [main] >> Clicking: .shopping_cart_link
[2026-06-04 11:26:39.330] [STEP ] [main] >> Proceeding to checkout
[2026-06-04 11:26:39.331] [STEP ] [main] >> Clicking: [data-test='checkout']
[2026-06-04 11:26:39.423] [INFO ] [main] [PASSED] testProceedToCheckout
[2026-06-04 11:26:39.425] [INFO ] [main] TEST END: testProceedToCheckout => PASSED
[2026-06-04 11:26:39.425] [INFO ] [main] ----------------------------------------
[2026-06-04 11:26:39.430] [DEBUG] [main] Browser context closed
[2026-06-04 11:26:39.504] [INFO ] [main] Browser closed
[2026-06-04 11:26:39.505] [INFO ] [main] 
[2026-06-04 11:26:39.505] [INFO ] [main] ==========================================
[2026-06-04 11:26:39.505] [INFO ] [main]          FINAL TEST RESULTS               
[2026-06-04 11:26:39.505] [INFO ] [main] ==========================================
[2026-06-04 11:26:39.505] [INFO ] [main]   Passed  : 36
[2026-06-04 11:26:39.505] [INFO ] [main]   Failed  : 0
[2026-06-04 11:26:39.506] [INFO ] [main]   Skipped : 0
[2026-06-04 11:26:39.506] [INFO ] [main]   Total   : 36
[2026-06-04 11:26:39.506] [INFO ] [main]   Pass Rate: 100.0%
[2026-06-04 11:26:39.506] [INFO ] [main] ==========================================
[2026-06-04 11:26:39.510] [INFO ] [main] Test Suite starting: Checkout Tests
[2026-06-04 11:26:39.511] [INFO ] [main] Launching browser: chromium | headless: true | slowMotion: 0ms
[2026-06-04 11:26:39.701] [INFO ] [main] chromium browser launched
[2026-06-04 11:26:39.704] [INFO ] [main] ========================================
[2026-06-04 11:26:39.704] [INFO ] [main] TEST START: testCheckoutStepOneLoads
[2026-06-04 11:26:39.704] [INFO ] [main] ========================================
[2026-06-04 11:26:39.860] [INFO ] [main] New browser context and page created
[2026-06-04 11:26:39.864] [STEP ] [main] >> Navigating to: https://www.saucedemo.com
[2026-06-04 11:26:40.460] [INFO ] [main] Login page loaded
[2026-06-04 11:26:40.460] [INFO ] [main] Logging in as: standard_user
[2026-06-04 11:26:40.460] [STEP ] [main] >> Typing 'standard_user' into #user-name
[2026-06-04 11:26:40.500] [STEP ] [main] >> Typing [MASKED] into #password
[2026-06-04 11:26:40.519] [STEP ] [main] >> Clicking: #login-button
[2026-06-04 11:26:40.608] [STEP ] [main] >> Adding to cart: sauce-labs-backpack
[2026-06-04 11:26:40.609] [STEP ] [main] >> Clicking: [data-test='add-to-cart-sauce-labs-backpack']
[2026-06-04 11:26:40.664] [STEP ] [main] >> Navigating to cart
[2026-06-04 11:26:40.664] [STEP ] [main] >> Clicking: .shopping_cart_link
[2026-06-04 11:26:40.711] [STEP ] [main] >> Proceeding to checkout
[2026-06-04 11:26:40.711] [STEP ] [main] >> Clicking: [data-test='checkout']
[2026-06-04 11:26:40.781] [INFO ] [main] [PASSED] testCheckoutStepOneLoads
[2026-06-04 11:26:40.793] [INFO ] [main] TEST END: testCheckoutStepOneLoads => PASSED
[2026-06-04 11:26:40.793] [INFO ] [main] ----------------------------------------
[2026-06-04 11:26:40.801] [DEBUG] [main] Browser context closed
[2026-06-04 11:26:40.805] [INFO ] [main] ========================================
[2026-06-04 11:26:40.805] [INFO ] [main] TEST START: testValidCheckoutInfo
[2026-06-04 11:26:40.806] [INFO ] [main] ========================================
[2026-06-04 11:26:40.928] [INFO ] [main] New browser context and page created
[2026-06-04 11:26:40.931] [STEP ] [main] >> Navigating to: https://www.saucedemo.com
[2026-06-04 11:26:41.552] [INFO ] [main] Login page loaded
[2026-06-04 11:26:41.553] [INFO ] [main] Logging in as: standard_user
[2026-06-04 11:26:41.553] [STEP ] [main] >> Typing 'standard_user' into #user-name
[2026-06-04 11:26:41.592] [STEP ] [main] >> Typing [MASKED] into #password
[2026-06-04 11:26:41.607] [STEP ] [main] >> Clicking: #login-button
[2026-06-04 11:26:41.689] [STEP ] [main] >> Adding to cart: sauce-labs-backpack
[2026-06-04 11:26:41.690] [STEP ] [main] >> Clicking: [data-test='add-to-cart-sauce-labs-backpack']
[2026-06-04 11:26:41.749] [STEP ] [main] >> Navigating to cart
[2026-06-04 11:26:41.750] [STEP ] [main] >> Clicking: .shopping_cart_link
[2026-06-04 11:26:41.809] [STEP ] [main] >> Proceeding to checkout
[2026-06-04 11:26:41.809] [STEP ] [main] >> Clicking: [data-test='checkout']
[2026-06-04 11:26:41.857] [STEP ] [main] >> Typing 'John' into [data-test='firstName']
[2026-06-04 11:26:41.873] [STEP ] [main] >> Typing 'Doe' into [data-test='lastName']
[2026-06-04 11:26:41.888] [STEP ] [main] >> Typing '10001' into [data-test='postalCode']
[2026-06-04 11:26:41.904] [STEP ] [main] >> Clicking: [data-test='continue']
[2026-06-04 11:26:41.986] [INFO ] [main] [PASSED] testValidCheckoutInfo
[2026-06-04 11:26:41.988] [INFO ] [main] TEST END: testValidCheckoutInfo => PASSED
[2026-06-04 11:26:41.988] [INFO ] [main] ----------------------------------------
[2026-06-04 11:26:41.994] [DEBUG] [main] Browser context closed
[2026-06-04 11:26:41.996] [INFO ] [main] ========================================
[2026-06-04 11:26:41.997] [INFO ] [main] TEST START: testValidCheckoutInfo
[2026-06-04 11:26:41.997] [INFO ] [main] ========================================
[2026-06-04 11:26:42.124] [INFO ] [main] New browser context and page created
[2026-06-04 11:26:42.127] [STEP ] [main] >> Navigating to: https://www.saucedemo.com
[2026-06-04 11:26:42.747] [INFO ] [main] Login page loaded
[2026-06-04 11:26:42.747] [INFO ] [main] Logging in as: standard_user
[2026-06-04 11:26:42.749] [STEP ] [main] >> Typing 'standard_user' into #user-name
[2026-06-04 11:26:42.788] [STEP ] [main] >> Typing [MASKED] into #password
[2026-06-04 11:26:42.803] [STEP ] [main] >> Clicking: #login-button
[2026-06-04 11:26:42.883] [STEP ] [main] >> Adding to cart: sauce-labs-backpack
[2026-06-04 11:26:42.883] [STEP ] [main] >> Clicking: [data-test='add-to-cart-sauce-labs-backpack']
[2026-06-04 11:26:42.935] [STEP ] [main] >> Navigating to cart
[2026-06-04 11:26:42.935] [STEP ] [main] >> Clicking: .shopping_cart_link
[2026-06-04 11:26:42.991] [STEP ] [main] >> Proceeding to checkout
[2026-06-04 11:26:42.991] [STEP ] [main] >> Clicking: [data-test='checkout']
[2026-06-04 11:26:43.041] [STEP ] [main] >> Typing 'Jane' into [data-test='firstName']
[2026-06-04 11:26:43.059] [STEP ] [main] >> Typing 'Smith' into [data-test='lastName']
[2026-06-04 11:26:43.079] [STEP ] [main] >> Typing '90210' into [data-test='postalCode']
[2026-06-04 11:26:43.096] [STEP ] [main] >> Clicking: [data-test='continue']
[2026-06-04 11:26:43.162] [INFO ] [main] [PASSED] testValidCheckoutInfo
[2026-06-04 11:26:43.164] [INFO ] [main] TEST END: testValidCheckoutInfo => PASSED
[2026-06-04 11:26:43.164] [INFO ] [main] ----------------------------------------
[2026-06-04 11:26:43.171] [DEBUG] [main] Browser context closed
[2026-06-04 11:26:43.173] [INFO ] [main] ========================================
[2026-06-04 11:26:43.174] [INFO ] [main] TEST START: testValidCheckoutInfo
[2026-06-04 11:26:43.174] [INFO ] [main] ========================================
[2026-06-04 11:26:43.301] [INFO ] [main] New browser context and page created
[2026-06-04 11:26:43.304] [STEP ] [main] >> Navigating to: https://www.saucedemo.com
[2026-06-04 11:26:43.853] [INFO ] [main] Login page loaded
[2026-06-04 11:26:43.854] [INFO ] [main] Logging in as: standard_user
[2026-06-04 11:26:43.854] [STEP ] [main] >> Typing 'standard_user' into #user-name
[2026-06-04 11:26:43.892] [STEP ] [main] >> Typing [MASKED] into #password
[2026-06-04 11:26:43.910] [STEP ] [main] >> Clicking: #login-button
[2026-06-04 11:26:43.989] [STEP ] [main] >> Adding to cart: sauce-labs-backpack
[2026-06-04 11:26:43.989] [STEP ] [main] >> Clicking: [data-test='add-to-cart-sauce-labs-backpack']
[2026-06-04 11:26:44.040] [STEP ] [main] >> Navigating to cart
[2026-06-04 11:26:44.040] [STEP ] [main] >> Clicking: .shopping_cart_link
[2026-06-04 11:26:44.096] [STEP ] [main] >> Proceeding to checkout
[2026-06-04 11:26:44.097] [STEP ] [main] >> Clicking: [data-test='checkout']
[2026-06-04 11:26:44.141] [STEP ] [main] >> Typing 'Alex' into [data-test='firstName']
[2026-06-04 11:26:44.157] [STEP ] [main] >> Typing 'Brown' into [data-test='lastName']
[2026-06-04 11:26:44.175] [STEP ] [main] >> Typing '60601' into [data-test='postalCode']
[2026-06-04 11:26:44.196] [STEP ] [main] >> Clicking: [data-test='continue']
[2026-06-04 11:26:44.257] [INFO ] [main] [PASSED] testValidCheckoutInfo
[2026-06-04 11:26:44.258] [INFO ] [main] TEST END: testValidCheckoutInfo => PASSED
[2026-06-04 11:26:44.259] [INFO ] [main] ----------------------------------------
[2026-06-04 11:26:44.263] [DEBUG] [main] Browser context closed
[2026-06-04 11:26:44.266] [INFO ] [main] ========================================
[2026-06-04 11:26:44.266] [INFO ] [main] TEST START: testInvalidCheckoutInfo
[2026-06-04 11:26:44.267] [INFO ] [main] ========================================
[2026-06-04 11:26:44.376] [INFO ] [main] New browser context and page created
[2026-06-04 11:26:44.382] [STEP ] [main] >> Navigating to: https://www.saucedemo.com
[2026-06-04 11:26:45.012] [INFO ] [main] Login page loaded
[2026-06-04 11:26:45.012] [INFO ] [main] Logging in as: standard_user
[2026-06-04 11:26:45.013] [STEP ] [main] >> Typing 'standard_user' into #user-name
[2026-06-04 11:26:45.051] [STEP ] [main] >> Typing [MASKED] into #password
[2026-06-04 11:26:45.065] [STEP ] [main] >> Clicking: #login-button
[2026-06-04 11:26:45.139] [STEP ] [main] >> Adding to cart: sauce-labs-backpack
[2026-06-04 11:26:45.140] [STEP ] [main] >> Clicking: [data-test='add-to-cart-sauce-labs-backpack']
[2026-06-04 11:26:45.196] [STEP ] [main] >> Navigating to cart
[2026-06-04 11:26:45.196] [STEP ] [main] >> Clicking: .shopping_cart_link
[2026-06-04 11:26:45.246] [STEP ] [main] >> Proceeding to checkout
[2026-06-04 11:26:45.247] [STEP ] [main] >> Clicking: [data-test='checkout']
[2026-06-04 11:26:45.305] [STEP ] [main] >> Typing '' into [data-test='firstName']
[2026-06-04 11:26:45.321] [STEP ] [main] >> Typing 'Doe' into [data-test='lastName']
[2026-06-04 11:26:45.337] [STEP ] [main] >> Typing '10001' into [data-test='postalCode']
[2026-06-04 11:26:45.353] [STEP ] [main] >> Clicking: [data-test='continue']
[2026-06-04 11:26:45.423] [INFO ] [main] [PASSED] testInvalidCheckoutInfo
[2026-06-04 11:26:45.426] [INFO ] [main] TEST END: testInvalidCheckoutInfo => PASSED
[2026-06-04 11:26:45.426] [INFO ] [main] ----------------------------------------
[2026-06-04 11:26:45.433] [DEBUG] [main] Browser context closed
[2026-06-04 11:26:45.435] [INFO ] [main] ========================================
[2026-06-04 11:26:45.435] [INFO ] [main] TEST START: testInvalidCheckoutInfo
[2026-06-04 11:26:45.436] [INFO ] [main] ========================================
[2026-06-04 11:26:45.542] [INFO ] [main] New browser context and page created
[2026-06-04 11:26:45.546] [STEP ] [main] >> Navigating to: https://www.saucedemo.com
[2026-06-04 11:26:46.167] [INFO ] [main] Login page loaded
[2026-06-04 11:26:46.167] [INFO ] [main] Logging in as: standard_user
[2026-06-04 11:26:46.168] [STEP ] [main] >> Typing 'standard_user' into #user-name
[2026-06-04 11:26:46.209] [STEP ] [main] >> Typing [MASKED] into #password
[2026-06-04 11:26:46.229] [STEP ] [main] >> Clicking: #login-button
[2026-06-04 11:26:46.334] [STEP ] [main] >> Adding to cart: sauce-labs-backpack
[2026-06-04 11:26:46.335] [STEP ] [main] >> Clicking: [data-test='add-to-cart-sauce-labs-backpack']
[2026-06-04 11:26:46.389] [STEP ] [main] >> Navigating to cart
[2026-06-04 11:26:46.389] [STEP ] [main] >> Clicking: .shopping_cart_link
[2026-06-04 11:26:46.447] [STEP ] [main] >> Proceeding to checkout
[2026-06-04 11:26:46.448] [STEP ] [main] >> Clicking: [data-test='checkout']
[2026-06-04 11:26:46.513] [STEP ] [main] >> Typing 'John' into [data-test='firstName']
[2026-06-04 11:26:46.530] [STEP ] [main] >> Typing '' into [data-test='lastName']
[2026-06-04 11:26:46.542] [STEP ] [main] >> Typing '10001' into [data-test='postalCode']
[2026-06-04 11:26:46.560] [STEP ] [main] >> Clicking: [data-test='continue']
[2026-06-04 11:26:46.616] [INFO ] [main] [PASSED] testInvalidCheckoutInfo
[2026-06-04 11:26:46.619] [INFO ] [main] TEST END: testInvalidCheckoutInfo => PASSED
[2026-06-04 11:26:46.619] [INFO ] [main] ----------------------------------------
[2026-06-04 11:26:46.624] [DEBUG] [main] Browser context closed
[2026-06-04 11:26:46.624] [INFO ] [main] ========================================
[2026-06-04 11:26:46.624] [INFO ] [main] TEST START: testInvalidCheckoutInfo
[2026-06-04 11:26:46.624] [INFO ] [main] ========================================
[2026-06-04 11:26:46.718] [INFO ] [main] New browser context and page created
[2026-06-04 11:26:46.720] [STEP ] [main] >> Navigating to: https://www.saucedemo.com
[2026-06-04 11:26:47.292] [INFO ] [main] Login page loaded
[2026-06-04 11:26:47.293] [INFO ] [main] Logging in as: standard_user
[2026-06-04 11:26:47.294] [STEP ] [main] >> Typing 'standard_user' into #user-name
[2026-06-04 11:26:47.346] [STEP ] [main] >> Typing [MASKED] into #password
[2026-06-04 11:26:47.364] [STEP ] [main] >> Clicking: #login-button
[2026-06-04 11:26:47.444] [STEP ] [main] >> Adding to cart: sauce-labs-backpack
[2026-06-04 11:26:47.445] [STEP ] [main] >> Clicking: [data-test='add-to-cart-sauce-labs-backpack']
[2026-06-04 11:26:47.495] [STEP ] [main] >> Navigating to cart
[2026-06-04 11:26:47.495] [STEP ] [main] >> Clicking: .shopping_cart_link
[2026-06-04 11:26:47.551] [STEP ] [main] >> Proceeding to checkout
[2026-06-04 11:26:47.551] [STEP ] [main] >> Clicking: [data-test='checkout']
[2026-06-04 11:26:47.613] [STEP ] [main] >> Typing 'John' into [data-test='firstName']
[2026-06-04 11:26:47.637] [STEP ] [main] >> Typing 'Doe' into [data-test='lastName']
[2026-06-04 11:26:47.659] [STEP ] [main] >> Typing '' into [data-test='postalCode']
[2026-06-04 11:26:47.676] [STEP ] [main] >> Clicking: [data-test='continue']
[2026-06-04 11:26:47.739] [INFO ] [main] [PASSED] testInvalidCheckoutInfo
[2026-06-04 11:26:47.741] [INFO ] [main] TEST END: testInvalidCheckoutInfo => PASSED
[2026-06-04 11:26:47.741] [INFO ] [main] ----------------------------------------
[2026-06-04 11:26:47.747] [DEBUG] [main] Browser context closed
[2026-06-04 11:26:47.749] [INFO ] [main] ========================================
[2026-06-04 11:26:47.750] [INFO ] [main] TEST START: testAllFieldsEmpty
[2026-06-04 11:26:47.750] [INFO ] [main] ========================================
[2026-06-04 11:26:47.854] [INFO ] [main] New browser context and page created
[2026-06-04 11:26:47.858] [STEP ] [main] >> Navigating to: https://www.saucedemo.com
[2026-06-04 11:26:48.589] [INFO ] [main] Login page loaded
[2026-06-04 11:26:48.590] [INFO ] [main] Logging in as: standard_user
[2026-06-04 11:26:48.590] [STEP ] [main] >> Typing 'standard_user' into #user-name
[2026-06-04 11:26:48.630] [STEP ] [main] >> Typing [MASKED] into #password
[2026-06-04 11:26:48.646] [STEP ] [main] >> Clicking: #login-button
[2026-06-04 11:26:48.733] [STEP ] [main] >> Adding to cart: sauce-labs-backpack
[2026-06-04 11:26:48.733] [STEP ] [main] >> Clicking: [data-test='add-to-cart-sauce-labs-backpack']
[2026-06-04 11:26:48.786] [STEP ] [main] >> Navigating to cart
[2026-06-04 11:26:48.786] [STEP ] [main] >> Clicking: .shopping_cart_link
[2026-06-04 11:26:48.840] [STEP ] [main] >> Proceeding to checkout
[2026-06-04 11:26:48.841] [STEP ] [main] >> Clicking: [data-test='checkout']
[2026-06-04 11:26:48.890] [STEP ] [main] >> Clicking: [data-test='continue']
[2026-06-04 11:26:48.951] [INFO ] [main] [PASSED] testAllFieldsEmpty
[2026-06-04 11:26:48.952] [INFO ] [main] TEST END: testAllFieldsEmpty => PASSED
[2026-06-04 11:26:48.952] [INFO ] [main] ----------------------------------------
[2026-06-04 11:26:48.957] [DEBUG] [main] Browser context closed
[2026-06-04 11:26:48.960] [INFO ] [main] ========================================
[2026-06-04 11:26:48.960] [INFO ] [main] TEST START: testCancelOnStepOne
[2026-06-04 11:26:48.960] [INFO ] [main] ========================================
[2026-06-04 11:26:49.090] [INFO ] [main] New browser context and page created
[2026-06-04 11:26:49.094] [STEP ] [main] >> Navigating to: https://www.saucedemo.com
[2026-06-04 11:26:49.684] [INFO ] [main] Login page loaded
[2026-06-04 11:26:49.684] [INFO ] [main] Logging in as: standard_user
[2026-06-04 11:26:49.684] [STEP ] [main] >> Typing 'standard_user' into #user-name
[2026-06-04 11:26:49.724] [STEP ] [main] >> Typing [MASKED] into #password
[2026-06-04 11:26:49.740] [STEP ] [main] >> Clicking: #login-button
[2026-06-04 11:26:49.830] [STEP ] [main] >> Adding to cart: sauce-labs-backpack
[2026-06-04 11:26:49.830] [STEP ] [main] >> Clicking: [data-test='add-to-cart-sauce-labs-backpack']
[2026-06-04 11:26:49.873] [STEP ] [main] >> Navigating to cart
[2026-06-04 11:26:49.874] [STEP ] [main] >> Clicking: .shopping_cart_link
[2026-06-04 11:26:49.927] [STEP ] [main] >> Proceeding to checkout
[2026-06-04 11:26:49.927] [STEP ] [main] >> Clicking: [data-test='checkout']
[2026-06-04 11:26:49.981] [STEP ] [main] >> Clicking: [data-test='cancel']
[2026-06-04 11:26:50.073] [INFO ] [main] [PASSED] testCancelOnStepOne
[2026-06-04 11:26:50.076] [INFO ] [main] TEST END: testCancelOnStepOne => PASSED
[2026-06-04 11:26:50.076] [INFO ] [main] ----------------------------------------
[2026-06-04 11:26:50.082] [DEBUG] [main] Browser context closed
[2026-06-04 11:26:50.084] [INFO ] [main] ========================================
[2026-06-04 11:26:50.084] [INFO ] [main] TEST START: testOverviewShowsSingleItem
[2026-06-04 11:26:50.085] [INFO ] [main] ========================================
[2026-06-04 11:26:50.202] [INFO ] [main] New browser context and page created
[2026-06-04 11:26:50.205] [STEP ] [main] >> Navigating to: https://www.saucedemo.com
[2026-06-04 11:26:50.775] [INFO ] [main] Login page loaded
[2026-06-04 11:26:50.776] [INFO ] [main] Logging in as: standard_user
[2026-06-04 11:26:50.776] [STEP ] [main] >> Typing 'standard_user' into #user-name
[2026-06-04 11:26:50.822] [STEP ] [main] >> Typing [MASKED] into #password
[2026-06-04 11:26:50.838] [STEP ] [main] >> Clicking: #login-button
[2026-06-04 11:26:50.924] [STEP ] [main] >> Adding to cart: sauce-labs-backpack
[2026-06-04 11:26:50.924] [STEP ] [main] >> Clicking: [data-test='add-to-cart-sauce-labs-backpack']
[2026-06-04 11:26:50.968] [STEP ] [main] >> Navigating to cart
[2026-06-04 11:26:50.969] [STEP ] [main] >> Clicking: .shopping_cart_link
[2026-06-04 11:26:51.029] [STEP ] [main] >> Proceeding to checkout
[2026-06-04 11:26:51.029] [STEP ] [main] >> Clicking: [data-test='checkout']
[2026-06-04 11:26:51.075] [STEP ] [main] >> Typing 'John' into [data-test='firstName']
[2026-06-04 11:26:51.097] [STEP ] [main] >> Typing 'Doe' into [data-test='lastName']
[2026-06-04 11:26:51.119] [STEP ] [main] >> Typing '12345' into [data-test='postalCode']
[2026-06-04 11:26:51.137] [STEP ] [main] >> Clicking: [data-test='continue']
[2026-06-04 11:26:51.220] [INFO ] [main] [PASSED] testOverviewShowsSingleItem
[2026-06-04 11:26:51.222] [INFO ] [main] TEST END: testOverviewShowsSingleItem => PASSED
[2026-06-04 11:26:51.222] [INFO ] [main] ----------------------------------------
[2026-06-04 11:26:51.228] [DEBUG] [main] Browser context closed
[2026-06-04 11:26:51.232] [INFO ] [main] ========================================
[2026-06-04 11:26:51.232] [INFO ] [main] TEST START: testOverviewShowsMultipleItems
[2026-06-04 11:26:51.232] [INFO ] [main] ========================================
[2026-06-04 11:26:51.363] [INFO ] [main] New browser context and page created
[2026-06-04 11:26:51.366] [STEP ] [main] >> Navigating to: https://www.saucedemo.com
[2026-06-04 11:26:51.941] [INFO ] [main] Login page loaded
[2026-06-04 11:26:51.941] [INFO ] [main] Logging in as: standard_user
[2026-06-04 11:26:51.942] [STEP ] [main] >> Typing 'standard_user' into #user-name
[2026-06-04 11:26:51.979] [STEP ] [main] >> Typing [MASKED] into #password
[2026-06-04 11:26:51.992] [STEP ] [main] >> Clicking: #login-button
[2026-06-04 11:26:52.065] [STEP ] [main] >> Adding to cart: sauce-labs-backpack
[2026-06-04 11:26:52.065] [STEP ] [main] >> Clicking: [data-test='add-to-cart-sauce-labs-backpack']
[2026-06-04 11:26:52.120] [STEP ] [main] >> Adding to cart: sauce-labs-bike-light
[2026-06-04 11:26:52.120] [STEP ] [main] >> Clicking: [data-test='add-to-cart-sauce-labs-bike-light']
[2026-06-04 11:26:52.169] [STEP ] [main] >> Adding to cart: sauce-labs-onesie
[2026-06-04 11:26:52.170] [STEP ] [main] >> Clicking: [data-test='add-to-cart-sauce-labs-onesie']
[2026-06-04 11:26:52.217] [STEP ] [main] >> Navigating to cart
[2026-06-04 11:26:52.217] [STEP ] [main] >> Clicking: .shopping_cart_link
[2026-06-04 11:26:52.277] [STEP ] [main] >> Proceeding to checkout
[2026-06-04 11:26:52.277] [STEP ] [main] >> Clicking: [data-test='checkout']
[2026-06-04 11:26:52.328] [STEP ] [main] >> Typing 'Jane' into [data-test='firstName']
[2026-06-04 11:26:52.348] [STEP ] [main] >> Typing 'Smith' into [data-test='lastName']
[2026-06-04 11:26:52.362] [STEP ] [main] >> Typing '54321' into [data-test='postalCode']
[2026-06-04 11:26:52.378] [STEP ] [main] >> Clicking: [data-test='continue']
[2026-06-04 11:26:52.442] [INFO ] [main] [PASSED] testOverviewShowsMultipleItems
[2026-06-04 11:26:52.444] [INFO ] [main] TEST END: testOverviewShowsMultipleItems => PASSED
[2026-06-04 11:26:52.444] [INFO ] [main] ----------------------------------------
[2026-06-04 11:26:52.451] [DEBUG] [main] Browser context closed
[2026-06-04 11:26:52.451] [INFO ] [main] ========================================
[2026-06-04 11:26:52.451] [INFO ] [main] TEST START: testSubtotalSingleItem
[2026-06-04 11:26:52.451] [INFO ] [main] ========================================
[2026-06-04 11:26:52.589] [INFO ] [main] New browser context and page created
[2026-06-04 11:26:52.592] [STEP ] [main] >> Navigating to: https://www.saucedemo.com
[2026-06-04 11:26:53.217] [INFO ] [main] Login page loaded
[2026-06-04 11:26:53.218] [INFO ] [main] Logging in as: standard_user
[2026-06-04 11:26:53.218] [STEP ] [main] >> Typing 'standard_user' into #user-name
[2026-06-04 11:26:53.261] [STEP ] [main] >> Typing [MASKED] into #password
[2026-06-04 11:26:53.279] [STEP ] [main] >> Clicking: #login-button
[2026-06-04 11:26:53.366] [STEP ] [main] >> Adding to cart: sauce-labs-backpack
[2026-06-04 11:26:53.367] [STEP ] [main] >> Clicking: [data-test='add-to-cart-sauce-labs-backpack']
[2026-06-04 11:26:53.411] [STEP ] [main] >> Navigating to cart
[2026-06-04 11:26:53.412] [STEP ] [main] >> Clicking: .shopping_cart_link
[2026-06-04 11:26:53.462] [STEP ] [main] >> Proceeding to checkout
[2026-06-04 11:26:53.463] [STEP ] [main] >> Clicking: [data-test='checkout']
[2026-06-04 11:26:53.526] [STEP ] [main] >> Typing 'John' into [data-test='firstName']
[2026-06-04 11:26:53.546] [STEP ] [main] >> Typing 'Doe' into [data-test='lastName']
[2026-06-04 11:26:53.568] [STEP ] [main] >> Typing '12345' into [data-test='postalCode']
[2026-06-04 11:26:53.585] [STEP ] [main] >> Clicking: [data-test='continue']
[2026-06-04 11:26:53.665] [INFO ] [main] [PASSED] testSubtotalSingleItem
[2026-06-04 11:26:53.667] [INFO ] [main] TEST END: testSubtotalSingleItem => PASSED
[2026-06-04 11:26:53.667] [INFO ] [main] ----------------------------------------
[2026-06-04 11:26:53.674] [DEBUG] [main] Browser context closed
[2026-06-04 11:26:53.677] [INFO ] [main] ========================================
[2026-06-04 11:26:53.678] [INFO ] [main] TEST START: testSubtotalMultipleItems
[2026-06-04 11:26:53.678] [INFO ] [main] ========================================
[2026-06-04 11:26:53.836] [INFO ] [main] New browser context and page created
[2026-06-04 11:26:53.840] [STEP ] [main] >> Navigating to: https://www.saucedemo.com
[2026-06-04 11:26:54.468] [INFO ] [main] Login page loaded
[2026-06-04 11:26:54.469] [INFO ] [main] Logging in as: standard_user
[2026-06-04 11:26:54.469] [STEP ] [main] >> Typing 'standard_user' into #user-name
[2026-06-04 11:26:54.518] [STEP ] [main] >> Typing [MASKED] into #password
[2026-06-04 11:26:54.538] [STEP ] [main] >> Clicking: #login-button
[2026-06-04 11:26:54.636] [STEP ] [main] >> Adding to cart: sauce-labs-backpack
[2026-06-04 11:26:54.636] [STEP ] [main] >> Clicking: [data-test='add-to-cart-sauce-labs-backpack']
[2026-06-04 11:26:54.707] [STEP ] [main] >> Adding to cart: sauce-labs-bike-light
[2026-06-04 11:26:54.707] [STEP ] [main] >> Clicking: [data-test='add-to-cart-sauce-labs-bike-light']
[2026-06-04 11:26:54.757] [STEP ] [main] >> Adding to cart: sauce-labs-onesie
[2026-06-04 11:26:54.757] [STEP ] [main] >> Clicking: [data-test='add-to-cart-sauce-labs-onesie']
[2026-06-04 11:26:54.805] [STEP ] [main] >> Navigating to cart
[2026-06-04 11:26:54.805] [STEP ] [main] >> Clicking: .shopping_cart_link
[2026-06-04 11:26:54.864] [STEP ] [main] >> Proceeding to checkout
[2026-06-04 11:26:54.864] [STEP ] [main] >> Clicking: [data-test='checkout']
[2026-06-04 11:26:54.912] [STEP ] [main] >> Typing 'Jane' into [data-test='firstName']
[2026-06-04 11:26:54.930] [STEP ] [main] >> Typing 'Smith' into [data-test='lastName']
[2026-06-04 11:26:54.945] [STEP ] [main] >> Typing '54321' into [data-test='postalCode']
[2026-06-04 11:26:54.960] [STEP ] [main] >> Clicking: [data-test='continue']
[2026-06-04 11:26:55.033] [INFO ] [main] [PASSED] testSubtotalMultipleItems
[2026-06-04 11:26:55.033] [INFO ] [main] TEST END: testSubtotalMultipleItems => PASSED
[2026-06-04 11:26:55.035] [INFO ] [main] ----------------------------------------
[2026-06-04 11:26:55.039] [DEBUG] [main] Browser context closed
[2026-06-04 11:26:55.042] [INFO ] [main] ========================================
[2026-06-04 11:26:55.042] [INFO ] [main] TEST START: testTaxCalculation
[2026-06-04 11:26:55.042] [INFO ] [main] ========================================
[2026-06-04 11:26:55.188] [INFO ] [main] New browser context and page created
[2026-06-04 11:26:55.192] [STEP ] [main] >> Navigating to: https://www.saucedemo.com
[2026-06-04 11:26:55.802] [INFO ] [main] Login page loaded
[2026-06-04 11:26:55.802] [INFO ] [main] Logging in as: standard_user
[2026-06-04 11:26:55.803] [STEP ] [main] >> Typing 'standard_user' into #user-name
[2026-06-04 11:26:55.844] [STEP ] [main] >> Typing [MASKED] into #password
[2026-06-04 11:26:55.861] [STEP ] [main] >> Clicking: #login-button
[2026-06-04 11:26:55.946] [STEP ] [main] >> Adding to cart: sauce-labs-backpack
[2026-06-04 11:26:55.946] [STEP ] [main] >> Clicking: [data-test='add-to-cart-sauce-labs-backpack']
[2026-06-04 11:26:55.991] [STEP ] [main] >> Navigating to cart
[2026-06-04 11:26:55.992] [STEP ] [main] >> Clicking: .shopping_cart_link
[2026-06-04 11:26:56.047] [STEP ] [main] >> Proceeding to checkout
[2026-06-04 11:26:56.047] [STEP ] [main] >> Clicking: [data-test='checkout']
[2026-06-04 11:26:56.108] [STEP ] [main] >> Typing 'John' into [data-test='firstName']
[2026-06-04 11:26:56.124] [STEP ] [main] >> Typing 'Doe' into [data-test='lastName']
[2026-06-04 11:26:56.138] [STEP ] [main] >> Typing '12345' into [data-test='postalCode']
[2026-06-04 11:26:56.154] [STEP ] [main] >> Clicking: [data-test='continue']
[2026-06-04 11:26:56.233] [INFO ] [main] [PASSED] testTaxCalculation
[2026-06-04 11:26:56.236] [INFO ] [main] TEST END: testTaxCalculation => PASSED
[2026-06-04 11:26:56.236] [INFO ] [main] ----------------------------------------
[2026-06-04 11:26:56.241] [DEBUG] [main] Browser context closed
[2026-06-04 11:26:56.336] [INFO ] [main] Browser closed
[2026-06-04 11:26:56.337] [INFO ] [main] 
[2026-06-04 11:26:56.338] [INFO ] [main] ==========================================
[2026-06-04 11:26:56.338] [INFO ] [main]          FINAL TEST RESULTS               
[2026-06-04 11:26:56.338] [INFO ] [main] ==========================================
[2026-06-04 11:26:56.338] [INFO ] [main]   Passed  : 50
[2026-06-04 11:26:56.338] [INFO ] [main]   Failed  : 0
[2026-06-04 11:26:56.338] [INFO ] [main]   Skipped : 0
[2026-06-04 11:26:56.339] [INFO ] [main]   Total   : 50
[2026-06-04 11:26:56.339] [INFO ] [main]   Pass Rate: 100.0%
[2026-06-04 11:26:56.339] [INFO ] [main] ==========================================
[2026-06-04 11:26:56.359] [INFO ] [main] Playwright instance closed
[2026-06-04 11:26:56.359] [INFO ] [main] ################################################
[2026-06-04 11:26:56.359] [INFO ] [main] SUITE COMPLETED
[2026-06-04 11:26:56.360] [INFO ] [main] ################################################
[2026-06-04 11:29:44.802] [INFO ] [main] ################################################
[2026-06-04 11:29:44.803] [INFO ] [main] SUITE START: SauceDemo Automation Suite
[2026-06-04 11:29:44.805] [INFO ] [main] Configuration loaded successfully
[2026-06-04 11:29:44.805] [INFO ] [main] Browser: chromium
[2026-06-04 11:29:44.806] [INFO ] [main] Headless: true
[2026-06-04 11:29:44.806] [INFO ] [main] Base URL: https://www.saucedemo.com
[2026-06-04 11:29:44.807] [INFO ] [main] ################################################
[2026-06-04 11:29:50.685] [INFO ] [main] Playwright instance created
[2026-06-04 11:29:50.692] [INFO ] [main] Test Suite starting: Login Tests
[2026-06-04 11:29:50.707] [INFO ] [main] Launching browser: chromium | headless: true | slowMotion: 0ms
[2026-06-04 11:29:50.856] [INFO ] [main] chromium browser launched
[2026-06-04 11:29:50.872] [INFO ] [main] ========================================
[2026-06-04 11:29:50.873] [INFO ] [main] TEST START: testValidLogin
[2026-06-04 11:29:50.873] [INFO ] [main] ========================================
[2026-06-04 11:29:50.995] [INFO ] [main] New browser context and page created
[2026-06-04 11:29:51.068] [STEP ] [main] >> Navigating to: https://www.saucedemo.com
[2026-06-04 11:29:51.705] [INFO ] [main] Login page loaded
[2026-06-04 11:29:51.706] [INFO ] [main] Logging in as: standard_user
[2026-06-04 11:29:51.706] [STEP ] [main] >> Typing 'standard_user' into #user-name
[2026-06-04 11:29:51.754] [STEP ] [main] >> Typing [MASKED] into #password
[2026-06-04 11:29:51.772] [STEP ] [main] >> Clicking: #login-button
[2026-06-04 11:29:51.883] [INFO ] [main] [PASSED] testValidLogin
[2026-06-04 11:29:51.894] [INFO ] [main] TEST END: testValidLogin => PASSED
[2026-06-04 11:29:51.894] [INFO ] [main] ----------------------------------------
[2026-06-04 11:29:51.904] [DEBUG] [main] Browser context closed
[2026-06-04 11:29:51.915] [INFO ] [main] ========================================
[2026-06-04 11:29:51.916] [INFO ] [main] TEST START: testAllUserTypes
[2026-06-04 11:29:51.916] [INFO ] [main] ========================================
[2026-06-04 11:29:51.991] [INFO ] [main] New browser context and page created
[2026-06-04 11:29:51.997] [STEP ] [main] >> Navigating to: https://www.saucedemo.com
[2026-06-04 11:29:52.595] [INFO ] [main] Login page loaded
[2026-06-04 11:29:52.596] [INFO ] [main] Logging in as: standard_user
[2026-06-04 11:29:52.596] [STEP ] [main] >> Typing 'standard_user' into #user-name
[2026-06-04 11:29:52.635] [STEP ] [main] >> Typing [MASKED] into #password
[2026-06-04 11:29:52.652] [STEP ] [main] >> Clicking: #login-button
[2026-06-04 11:29:52.738] [INFO ] [main] [PASSED] testAllUserTypes
[2026-06-04 11:29:52.742] [INFO ] [main] TEST END: testAllUserTypes => PASSED
[2026-06-04 11:29:52.742] [INFO ] [main] ----------------------------------------
[2026-06-04 11:29:52.749] [DEBUG] [main] Browser context closed
[2026-06-04 11:29:52.752] [INFO ] [main] ========================================
[2026-06-04 11:29:52.752] [INFO ] [main] TEST START: testAllUserTypes
[2026-06-04 11:29:52.752] [INFO ] [main] ========================================
[2026-06-04 11:29:52.829] [INFO ] [main] New browser context and page created
[2026-06-04 11:29:52.832] [STEP ] [main] >> Navigating to: https://www.saucedemo.com
[2026-06-04 11:29:53.407] [INFO ] [main] Login page loaded
[2026-06-04 11:29:53.408] [INFO ] [main] Attempting login with: locked_out_user (expecting error)
[2026-06-04 11:29:53.409] [STEP ] [main] >> Typing 'locked_out_user' into #user-name
[2026-06-04 11:29:53.448] [STEP ] [main] >> Typing [MASKED] into #password
[2026-06-04 11:29:53.468] [STEP ] [main] >> Clicking: #login-button
[2026-06-04 11:29:53.531] [INFO ] [main] [PASSED] testAllUserTypes
[2026-06-04 11:29:53.534] [INFO ] [main] TEST END: testAllUserTypes => PASSED
[2026-06-04 11:29:53.535] [INFO ] [main] ----------------------------------------
[2026-06-04 11:29:53.540] [DEBUG] [main] Browser context closed
[2026-06-04 11:29:53.543] [INFO ] [main] ========================================
[2026-06-04 11:29:53.543] [INFO ] [main] TEST START: testAllUserTypes
[2026-06-04 11:29:53.544] [INFO ] [main] ========================================
[2026-06-04 11:29:53.625] [INFO ] [main] New browser context and page created
[2026-06-04 11:29:53.629] [STEP ] [main] >> Navigating to: https://www.saucedemo.com
[2026-06-04 11:29:54.224] [INFO ] [main] Login page loaded
[2026-06-04 11:29:54.224] [INFO ] [main] Logging in as: problem_user
[2026-06-04 11:29:54.225] [STEP ] [main] >> Typing 'problem_user' into #user-name
[2026-06-04 11:29:54.266] [STEP ] [main] >> Typing [MASKED] into #password
[2026-06-04 11:29:54.283] [STEP ] [main] >> Clicking: #login-button
[2026-06-04 11:29:54.371] [INFO ] [main] [PASSED] testAllUserTypes
[2026-06-04 11:29:54.373] [INFO ] [main] TEST END: testAllUserTypes => PASSED
[2026-06-04 11:29:54.373] [INFO ] [main] ----------------------------------------
[2026-06-04 11:29:54.378] [DEBUG] [main] Browser context closed
[2026-06-04 11:29:54.380] [INFO ] [main] ========================================
[2026-06-04 11:29:54.381] [INFO ] [main] TEST START: testAllUserTypes
[2026-06-04 11:29:54.381] [INFO ] [main] ========================================
[2026-06-04 11:29:54.457] [INFO ] [main] New browser context and page created
[2026-06-04 11:29:54.460] [STEP ] [main] >> Navigating to: https://www.saucedemo.com
[2026-06-04 11:29:55.053] [INFO ] [main] Login page loaded
[2026-06-04 11:29:55.053] [INFO ] [main] Logging in as: performance_glitch_user
[2026-06-04 11:29:55.054] [STEP ] [main] >> Typing 'performance_glitch_user' into #user-name
[2026-06-04 11:29:55.092] [STEP ] [main] >> Typing [MASKED] into #password
[2026-06-04 11:29:55.110] [STEP ] [main] >> Clicking: #login-button
[2026-06-04 11:30:00.220] [INFO ] [main] [PASSED] testAllUserTypes
[2026-06-04 11:30:00.222] [INFO ] [main] TEST END: testAllUserTypes => PASSED
[2026-06-04 11:30:00.222] [INFO ] [main] ----------------------------------------
[2026-06-04 11:30:00.227] [DEBUG] [main] Browser context closed
[2026-06-04 11:30:00.229] [INFO ] [main] ========================================
[2026-06-04 11:30:00.229] [INFO ] [main] TEST START: testAllUserTypes
[2026-06-04 11:30:00.230] [INFO ] [main] ========================================
[2026-06-04 11:30:00.310] [INFO ] [main] New browser context and page created
[2026-06-04 11:30:00.313] [STEP ] [main] >> Navigating to: https://www.saucedemo.com
[2026-06-04 11:30:00.899] [INFO ] [main] Login page loaded
[2026-06-04 11:30:00.899] [INFO ] [main] Logging in as: error_user
[2026-06-04 11:30:00.900] [STEP ] [main] >> Typing 'error_user' into #user-name
[2026-06-04 11:30:00.940] [STEP ] [main] >> Typing [MASKED] into #password
[2026-06-04 11:30:00.956] [STEP ] [main] >> Clicking: #login-button
[2026-06-04 11:30:01.037] [INFO ] [main] [PASSED] testAllUserTypes
[2026-06-04 11:30:01.039] [INFO ] [main] TEST END: testAllUserTypes => PASSED
[2026-06-04 11:30:01.040] [INFO ] [main] ----------------------------------------
[2026-06-04 11:30:01.045] [DEBUG] [main] Browser context closed
[2026-06-04 11:30:01.048] [INFO ] [main] ========================================
[2026-06-04 11:30:01.049] [INFO ] [main] TEST START: testAllUserTypes
[2026-06-04 11:30:01.049] [INFO ] [main] ========================================
[2026-06-04 11:30:01.122] [INFO ] [main] New browser context and page created
[2026-06-04 11:30:01.125] [STEP ] [main] >> Navigating to: https://www.saucedemo.com
[2026-06-04 11:30:01.675] [INFO ] [main] Login page loaded
[2026-06-04 11:30:01.676] [INFO ] [main] Logging in as: visual_user
[2026-06-04 11:30:01.676] [STEP ] [main] >> Typing 'visual_user' into #user-name
[2026-06-04 11:30:01.712] [STEP ] [main] >> Typing [MASKED] into #password
[2026-06-04 11:30:01.727] [STEP ] [main] >> Clicking: #login-button
[2026-06-04 11:30:01.821] [INFO ] [main] [PASSED] testAllUserTypes
[2026-06-04 11:30:01.824] [INFO ] [main] TEST END: testAllUserTypes => PASSED
[2026-06-04 11:30:01.824] [INFO ] [main] ----------------------------------------
[2026-06-04 11:30:01.828] [DEBUG] [main] Browser context closed
[2026-06-04 11:30:01.832] [INFO ] [main] ========================================
[2026-06-04 11:30:01.832] [INFO ] [main] TEST START: testInvalidLogin
[2026-06-04 11:30:01.832] [INFO ] [main] ========================================
[2026-06-04 11:30:01.908] [INFO ] [main] New browser context and page created
[2026-06-04 11:30:01.912] [STEP ] [main] >> Navigating to: https://www.saucedemo.com
[2026-06-04 11:30:02.498] [INFO ] [main] Login page loaded
[2026-06-04 11:30:02.499] [INFO ] [main] Attempting login with: locked_out_user (expecting error)
[2026-06-04 11:30:02.499] [STEP ] [main] >> Typing 'locked_out_user' into #user-name
[2026-06-04 11:30:02.536] [STEP ] [main] >> Typing [MASKED] into #password
[2026-06-04 11:30:02.556] [STEP ] [main] >> Clicking: #login-button
[2026-06-04 11:30:02.619] [INFO ] [main] [PASSED] testInvalidLogin
[2026-06-04 11:30:02.621] [INFO ] [main] TEST END: testInvalidLogin => PASSED
[2026-06-04 11:30:02.622] [INFO ] [main] ----------------------------------------
[2026-06-04 11:30:02.628] [DEBUG] [main] Browser context closed
[2026-06-04 11:30:02.630] [INFO ] [main] ========================================
[2026-06-04 11:30:02.630] [INFO ] [main] TEST START: testInvalidLogin
[2026-06-04 11:30:02.631] [INFO ] [main] ========================================
[2026-06-04 11:30:02.710] [INFO ] [main] New browser context and page created
[2026-06-04 11:30:02.713] [STEP ] [main] >> Navigating to: https://www.saucedemo.com
[2026-06-04 11:30:03.284] [INFO ] [main] Login page loaded
[2026-06-04 11:30:03.285] [INFO ] [main] Attempting login with: standard_user (expecting error)
[2026-06-04 11:30:03.285] [STEP ] [main] >> Typing 'standard_user' into #user-name
[2026-06-04 11:30:03.328] [STEP ] [main] >> Typing [MASKED] into #password
[2026-06-04 11:30:03.343] [STEP ] [main] >> Clicking: #login-button
[2026-06-04 11:30:03.419] [INFO ] [main] [PASSED] testInvalidLogin
[2026-06-04 11:30:03.421] [INFO ] [main] TEST END: testInvalidLogin => PASSED
[2026-06-04 11:30:03.422] [INFO ] [main] ----------------------------------------
[2026-06-04 11:30:03.428] [DEBUG] [main] Browser context closed
[2026-06-04 11:30:03.430] [INFO ] [main] ========================================
[2026-06-04 11:30:03.430] [INFO ] [main] TEST START: testInvalidLogin
[2026-06-04 11:30:03.430] [INFO ] [main] ========================================
[2026-06-04 11:30:03.508] [INFO ] [main] New browser context and page created
[2026-06-04 11:30:03.512] [STEP ] [main] >> Navigating to: https://www.saucedemo.com
[2026-06-04 11:30:04.067] [INFO ] [main] Login page loaded
[2026-06-04 11:30:04.067] [INFO ] [main] Attempting login with:  (expecting error)
[2026-06-04 11:30:04.068] [STEP ] [main] >> Typing '' into #user-name
[2026-06-04 11:30:04.108] [STEP ] [main] >> Typing [MASKED] into #password
[2026-06-04 11:30:04.124] [STEP ] [main] >> Clicking: #login-button
[2026-06-04 11:30:04.183] [INFO ] [main] [PASSED] testInvalidLogin
[2026-06-04 11:30:04.186] [INFO ] [main] TEST END: testInvalidLogin => PASSED
[2026-06-04 11:30:04.186] [INFO ] [main] ----------------------------------------
[2026-06-04 11:30:04.191] [DEBUG] [main] Browser context closed
[2026-06-04 11:30:04.194] [INFO ] [main] ========================================
[2026-06-04 11:30:04.194] [INFO ] [main] TEST START: testInvalidLogin
[2026-06-04 11:30:04.195] [INFO ] [main] ========================================
[2026-06-04 11:30:04.275] [INFO ] [main] New browser context and page created
[2026-06-04 11:30:04.277] [STEP ] [main] >> Navigating to: https://www.saucedemo.com
[2026-06-04 11:30:04.880] [INFO ] [main] Login page loaded
[2026-06-04 11:30:04.880] [INFO ] [main] Attempting login with: standard_user (expecting error)
[2026-06-04 11:30:04.880] [STEP ] [main] >> Typing 'standard_user' into #user-name
[2026-06-04 11:30:04.917] [STEP ] [main] >> Typing [MASKED] into #password
[2026-06-04 11:30:04.932] [STEP ] [main] >> Clicking: #login-button
[2026-06-04 11:30:04.997] [INFO ] [main] [PASSED] testInvalidLogin
[2026-06-04 11:30:04.999] [INFO ] [main] TEST END: testInvalidLogin => PASSED
[2026-06-04 11:30:04.999] [INFO ] [main] ----------------------------------------
[2026-06-04 11:30:05.006] [DEBUG] [main] Browser context closed
[2026-06-04 11:30:05.008] [INFO ] [main] ========================================
[2026-06-04 11:30:05.008] [INFO ] [main] TEST START: testInvalidLogin
[2026-06-04 11:30:05.008] [INFO ] [main] ========================================
[2026-06-04 11:30:05.084] [INFO ] [main] New browser context and page created
[2026-06-04 11:30:05.088] [STEP ] [main] >> Navigating to: https://www.saucedemo.com
[2026-06-04 11:30:05.689] [INFO ] [main] Login page loaded
[2026-06-04 11:30:05.689] [INFO ] [main] Attempting login with:  (expecting error)
[2026-06-04 11:30:05.690] [STEP ] [main] >> Typing '' into #user-name
[2026-06-04 11:30:05.726] [STEP ] [main] >> Typing [MASKED] into #password
[2026-06-04 11:30:05.740] [STEP ] [main] >> Clicking: #login-button
[2026-06-04 11:30:05.796] [INFO ] [main] [PASSED] testInvalidLogin
[2026-06-04 11:30:05.798] [INFO ] [main] TEST END: testInvalidLogin => PASSED
[2026-06-04 11:30:05.799] [INFO ] [main] ----------------------------------------
[2026-06-04 11:30:05.804] [DEBUG] [main] Browser context closed
[2026-06-04 11:30:05.806] [INFO ] [main] ========================================
[2026-06-04 11:30:05.806] [INFO ] [main] TEST START: testInvalidLogin
[2026-06-04 11:30:05.806] [INFO ] [main] ========================================
[2026-06-04 11:30:05.882] [INFO ] [main] New browser context and page created
[2026-06-04 11:30:05.887] [STEP ] [main] >> Navigating to: https://www.saucedemo.com
[2026-06-04 11:30:06.438] [INFO ] [main] Login page loaded
[2026-06-04 11:30:06.438] [INFO ] [main] Attempting login with: nonexistent_user (expecting error)
[2026-06-04 11:30:06.438] [STEP ] [main] >> Typing 'nonexistent_user' into #user-name
[2026-06-04 11:30:06.477] [STEP ] [main] >> Typing [MASKED] into #password
[2026-06-04 11:30:06.494] [STEP ] [main] >> Clicking: #login-button
[2026-06-04 11:30:06.567] [INFO ] [main] [PASSED] testInvalidLogin
[2026-06-04 11:30:06.569] [INFO ] [main] TEST END: testInvalidLogin => PASSED
[2026-06-04 11:30:06.569] [INFO ] [main] ----------------------------------------
[2026-06-04 11:30:06.574] [DEBUG] [main] Browser context closed
[2026-06-04 11:30:06.577] [INFO ] [main] ========================================
[2026-06-04 11:30:06.578] [INFO ] [main] TEST START: testLockedOutUser
[2026-06-04 11:30:06.578] [INFO ] [main] ========================================
[2026-06-04 11:30:06.655] [INFO ] [main] New browser context and page created
[2026-06-04 11:30:06.659] [STEP ] [main] >> Navigating to: https://www.saucedemo.com
[2026-06-04 11:30:07.253] [INFO ] [main] Login page loaded
[2026-06-04 11:30:07.254] [INFO ] [main] Attempting login with: locked_out_user (expecting error)
[2026-06-04 11:30:07.254] [STEP ] [main] >> Typing 'locked_out_user' into #user-name
[2026-06-04 11:30:07.294] [STEP ] [main] >> Typing [MASKED] into #password
[2026-06-04 11:30:07.311] [STEP ] [main] >> Clicking: #login-button
[2026-06-04 11:30:07.392] [INFO ] [main] [PASSED] testLockedOutUser
[2026-06-04 11:30:07.394] [INFO ] [main] TEST END: testLockedOutUser => PASSED
[2026-06-04 11:30:07.394] [INFO ] [main] ----------------------------------------
[2026-06-04 11:30:07.400] [DEBUG] [main] Browser context closed
[2026-06-04 11:30:07.404] [INFO ] [main] ========================================
[2026-06-04 11:30:07.404] [INFO ] [main] TEST START: testCloseErrorMessage
[2026-06-04 11:30:07.405] [INFO ] [main] ========================================
[2026-06-04 11:30:07.485] [INFO ] [main] New browser context and page created
[2026-06-04 11:30:07.489] [STEP ] [main] >> Navigating to: https://www.saucedemo.com
[2026-06-04 11:30:08.091] [INFO ] [main] Login page loaded
[2026-06-04 11:30:08.091] [INFO ] [main] Attempting login with:  (expecting error)
[2026-06-04 11:30:08.092] [STEP ] [main] >> Typing '' into #user-name
[2026-06-04 11:30:08.127] [STEP ] [main] >> Typing [MASKED] into #password
[2026-06-04 11:30:08.140] [STEP ] [main] >> Clicking: #login-button
[2026-06-04 11:30:08.186] [STEP ] [main] >> Clicking: .error-button
[2026-06-04 11:30:08.230] [INFO ] [main] [PASSED] testCloseErrorMessage
[2026-06-04 11:30:08.232] [INFO ] [main] TEST END: testCloseErrorMessage => PASSED
[2026-06-04 11:30:08.232] [INFO ] [main] ----------------------------------------
[2026-06-04 11:30:08.237] [DEBUG] [main] Browser context closed
[2026-06-04 11:30:08.239] [INFO ] [main] ========================================
[2026-06-04 11:30:08.240] [INFO ] [main] TEST START: testLogout
[2026-06-04 11:30:08.240] [INFO ] [main] ========================================
[2026-06-04 11:30:08.315] [INFO ] [main] New browser context and page created
[2026-06-04 11:30:08.318] [STEP ] [main] >> Navigating to: https://www.saucedemo.com
[2026-06-04 11:30:08.910] [INFO ] [main] Login page loaded
[2026-06-04 11:30:08.911] [INFO ] [main] Logging in as: standard_user
[2026-06-04 11:30:08.911] [STEP ] [main] >> Typing 'standard_user' into #user-name
[2026-06-04 11:30:08.956] [STEP ] [main] >> Typing [MASKED] into #password
[2026-06-04 11:30:08.973] [STEP ] [main] >> Clicking: #login-button
[2026-06-04 11:30:09.051] [STEP ] [main] >> Logging out
[2026-06-04 11:30:09.052] [STEP ] [main] >> Clicking: #react-burger-menu-btn
[2026-06-04 11:30:09.092] [STEP ] [main] >> Clicking: #logout_sidebar_link
[2026-06-04 11:30:10.017] [INFO ] [main] [PASSED] testLogout
[2026-06-04 11:30:10.019] [INFO ] [main] TEST END: testLogout => PASSED
[2026-06-04 11:30:10.020] [INFO ] [main] ----------------------------------------
[2026-06-04 11:30:10.025] [DEBUG] [main] Browser context closed
[2026-06-04 11:30:10.077] [INFO ] [main] Browser closed
[2026-06-04 11:30:10.078] [INFO ] [main] 
[2026-06-04 11:30:10.078] [INFO ] [main] ==========================================
[2026-06-04 11:30:10.079] [INFO ] [main]          FINAL TEST RESULTS               
[2026-06-04 11:30:10.079] [INFO ] [main] ==========================================
[2026-06-04 11:30:10.079] [INFO ] [main]   Passed  : 16
[2026-06-04 11:30:10.079] [INFO ] [main]   Failed  : 0
[2026-06-04 11:30:10.079] [INFO ] [main]   Skipped : 0
[2026-06-04 11:30:10.080] [INFO ] [main]   Total   : 16
[2026-06-04 11:30:10.080] [INFO ] [main]   Pass Rate: 100.0%
[2026-06-04 11:30:10.081] [INFO ] [main] ==========================================
[2026-06-04 11:30:10.097] [INFO ] [main] Test Suite starting: Products Tests
[2026-06-04 11:30:10.099] [INFO ] [main] Launching browser: chromium | headless: true | slowMotion: 0ms
[2026-06-04 11:30:10.238] [INFO ] [main] chromium browser launched
[2026-06-04 11:30:10.239] [INFO ] [main] ========================================
[2026-06-04 11:30:10.240] [INFO ] [main] TEST START: testProductsPageLoaded
[2026-06-04 11:30:10.240] [INFO ] [main] ========================================
[2026-06-04 11:30:10.340] [INFO ] [main] New browser context and page created
[2026-06-04 11:30:10.343] [STEP ] [main] >> Navigating to: https://www.saucedemo.com
[2026-06-04 11:30:10.958] [INFO ] [main] Login page loaded
[2026-06-04 11:30:10.958] [INFO ] [main] Logging in as: standard_user
[2026-06-04 11:30:10.959] [STEP ] [main] >> Typing 'standard_user' into #user-name
[2026-06-04 11:30:10.996] [STEP ] [main] >> Typing [MASKED] into #password
[2026-06-04 11:30:11.013] [STEP ] [main] >> Clicking: #login-button
[2026-06-04 11:30:11.112] [INFO ] [main] [PASSED] testProductsPageLoaded
[2026-06-04 11:30:11.114] [INFO ] [main] TEST END: testProductsPageLoaded => PASSED
[2026-06-04 11:30:11.114] [INFO ] [main] ----------------------------------------
[2026-06-04 11:30:11.120] [DEBUG] [main] Browser context closed
[2026-06-04 11:30:11.123] [INFO ] [main] ========================================
[2026-06-04 11:30:11.123] [INFO ] [main] TEST START: testProductCount
[2026-06-04 11:30:11.124] [INFO ] [main] ========================================
[2026-06-04 11:30:11.196] [INFO ] [main] New browser context and page created
[2026-06-04 11:30:11.198] [STEP ] [main] >> Navigating to: https://www.saucedemo.com
[2026-06-04 11:30:11.806] [INFO ] [main] Login page loaded
[2026-06-04 11:30:11.807] [INFO ] [main] Logging in as: standard_user
[2026-06-04 11:30:11.807] [STEP ] [main] >> Typing 'standard_user' into #user-name
[2026-06-04 11:30:11.843] [STEP ] [main] >> Typing [MASKED] into #password
[2026-06-04 11:30:11.858] [STEP ] [main] >> Clicking: #login-button
[2026-06-04 11:30:11.950] [INFO ] [main] [PASSED] testProductCount
[2026-06-04 11:30:11.951] [INFO ] [main] TEST END: testProductCount => PASSED
[2026-06-04 11:30:11.951] [INFO ] [main] ----------------------------------------
[2026-06-04 11:30:11.957] [DEBUG] [main] Browser context closed
[2026-06-04 11:30:11.960] [INFO ] [main] ========================================
[2026-06-04 11:30:11.960] [INFO ] [main] TEST START: testProductNamesDisplayed
[2026-06-04 11:30:11.961] [INFO ] [main] ========================================
[2026-06-04 11:30:12.031] [INFO ] [main] New browser context and page created
[2026-06-04 11:30:12.033] [STEP ] [main] >> Navigating to: https://www.saucedemo.com
[2026-06-04 11:30:12.663] [INFO ] [main] Login page loaded
[2026-06-04 11:30:12.664] [INFO ] [main] Logging in as: standard_user
[2026-06-04 11:30:12.664] [STEP ] [main] >> Typing 'standard_user' into #user-name
[2026-06-04 11:30:12.704] [STEP ] [main] >> Typing [MASKED] into #password
[2026-06-04 11:30:12.720] [STEP ] [main] >> Clicking: #login-button
[2026-06-04 11:30:12.806] [INFO ] [main] [PASSED] testProductNamesDisplayed
[2026-06-04 11:30:12.808] [INFO ] [main] TEST END: testProductNamesDisplayed => PASSED
[2026-06-04 11:30:12.808] [INFO ] [main] ----------------------------------------
[2026-06-04 11:30:12.812] [DEBUG] [main] Browser context closed
[2026-06-04 11:30:12.815] [INFO ] [main] ========================================
[2026-06-04 11:30:12.816] [INFO ] [main] TEST START: testProductPricesValid
[2026-06-04 11:30:12.816] [INFO ] [main] ========================================
[2026-06-04 11:30:12.891] [INFO ] [main] New browser context and page created
[2026-06-04 11:30:12.893] [STEP ] [main] >> Navigating to: https://www.saucedemo.com
[2026-06-04 11:30:13.496] [INFO ] [main] Login page loaded
[2026-06-04 11:30:13.497] [INFO ] [main] Logging in as: standard_user
[2026-06-04 11:30:13.497] [STEP ] [main] >> Typing 'standard_user' into #user-name
[2026-06-04 11:30:13.535] [STEP ] [main] >> Typing [MASKED] into #password
[2026-06-04 11:30:13.552] [STEP ] [main] >> Clicking: #login-button
[2026-06-04 11:30:13.634] [INFO ] [main] [PASSED] testProductPricesValid
[2026-06-04 11:30:13.636] [INFO ] [main] TEST END: testProductPricesValid => PASSED
[2026-06-04 11:30:13.636] [INFO ] [main] ----------------------------------------
[2026-06-04 11:30:13.641] [DEBUG] [main] Browser context closed
[2026-06-04 11:30:13.644] [INFO ] [main] ========================================
[2026-06-04 11:30:13.644] [INFO ] [main] TEST START: testSortByNameAZ
[2026-06-04 11:30:13.644] [INFO ] [main] ========================================
[2026-06-04 11:30:13.720] [INFO ] [main] New browser context and page created
[2026-06-04 11:30:13.722] [STEP ] [main] >> Navigating to: https://www.saucedemo.com
[2026-06-04 11:30:14.296] [INFO ] [main] Login page loaded
[2026-06-04 11:30:14.296] [INFO ] [main] Logging in as: standard_user
[2026-06-04 11:30:14.297] [STEP ] [main] >> Typing 'standard_user' into #user-name
[2026-06-04 11:30:14.335] [STEP ] [main] >> Typing [MASKED] into #password
[2026-06-04 11:30:14.354] [STEP ] [main] >> Clicking: #login-button
[2026-06-04 11:30:14.427] [STEP ] [main] >> Sorting: Name (A to Z)
[2026-06-04 11:30:14.427] [STEP ] [main] >> Selecting value 'az' from [data-test='product-sort-container']
[2026-06-04 11:30:14.454] [INFO ] [main] [PASSED] testSortByNameAZ
[2026-06-04 11:30:14.456] [INFO ] [main] TEST END: testSortByNameAZ => PASSED
[2026-06-04 11:30:14.457] [INFO ] [main] ----------------------------------------
[2026-06-04 11:30:14.462] [DEBUG] [main] Browser context closed
[2026-06-04 11:30:14.465] [INFO ] [main] ========================================
[2026-06-04 11:30:14.466] [INFO ] [main] TEST START: testSortByNameZA
[2026-06-04 11:30:14.466] [INFO ] [main] ========================================
[2026-06-04 11:30:14.544] [INFO ] [main] New browser context and page created
[2026-06-04 11:30:14.547] [STEP ] [main] >> Navigating to: https://www.saucedemo.com
[2026-06-04 11:30:15.124] [INFO ] [main] Login page loaded
[2026-06-04 11:30:15.124] [INFO ] [main] Logging in as: standard_user
[2026-06-04 11:30:15.125] [STEP ] [main] >> Typing 'standard_user' into #user-name
[2026-06-04 11:30:15.163] [STEP ] [main] >> Typing [MASKED] into #password
[2026-06-04 11:30:15.178] [STEP ] [main] >> Clicking: #login-button
[2026-06-04 11:30:15.260] [STEP ] [main] >> Sorting: Name (Z to A)
[2026-06-04 11:30:15.260] [STEP ] [main] >> Selecting value 'za' from [data-test='product-sort-container']
[2026-06-04 11:30:15.278] [INFO ] [main] [PASSED] testSortByNameZA
[2026-06-04 11:30:15.281] [INFO ] [main] TEST END: testSortByNameZA => PASSED
[2026-06-04 11:30:15.282] [INFO ] [main] ----------------------------------------
[2026-06-04 11:30:15.288] [DEBUG] [main] Browser context closed
[2026-06-04 11:30:15.290] [INFO ] [main] ========================================
[2026-06-04 11:30:15.291] [INFO ] [main] TEST START: testSortByPriceLowToHigh
[2026-06-04 11:30:15.291] [INFO ] [main] ========================================
[2026-06-04 11:30:15.364] [INFO ] [main] New browser context and page created
[2026-06-04 11:30:15.366] [STEP ] [main] >> Navigating to: https://www.saucedemo.com
[2026-06-04 11:30:15.962] [INFO ] [main] Login page loaded
[2026-06-04 11:30:15.962] [INFO ] [main] Logging in as: standard_user
[2026-06-04 11:30:15.963] [STEP ] [main] >> Typing 'standard_user' into #user-name
[2026-06-04 11:30:16.000] [STEP ] [main] >> Typing [MASKED] into #password
[2026-06-04 11:30:16.015] [STEP ] [main] >> Clicking: #login-button
[2026-06-04 11:30:16.091] [STEP ] [main] >> Sorting: Price (Low to High)
[2026-06-04 11:30:16.091] [STEP ] [main] >> Selecting value 'lohi' from [data-test='product-sort-container']
[2026-06-04 11:30:16.110] [INFO ] [main] [PASSED] testSortByPriceLowToHigh
[2026-06-04 11:30:16.113] [INFO ] [main] TEST END: testSortByPriceLowToHigh => PASSED
[2026-06-04 11:30:16.114] [INFO ] [main] ----------------------------------------
[2026-06-04 11:30:16.119] [DEBUG] [main] Browser context closed
[2026-06-04 11:30:16.121] [INFO ] [main] ========================================
[2026-06-04 11:30:16.122] [INFO ] [main] TEST START: testSortByPriceHighToLow
[2026-06-04 11:30:16.122] [INFO ] [main] ========================================
[2026-06-04 11:30:16.195] [INFO ] [main] New browser context and page created
[2026-06-04 11:30:16.197] [STEP ] [main] >> Navigating to: https://www.saucedemo.com
[2026-06-04 11:30:16.743] [INFO ] [main] Login page loaded
[2026-06-04 11:30:16.744] [INFO ] [main] Logging in as: standard_user
[2026-06-04 11:30:16.744] [STEP ] [main] >> Typing 'standard_user' into #user-name
[2026-06-04 11:30:16.784] [STEP ] [main] >> Typing [MASKED] into #password
[2026-06-04 11:30:16.801] [STEP ] [main] >> Clicking: #login-button
[2026-06-04 11:30:16.882] [STEP ] [main] >> Sorting: Price (High to Low)
[2026-06-04 11:30:16.883] [STEP ] [main] >> Selecting value 'hilo' from [data-test='product-sort-container']
[2026-06-04 11:30:16.898] [INFO ] [main] [PASSED] testSortByPriceHighToLow
[2026-06-04 11:30:16.900] [INFO ] [main] TEST END: testSortByPriceHighToLow => PASSED
[2026-06-04 11:30:16.901] [INFO ] [main] ----------------------------------------
[2026-06-04 11:30:16.907] [DEBUG] [main] Browser context closed
[2026-06-04 11:30:16.910] [INFO ] [main] ========================================
[2026-06-04 11:30:16.910] [INFO ] [main] TEST START: testAddSingleItemToCart
[2026-06-04 11:30:16.911] [INFO ] [main] ========================================
[2026-06-04 11:30:16.985] [INFO ] [main] New browser context and page created
[2026-06-04 11:30:16.987] [STEP ] [main] >> Navigating to: https://www.saucedemo.com
[2026-06-04 11:30:17.579] [INFO ] [main] Login page loaded
[2026-06-04 11:30:17.579] [INFO ] [main] Logging in as: standard_user
[2026-06-04 11:30:17.579] [STEP ] [main] >> Typing 'standard_user' into #user-name
[2026-06-04 11:30:17.617] [STEP ] [main] >> Typing [MASKED] into #password
[2026-06-04 11:30:17.633] [STEP ] [main] >> Clicking: #login-button
[2026-06-04 11:30:17.717] [STEP ] [main] >> Adding to cart: sauce-labs-backpack
[2026-06-04 11:30:17.717] [STEP ] [main] >> Clicking: [data-test='add-to-cart-sauce-labs-backpack']
[2026-06-04 11:30:17.778] [INFO ] [main] [PASSED] testAddSingleItemToCart
[2026-06-04 11:30:17.780] [INFO ] [main] TEST END: testAddSingleItemToCart => PASSED
[2026-06-04 11:30:17.781] [INFO ] [main] ----------------------------------------
[2026-06-04 11:30:17.785] [DEBUG] [main] Browser context closed
[2026-06-04 11:30:17.787] [INFO ] [main] ========================================
[2026-06-04 11:30:17.788] [INFO ] [main] TEST START: testAddMultipleItemsToCart
[2026-06-04 11:30:17.788] [INFO ] [main] ========================================
[2026-06-04 11:30:17.867] [INFO ] [main] New browser context and page created
[2026-06-04 11:30:17.869] [STEP ] [main] >> Navigating to: https://www.saucedemo.com
[2026-06-04 11:30:18.525] [INFO ] [main] Login page loaded
[2026-06-04 11:30:18.525] [INFO ] [main] Logging in as: standard_user
[2026-06-04 11:30:18.525] [STEP ] [main] >> Typing 'standard_user' into #user-name
[2026-06-04 11:30:18.569] [STEP ] [main] >> Typing [MASKED] into #password
[2026-06-04 11:30:18.586] [STEP ] [main] >> Clicking: #login-button
[2026-06-04 11:30:18.659] [STEP ] [main] >> Adding to cart: sauce-labs-backpack
[2026-06-04 11:30:18.660] [STEP ] [main] >> Clicking: [data-test='add-to-cart-sauce-labs-backpack']
[2026-06-04 11:30:18.708] [STEP ] [main] >> Adding to cart: sauce-labs-bike-light
[2026-06-04 11:30:18.708] [STEP ] [main] >> Clicking: [data-test='add-to-cart-sauce-labs-bike-light']
[2026-06-04 11:30:18.758] [STEP ] [main] >> Adding to cart: sauce-labs-bolt-t-shirt
[2026-06-04 11:30:18.758] [STEP ] [main] >> Clicking: [data-test='add-to-cart-sauce-labs-bolt-t-shirt']
[2026-06-04 11:30:18.807] [INFO ] [main] [PASSED] testAddMultipleItemsToCart
[2026-06-04 11:30:18.809] [INFO ] [main] TEST END: testAddMultipleItemsToCart => PASSED
[2026-06-04 11:30:18.809] [INFO ] [main] ----------------------------------------
[2026-06-04 11:30:18.814] [DEBUG] [main] Browser context closed
[2026-06-04 11:30:18.817] [INFO ] [main] ========================================
[2026-06-04 11:30:18.817] [INFO ] [main] TEST START: testAddAllItemsToCart
[2026-06-04 11:30:18.817] [INFO ] [main] ========================================
[2026-06-04 11:30:18.926] [INFO ] [main] New browser context and page created
[2026-06-04 11:30:18.928] [STEP ] [main] >> Navigating to: https://www.saucedemo.com
[2026-06-04 11:30:19.510] [INFO ] [main] Login page loaded
[2026-06-04 11:30:19.510] [INFO ] [main] Logging in as: standard_user
[2026-06-04 11:30:19.510] [STEP ] [main] >> Typing 'standard_user' into #user-name
[2026-06-04 11:30:19.552] [STEP ] [main] >> Typing [MASKED] into #password
[2026-06-04 11:30:19.575] [STEP ] [main] >> Clicking: #login-button
[2026-06-04 11:30:19.663] [STEP ] [main] >> Adding to cart: sauce-labs-backpack
[2026-06-04 11:30:19.663] [STEP ] [main] >> Clicking: [data-test='add-to-cart-sauce-labs-backpack']
[2026-06-04 11:30:19.709] [STEP ] [main] >> Adding to cart: sauce-labs-bike-light
[2026-06-04 11:30:19.709] [STEP ] [main] >> Clicking: [data-test='add-to-cart-sauce-labs-bike-light']
[2026-06-04 11:30:19.760] [STEP ] [main] >> Adding to cart: sauce-labs-bolt-t-shirt
[2026-06-04 11:30:19.760] [STEP ] [main] >> Clicking: [data-test='add-to-cart-sauce-labs-bolt-t-shirt']
[2026-06-04 11:30:19.812] [STEP ] [main] >> Adding to cart: sauce-labs-fleece-jacket
[2026-06-04 11:30:19.813] [STEP ] [main] >> Clicking: [data-test='add-to-cart-sauce-labs-fleece-jacket']
[2026-06-04 11:30:19.862] [STEP ] [main] >> Adding to cart: sauce-labs-onesie
[2026-06-04 11:30:19.863] [STEP ] [main] >> Clicking: [data-test='add-to-cart-sauce-labs-onesie']
[2026-06-04 11:30:19.907] [STEP ] [main] >> Adding to cart: test.allthethings()-t-shirt-(red)
[2026-06-04 11:30:19.907] [STEP ] [main] >> Clicking: [data-test='add-to-cart-test.allthethings()-t-shirt-(red)']
[2026-06-04 11:30:19.952] [INFO ] [main] [PASSED] testAddAllItemsToCart
[2026-06-04 11:30:19.954] [INFO ] [main] TEST END: testAddAllItemsToCart => PASSED
[2026-06-04 11:30:19.954] [INFO ] [main] ----------------------------------------
[2026-06-04 11:30:19.958] [DEBUG] [main] Browser context closed
[2026-06-04 11:30:19.961] [INFO ] [main] ========================================
[2026-06-04 11:30:19.961] [INFO ] [main] TEST START: testRemoveItemFromProductsPage
[2026-06-04 11:30:19.962] [INFO ] [main] ========================================
[2026-06-04 11:30:20.034] [INFO ] [main] New browser context and page created
[2026-06-04 11:30:20.035] [STEP ] [main] >> Navigating to: https://www.saucedemo.com
[2026-06-04 11:30:20.668] [INFO ] [main] Login page loaded
[2026-06-04 11:30:20.668] [INFO ] [main] Logging in as: standard_user
[2026-06-04 11:30:20.669] [STEP ] [main] >> Typing 'standard_user' into #user-name
[2026-06-04 11:30:20.719] [STEP ] [main] >> Typing [MASKED] into #password
[2026-06-04 11:30:20.739] [STEP ] [main] >> Clicking: #login-button
[2026-06-04 11:30:20.837] [STEP ] [main] >> Adding to cart: sauce-labs-backpack
[2026-06-04 11:30:20.837] [STEP ] [main] >> Clicking: [data-test='add-to-cart-sauce-labs-backpack']
[2026-06-04 11:30:20.907] [STEP ] [main] >> Removing from cart: sauce-labs-backpack
[2026-06-04 11:30:20.907] [STEP ] [main] >> Clicking: [data-test='remove-sauce-labs-backpack']
[2026-06-04 11:30:20.954] [INFO ] [main] [PASSED] testRemoveItemFromProductsPage
[2026-06-04 11:30:20.957] [INFO ] [main] TEST END: testRemoveItemFromProductsPage => PASSED
[2026-06-04 11:30:20.960] [INFO ] [main] ----------------------------------------
[2026-06-04 11:30:20.974] [DEBUG] [main] Browser context closed
[2026-06-04 11:30:20.983] [INFO ] [main] ========================================
[2026-06-04 11:30:20.983] [INFO ] [main] TEST START: testAddAndRemoveMultiple
[2026-06-04 11:30:20.983] [INFO ] [main] ========================================
[2026-06-04 11:30:21.245] [INFO ] [main] New browser context and page created
[2026-06-04 11:30:21.248] [STEP ] [main] >> Navigating to: https://www.saucedemo.com
[2026-06-04 11:30:21.883] [INFO ] [main] Login page loaded
[2026-06-04 11:30:21.883] [INFO ] [main] Logging in as: standard_user
[2026-06-04 11:30:21.883] [STEP ] [main] >> Typing 'standard_user' into #user-name
[2026-06-04 11:30:21.935] [STEP ] [main] >> Typing [MASKED] into #password
[2026-06-04 11:30:21.953] [STEP ] [main] >> Clicking: #login-button
[2026-06-04 11:30:22.045] [STEP ] [main] >> Adding to cart: sauce-labs-backpack
[2026-06-04 11:30:22.046] [STEP ] [main] >> Clicking: [data-test='add-to-cart-sauce-labs-backpack']
[2026-06-04 11:30:22.093] [STEP ] [main] >> Adding to cart: sauce-labs-bike-light
[2026-06-04 11:30:22.093] [STEP ] [main] >> Clicking: [data-test='add-to-cart-sauce-labs-bike-light']
[2026-06-04 11:30:22.146] [STEP ] [main] >> Removing from cart: sauce-labs-backpack
[2026-06-04 11:30:22.146] [STEP ] [main] >> Clicking: [data-test='remove-sauce-labs-backpack']
[2026-06-04 11:30:22.261] [INFO ] [main] [PASSED] testAddAndRemoveMultiple
[2026-06-04 11:30:22.263] [INFO ] [main] TEST END: testAddAndRemoveMultiple => PASSED
[2026-06-04 11:30:22.263] [INFO ] [main] ----------------------------------------
[2026-06-04 11:30:22.266] [DEBUG] [main] Browser context closed
[2026-06-04 11:30:22.320] [INFO ] [main] Browser closed
[2026-06-04 11:30:22.322] [INFO ] [main] 
[2026-06-04 11:30:22.322] [INFO ] [main] ==========================================
[2026-06-04 11:30:22.322] [INFO ] [main]          FINAL TEST RESULTS               
[2026-06-04 11:30:22.322] [INFO ] [main] ==========================================
[2026-06-04 11:30:22.322] [INFO ] [main]   Passed  : 29
[2026-06-04 11:30:22.323] [INFO ] [main]   Failed  : 0
[2026-06-04 11:30:22.323] [INFO ] [main]   Skipped : 0
[2026-06-04 11:30:22.323] [INFO ] [main]   Total   : 29
[2026-06-04 11:30:22.323] [INFO ] [main]   Pass Rate: 100.0%
[2026-06-04 11:30:22.323] [INFO ] [main] ==========================================
[2026-06-04 11:30:22.328] [INFO ] [main] Test Suite starting: Cart Tests
[2026-06-04 11:30:22.329] [INFO ] [main] Launching browser: chromium | headless: true | slowMotion: 0ms
[2026-06-04 11:30:22.482] [INFO ] [main] chromium browser launched
[2026-06-04 11:30:22.485] [INFO ] [main] ========================================
[2026-06-04 11:30:22.486] [INFO ] [main] TEST START: testEmptyCartPage
[2026-06-04 11:30:22.486] [INFO ] [main] ========================================
[2026-06-04 11:30:22.601] [INFO ] [main] New browser context and page created
[2026-06-04 11:30:22.605] [STEP ] [main] >> Navigating to: https://www.saucedemo.com
[2026-06-04 11:30:23.224] [INFO ] [main] Login page loaded
[2026-06-04 11:30:23.224] [INFO ] [main] Logging in as: standard_user
[2026-06-04 11:30:23.225] [STEP ] [main] >> Typing 'standard_user' into #user-name
[2026-06-04 11:30:23.264] [STEP ] [main] >> Typing [MASKED] into #password
[2026-06-04 11:30:23.283] [STEP ] [main] >> Clicking: #login-button
[2026-06-04 11:30:23.358] [STEP ] [main] >> Navigating to cart
[2026-06-04 11:30:23.358] [STEP ] [main] >> Clicking: .shopping_cart_link
[2026-06-04 11:30:23.426] [INFO ] [main] [PASSED] testEmptyCartPage
[2026-06-04 11:30:23.428] [INFO ] [main] TEST END: testEmptyCartPage => PASSED
[2026-06-04 11:30:23.428] [INFO ] [main] ----------------------------------------
[2026-06-04 11:30:23.433] [DEBUG] [main] Browser context closed
[2026-06-04 11:30:23.435] [INFO ] [main] ========================================
[2026-06-04 11:30:23.435] [INFO ] [main] TEST START: testSingleItemInCart
[2026-06-04 11:30:23.436] [INFO ] [main] ========================================
[2026-06-04 11:30:23.515] [INFO ] [main] New browser context and page created
[2026-06-04 11:30:23.518] [STEP ] [main] >> Navigating to: https://www.saucedemo.com
[2026-06-04 11:30:24.105] [INFO ] [main] Login page loaded
[2026-06-04 11:30:24.108] [INFO ] [main] Logging in as: standard_user
[2026-06-04 11:30:24.109] [STEP ] [main] >> Typing 'standard_user' into #user-name
[2026-06-04 11:30:24.150] [STEP ] [main] >> Typing [MASKED] into #password
[2026-06-04 11:30:24.166] [STEP ] [main] >> Clicking: #login-button
[2026-06-04 11:30:24.246] [STEP ] [main] >> Adding to cart: sauce-labs-backpack
[2026-06-04 11:30:24.246] [STEP ] [main] >> Clicking: [data-test='add-to-cart-sauce-labs-backpack']
[2026-06-04 11:30:24.302] [STEP ] [main] >> Navigating to cart
[2026-06-04 11:30:24.302] [STEP ] [main] >> Clicking: .shopping_cart_link
[2026-06-04 11:30:24.370] [INFO ] [main] [PASSED] testSingleItemInCart
[2026-06-04 11:30:24.371] [INFO ] [main] TEST END: testSingleItemInCart => PASSED
[2026-06-04 11:30:24.372] [INFO ] [main] ----------------------------------------
[2026-06-04 11:30:24.376] [DEBUG] [main] Browser context closed
[2026-06-04 11:30:24.379] [INFO ] [main] ========================================
[2026-06-04 11:30:24.379] [INFO ] [main] TEST START: testMultipleItemsInCart
[2026-06-04 11:30:24.379] [INFO ] [main] ========================================
[2026-06-04 11:30:24.463] [INFO ] [main] New browser context and page created
[2026-06-04 11:30:24.466] [STEP ] [main] >> Navigating to: https://www.saucedemo.com
[2026-06-04 11:30:25.048] [INFO ] [main] Login page loaded
[2026-06-04 11:30:25.048] [INFO ] [main] Logging in as: standard_user
[2026-06-04 11:30:25.048] [STEP ] [main] >> Typing 'standard_user' into #user-name
[2026-06-04 11:30:25.088] [STEP ] [main] >> Typing [MASKED] into #password
[2026-06-04 11:30:25.106] [STEP ] [main] >> Clicking: #login-button
[2026-06-04 11:30:25.173] [STEP ] [main] >> Adding to cart: sauce-labs-backpack
[2026-06-04 11:30:25.173] [STEP ] [main] >> Clicking: [data-test='add-to-cart-sauce-labs-backpack']
[2026-06-04 11:30:25.220] [STEP ] [main] >> Adding to cart: sauce-labs-bike-light
[2026-06-04 11:30:25.220] [STEP ] [main] >> Clicking: [data-test='add-to-cart-sauce-labs-bike-light']
[2026-06-04 11:30:25.508] [STEP ] [main] >> Adding to cart: sauce-labs-fleece-jacket
[2026-06-04 11:30:25.508] [STEP ] [main] >> Clicking: [data-test='add-to-cart-sauce-labs-fleece-jacket']
[2026-06-04 11:30:25.614] [STEP ] [main] >> Navigating to cart
[2026-06-04 11:30:25.615] [STEP ] [main] >> Clicking: .shopping_cart_link
[2026-06-04 11:30:25.669] [INFO ] [main] [PASSED] testMultipleItemsInCart
[2026-06-04 11:30:25.671] [INFO ] [main] TEST END: testMultipleItemsInCart => PASSED
[2026-06-04 11:30:25.672] [INFO ] [main] ----------------------------------------
[2026-06-04 11:30:25.678] [DEBUG] [main] Browser context closed
[2026-06-04 11:30:25.683] [INFO ] [main] ========================================
[2026-06-04 11:30:25.683] [INFO ] [main] TEST START: testRemoveItemFromCart
[2026-06-04 11:30:25.684] [INFO ] [main] ========================================
[2026-06-04 11:30:25.788] [INFO ] [main] New browser context and page created
[2026-06-04 11:30:25.792] [STEP ] [main] >> Navigating to: https://www.saucedemo.com
[2026-06-04 11:30:26.363] [INFO ] [main] Login page loaded
[2026-06-04 11:30:26.363] [INFO ] [main] Logging in as: standard_user
[2026-06-04 11:30:26.363] [STEP ] [main] >> Typing 'standard_user' into #user-name
[2026-06-04 11:30:26.412] [STEP ] [main] >> Typing [MASKED] into #password
[2026-06-04 11:30:26.428] [STEP ] [main] >> Clicking: #login-button
[2026-06-04 11:30:26.500] [STEP ] [main] >> Adding to cart: sauce-labs-backpack
[2026-06-04 11:30:26.500] [STEP ] [main] >> Clicking: [data-test='add-to-cart-sauce-labs-backpack']
[2026-06-04 11:30:26.552] [STEP ] [main] >> Adding to cart: sauce-labs-bike-light
[2026-06-04 11:30:26.553] [STEP ] [main] >> Clicking: [data-test='add-to-cart-sauce-labs-bike-light']
[2026-06-04 11:30:26.596] [STEP ] [main] >> Navigating to cart
[2026-06-04 11:30:26.597] [STEP ] [main] >> Clicking: .shopping_cart_link
[2026-06-04 11:30:26.660] [STEP ] [main] >> Removing item from cart: sauce-labs-backpack
[2026-06-04 11:30:26.661] [STEP ] [main] >> Clicking: [data-test='remove-sauce-labs-backpack']
[2026-06-04 11:30:26.735] [INFO ] [main] [PASSED] testRemoveItemFromCart
[2026-06-04 11:30:26.739] [INFO ] [main] TEST END: testRemoveItemFromCart => PASSED
[2026-06-04 11:30:26.739] [INFO ] [main] ----------------------------------------
[2026-06-04 11:30:26.746] [DEBUG] [main] Browser context closed
[2026-06-04 11:30:26.750] [INFO ] [main] ========================================
[2026-06-04 11:30:26.751] [INFO ] [main] TEST START: testRemoveAllItemsFromCart
[2026-06-04 11:30:26.751] [INFO ] [main] ========================================
[2026-06-04 11:30:26.855] [INFO ] [main] New browser context and page created
[2026-06-04 11:30:26.860] [STEP ] [main] >> Navigating to: https://www.saucedemo.com
[2026-06-04 11:30:27.426] [INFO ] [main] Login page loaded
[2026-06-04 11:30:27.426] [INFO ] [main] Logging in as: standard_user
[2026-06-04 11:30:27.426] [STEP ] [main] >> Typing 'standard_user' into #user-name
[2026-06-04 11:30:27.468] [STEP ] [main] >> Typing [MASKED] into #password
[2026-06-04 11:30:27.484] [STEP ] [main] >> Clicking: #login-button
[2026-06-04 11:30:27.564] [STEP ] [main] >> Adding to cart: sauce-labs-backpack
[2026-06-04 11:30:27.564] [STEP ] [main] >> Clicking: [data-test='add-to-cart-sauce-labs-backpack']
[2026-06-04 11:30:27.617] [STEP ] [main] >> Adding to cart: sauce-labs-bike-light
[2026-06-04 11:30:27.617] [STEP ] [main] >> Clicking: [data-test='add-to-cart-sauce-labs-bike-light']
[2026-06-04 11:30:27.666] [STEP ] [main] >> Navigating to cart
[2026-06-04 11:30:27.666] [STEP ] [main] >> Clicking: .shopping_cart_link
[2026-06-04 11:30:27.727] [STEP ] [main] >> Removing item from cart: sauce-labs-backpack
[2026-06-04 11:30:27.728] [STEP ] [main] >> Clicking: [data-test='remove-sauce-labs-backpack']
[2026-06-04 11:30:27.762] [STEP ] [main] >> Removing item from cart: sauce-labs-bike-light
[2026-06-04 11:30:27.763] [STEP ] [main] >> Clicking: [data-test='remove-sauce-labs-bike-light']
[2026-06-04 11:30:27.817] [INFO ] [main] [PASSED] testRemoveAllItemsFromCart
[2026-06-04 11:30:27.819] [INFO ] [main] TEST END: testRemoveAllItemsFromCart => PASSED
[2026-06-04 11:30:27.820] [INFO ] [main] ----------------------------------------
[2026-06-04 11:30:27.827] [DEBUG] [main] Browser context closed
[2026-06-04 11:30:27.830] [INFO ] [main] ========================================
[2026-06-04 11:30:27.830] [INFO ] [main] TEST START: testContinueShopping
[2026-06-04 11:30:27.830] [INFO ] [main] ========================================
[2026-06-04 11:30:27.915] [INFO ] [main] New browser context and page created
[2026-06-04 11:30:27.919] [STEP ] [main] >> Navigating to: https://www.saucedemo.com
[2026-06-04 11:30:28.503] [INFO ] [main] Login page loaded
[2026-06-04 11:30:28.504] [INFO ] [main] Logging in as: standard_user
[2026-06-04 11:30:28.504] [STEP ] [main] >> Typing 'standard_user' into #user-name
[2026-06-04 11:30:28.545] [STEP ] [main] >> Typing [MASKED] into #password
[2026-06-04 11:30:28.562] [STEP ] [main] >> Clicking: #login-button
[2026-06-04 11:30:28.657] [STEP ] [main] >> Adding to cart: sauce-labs-backpack
[2026-06-04 11:30:28.657] [STEP ] [main] >> Clicking: [data-test='add-to-cart-sauce-labs-backpack']
[2026-06-04 11:30:28.720] [STEP ] [main] >> Navigating to cart
[2026-06-04 11:30:28.721] [STEP ] [main] >> Clicking: .shopping_cart_link
[2026-06-04 11:30:28.770] [STEP ] [main] >> Continuing shopping
[2026-06-04 11:30:28.770] [STEP ] [main] >> Clicking: [data-test='continue-shopping']
[2026-06-04 11:30:28.878] [INFO ] [main] [PASSED] testContinueShopping
[2026-06-04 11:30:28.881] [INFO ] [main] TEST END: testContinueShopping => PASSED
[2026-06-04 11:30:28.881] [INFO ] [main] ----------------------------------------
[2026-06-04 11:30:28.891] [DEBUG] [main] Browser context closed
[2026-06-04 11:30:28.894] [INFO ] [main] ========================================
[2026-06-04 11:30:28.895] [INFO ] [main] TEST START: testProceedToCheckout
[2026-06-04 11:30:28.896] [INFO ] [main] ========================================
[2026-06-04 11:30:28.981] [INFO ] [main] New browser context and page created
[2026-06-04 11:30:28.983] [STEP ] [main] >> Navigating to: https://www.saucedemo.com
[2026-06-04 11:30:29.594] [INFO ] [main] Login page loaded
[2026-06-04 11:30:29.594] [INFO ] [main] Logging in as: standard_user
[2026-06-04 11:30:29.595] [STEP ] [main] >> Typing 'standard_user' into #user-name
[2026-06-04 11:30:29.645] [STEP ] [main] >> Typing [MASKED] into #password
[2026-06-04 11:30:29.663] [STEP ] [main] >> Clicking: #login-button
[2026-06-04 11:30:29.761] [STEP ] [main] >> Adding to cart: sauce-labs-backpack
[2026-06-04 11:30:29.761] [STEP ] [main] >> Clicking: [data-test='add-to-cart-sauce-labs-backpack']
[2026-06-04 11:30:29.816] [STEP ] [main] >> Navigating to cart
[2026-06-04 11:30:29.817] [STEP ] [main] >> Clicking: .shopping_cart_link
[2026-06-04 11:30:29.847] [STEP ] [main] >> Proceeding to checkout
[2026-06-04 11:30:29.848] [STEP ] [main] >> Clicking: [data-test='checkout']
[2026-06-04 11:30:29.905] [INFO ] [main] [PASSED] testProceedToCheckout
[2026-06-04 11:30:29.905] [INFO ] [main] TEST END: testProceedToCheckout => PASSED
[2026-06-04 11:30:29.914] [INFO ] [main] ----------------------------------------
[2026-06-04 11:30:29.921] [DEBUG] [main] Browser context closed
[2026-06-04 11:30:29.974] [INFO ] [main] Browser closed
[2026-06-04 11:30:29.975] [INFO ] [main] 
[2026-06-04 11:30:29.975] [INFO ] [main] ==========================================
[2026-06-04 11:30:29.975] [INFO ] [main]          FINAL TEST RESULTS               
[2026-06-04 11:30:29.976] [INFO ] [main] ==========================================
[2026-06-04 11:30:29.976] [INFO ] [main]   Passed  : 36
[2026-06-04 11:30:29.976] [INFO ] [main]   Failed  : 0
[2026-06-04 11:30:29.976] [INFO ] [main]   Skipped : 0
[2026-06-04 11:30:29.977] [INFO ] [main]   Total   : 36
[2026-06-04 11:30:29.977] [INFO ] [main]   Pass Rate: 100.0%
[2026-06-04 11:30:29.977] [INFO ] [main] ==========================================
[2026-06-04 11:30:29.983] [INFO ] [main] Test Suite starting: Checkout Tests
[2026-06-04 11:30:29.985] [INFO ] [main] Launching browser: chromium | headless: true | slowMotion: 0ms
[2026-06-04 11:30:30.147] [INFO ] [main] chromium browser launched
[2026-06-04 11:30:30.148] [INFO ] [main] ========================================
[2026-06-04 11:30:30.151] [INFO ] [main] TEST START: testCheckoutStepOneLoads
[2026-06-04 11:30:30.153] [INFO ] [main] ========================================
[2026-06-04 11:30:30.271] [INFO ] [main] New browser context and page created
[2026-06-04 11:30:30.275] [STEP ] [main] >> Navigating to: https://www.saucedemo.com
[2026-06-04 11:30:30.876] [INFO ] [main] Login page loaded
[2026-06-04 11:30:30.877] [INFO ] [main] Logging in as: standard_user
[2026-06-04 11:30:30.877] [STEP ] [main] >> Typing 'standard_user' into #user-name
[2026-06-04 11:30:30.921] [STEP ] [main] >> Typing [MASKED] into #password
[2026-06-04 11:30:30.937] [STEP ] [main] >> Clicking: #login-button
[2026-06-04 11:30:31.017] [STEP ] [main] >> Adding to cart: sauce-labs-backpack
[2026-06-04 11:30:31.017] [STEP ] [main] >> Clicking: [data-test='add-to-cart-sauce-labs-backpack']
[2026-06-04 11:30:31.068] [STEP ] [main] >> Navigating to cart
[2026-06-04 11:30:31.069] [STEP ] [main] >> Clicking: .shopping_cart_link
[2026-06-04 11:30:31.116] [STEP ] [main] >> Proceeding to checkout
[2026-06-04 11:30:31.116] [STEP ] [main] >> Clicking: [data-test='checkout']
[2026-06-04 11:30:31.181] [INFO ] [main] [PASSED] testCheckoutStepOneLoads
[2026-06-04 11:30:31.184] [INFO ] [main] TEST END: testCheckoutStepOneLoads => PASSED
[2026-06-04 11:30:31.185] [INFO ] [main] ----------------------------------------
[2026-06-04 11:30:31.190] [DEBUG] [main] Browser context closed
[2026-06-04 11:30:31.194] [INFO ] [main] ========================================
[2026-06-04 11:30:31.195] [INFO ] [main] TEST START: testValidCheckoutInfo
[2026-06-04 11:30:31.195] [INFO ] [main] ========================================
[2026-06-04 11:30:31.293] [INFO ] [main] New browser context and page created
[2026-06-04 11:30:31.295] [STEP ] [main] >> Navigating to: https://www.saucedemo.com
[2026-06-04 11:30:31.909] [INFO ] [main] Login page loaded
[2026-06-04 11:30:31.909] [INFO ] [main] Logging in as: standard_user
[2026-06-04 11:30:31.910] [STEP ] [main] >> Typing 'standard_user' into #user-name
[2026-06-04 11:30:31.956] [STEP ] [main] >> Typing [MASKED] into #password
[2026-06-04 11:30:31.971] [STEP ] [main] >> Clicking: #login-button
[2026-06-04 11:30:32.044] [STEP ] [main] >> Adding to cart: sauce-labs-backpack
[2026-06-04 11:30:32.044] [STEP ] [main] >> Clicking: [data-test='add-to-cart-sauce-labs-backpack']
[2026-06-04 11:30:32.094] [STEP ] [main] >> Navigating to cart
[2026-06-04 11:30:32.094] [STEP ] [main] >> Clicking: .shopping_cart_link
[2026-06-04 11:30:32.147] [STEP ] [main] >> Proceeding to checkout
[2026-06-04 11:30:32.147] [STEP ] [main] >> Clicking: [data-test='checkout']
[2026-06-04 11:30:32.196] [STEP ] [main] >> Typing 'John' into [data-test='firstName']
[2026-06-04 11:30:32.210] [STEP ] [main] >> Typing 'Doe' into [data-test='lastName']
[2026-06-04 11:30:32.222] [STEP ] [main] >> Typing '10001' into [data-test='postalCode']
[2026-06-04 11:30:32.233] [STEP ] [main] >> Clicking: [data-test='continue']
[2026-06-04 11:30:32.295] [INFO ] [main] [PASSED] testValidCheckoutInfo
[2026-06-04 11:30:32.297] [INFO ] [main] TEST END: testValidCheckoutInfo => PASSED
[2026-06-04 11:30:32.297] [INFO ] [main] ----------------------------------------
[2026-06-04 11:30:32.302] [DEBUG] [main] Browser context closed
[2026-06-04 11:30:32.305] [INFO ] [main] ========================================
[2026-06-04 11:30:32.305] [INFO ] [main] TEST START: testValidCheckoutInfo
[2026-06-04 11:30:32.306] [INFO ] [main] ========================================
[2026-06-04 11:30:32.409] [INFO ] [main] New browser context and page created
[2026-06-04 11:30:32.412] [STEP ] [main] >> Navigating to: https://www.saucedemo.com
[2026-06-04 11:30:33.229] [INFO ] [main] Login page loaded
[2026-06-04 11:30:33.229] [INFO ] [main] Logging in as: standard_user
[2026-06-04 11:30:33.231] [STEP ] [main] >> Typing 'standard_user' into #user-name
[2026-06-04 11:30:33.275] [STEP ] [main] >> Typing [MASKED] into #password
[2026-06-04 11:30:33.292] [STEP ] [main] >> Clicking: #login-button
[2026-06-04 11:30:33.355] [STEP ] [main] >> Adding to cart: sauce-labs-backpack
[2026-06-04 11:30:33.355] [STEP ] [main] >> Clicking: [data-test='add-to-cart-sauce-labs-backpack']
[2026-06-04 11:30:33.404] [STEP ] [main] >> Navigating to cart
[2026-06-04 11:30:33.405] [STEP ] [main] >> Clicking: .shopping_cart_link
[2026-06-04 11:30:33.449] [STEP ] [main] >> Proceeding to checkout
[2026-06-04 11:30:33.449] [STEP ] [main] >> Clicking: [data-test='checkout']
[2026-06-04 11:30:33.483] [STEP ] [main] >> Typing 'Jane' into [data-test='firstName']
[2026-06-04 11:30:33.501] [STEP ] [main] >> Typing 'Smith' into [data-test='lastName']
[2026-06-04 11:30:33.517] [STEP ] [main] >> Typing '90210' into [data-test='postalCode']
[2026-06-04 11:30:33.535] [STEP ] [main] >> Clicking: [data-test='continue']
[2026-06-04 11:30:33.578] [INFO ] [main] [PASSED] testValidCheckoutInfo
[2026-06-04 11:30:33.581] [INFO ] [main] TEST END: testValidCheckoutInfo => PASSED
[2026-06-04 11:30:33.582] [INFO ] [main] ----------------------------------------
[2026-06-04 11:30:33.590] [DEBUG] [main] Browser context closed
[2026-06-04 11:30:33.591] [INFO ] [main] ========================================
[2026-06-04 11:30:33.592] [INFO ] [main] TEST START: testValidCheckoutInfo
[2026-06-04 11:30:33.592] [INFO ] [main] ========================================
[2026-06-04 11:30:33.678] [INFO ] [main] New browser context and page created
[2026-06-04 11:30:33.683] [STEP ] [main] >> Navigating to: https://www.saucedemo.com
[2026-06-04 11:30:34.281] [INFO ] [main] Login page loaded
[2026-06-04 11:30:34.282] [INFO ] [main] Logging in as: standard_user
[2026-06-04 11:30:34.282] [STEP ] [main] >> Typing 'standard_user' into #user-name
[2026-06-04 11:30:34.324] [STEP ] [main] >> Typing [MASKED] into #password
[2026-06-04 11:30:34.343] [STEP ] [main] >> Clicking: #login-button
[2026-06-04 11:30:34.425] [STEP ] [main] >> Adding to cart: sauce-labs-backpack
[2026-06-04 11:30:34.425] [STEP ] [main] >> Clicking: [data-test='add-to-cart-sauce-labs-backpack']
[2026-06-04 11:30:34.477] [STEP ] [main] >> Navigating to cart
[2026-06-04 11:30:34.477] [STEP ] [main] >> Clicking: .shopping_cart_link
[2026-06-04 11:30:34.533] [STEP ] [main] >> Proceeding to checkout
[2026-06-04 11:30:34.533] [STEP ] [main] >> Clicking: [data-test='checkout']
[2026-06-04 11:30:34.570] [STEP ] [main] >> Typing 'Alex' into [data-test='firstName']
[2026-06-04 11:30:34.588] [STEP ] [main] >> Typing 'Brown' into [data-test='lastName']
[2026-06-04 11:30:34.604] [STEP ] [main] >> Typing '60601' into [data-test='postalCode']
[2026-06-04 11:30:34.622] [STEP ] [main] >> Clicking: [data-test='continue']
[2026-06-04 11:30:34.700] [INFO ] [main] [PASSED] testValidCheckoutInfo
[2026-06-04 11:30:34.703] [INFO ] [main] TEST END: testValidCheckoutInfo => PASSED
[2026-06-04 11:30:34.703] [INFO ] [main] ----------------------------------------
[2026-06-04 11:30:34.711] [DEBUG] [main] Browser context closed
[2026-06-04 11:30:34.715] [INFO ] [main] ========================================
[2026-06-04 11:30:34.715] [INFO ] [main] TEST START: testInvalidCheckoutInfo
[2026-06-04 11:30:34.715] [INFO ] [main] ========================================
[2026-06-04 11:30:34.800] [INFO ] [main] New browser context and page created
[2026-06-04 11:30:34.809] [STEP ] [main] >> Navigating to: https://www.saucedemo.com
[2026-06-04 11:30:35.453] [INFO ] [main] Login page loaded
[2026-06-04 11:30:35.454] [INFO ] [main] Logging in as: standard_user
[2026-06-04 11:30:35.454] [STEP ] [main] >> Typing 'standard_user' into #user-name
[2026-06-04 11:30:35.521] [STEP ] [main] >> Typing [MASKED] into #password
[2026-06-04 11:30:35.556] [STEP ] [main] >> Clicking: #login-button
[2026-06-04 11:30:35.659] [STEP ] [main] >> Adding to cart: sauce-labs-backpack
[2026-06-04 11:30:35.659] [STEP ] [main] >> Clicking: [data-test='add-to-cart-sauce-labs-backpack']
[2026-06-04 11:30:35.729] [STEP ] [main] >> Navigating to cart
[2026-06-04 11:30:35.731] [STEP ] [main] >> Clicking: .shopping_cart_link
[2026-06-04 11:30:35.791] [STEP ] [main] >> Proceeding to checkout
[2026-06-04 11:30:35.792] [STEP ] [main] >> Clicking: [data-test='checkout']
[2026-06-04 11:30:35.909] [STEP ] [main] >> Typing '' into [data-test='firstName']
[2026-06-04 11:30:35.974] [STEP ] [main] >> Typing 'Doe' into [data-test='lastName']
[2026-06-04 11:30:35.996] [STEP ] [main] >> Typing '10001' into [data-test='postalCode']
[2026-06-04 11:30:36.020] [STEP ] [main] >> Clicking: [data-test='continue']
[2026-06-04 11:30:36.106] [INFO ] [main] [PASSED] testInvalidCheckoutInfo
[2026-06-04 11:30:36.108] [INFO ] [main] TEST END: testInvalidCheckoutInfo => PASSED
[2026-06-04 11:30:36.108] [INFO ] [main] ----------------------------------------
[2026-06-04 11:30:36.116] [DEBUG] [main] Browser context closed
[2026-06-04 11:30:36.119] [INFO ] [main] ========================================
[2026-06-04 11:30:36.120] [INFO ] [main] TEST START: testInvalidCheckoutInfo
[2026-06-04 11:30:36.120] [INFO ] [main] ========================================
[2026-06-04 11:30:36.222] [INFO ] [main] New browser context and page created
[2026-06-04 11:30:36.228] [STEP ] [main] >> Navigating to: https://www.saucedemo.com
[2026-06-04 11:30:36.832] [INFO ] [main] Login page loaded
[2026-06-04 11:30:36.833] [INFO ] [main] Logging in as: standard_user
[2026-06-04 11:30:36.833] [STEP ] [main] >> Typing 'standard_user' into #user-name
[2026-06-04 11:30:36.880] [STEP ] [main] >> Typing [MASKED] into #password
[2026-06-04 11:30:36.896] [STEP ] [main] >> Clicking: #login-button
[2026-06-04 11:30:36.980] [STEP ] [main] >> Adding to cart: sauce-labs-backpack
[2026-06-04 11:30:36.980] [STEP ] [main] >> Clicking: [data-test='add-to-cart-sauce-labs-backpack']
[2026-06-04 11:30:37.034] [STEP ] [main] >> Navigating to cart
[2026-06-04 11:30:37.034] [STEP ] [main] >> Clicking: .shopping_cart_link
[2026-06-04 11:30:37.103] [STEP ] [main] >> Proceeding to checkout
[2026-06-04 11:30:37.104] [STEP ] [main] >> Clicking: [data-test='checkout']
[2026-06-04 11:30:37.193] [STEP ] [main] >> Typing 'John' into [data-test='firstName']
[2026-06-04 11:30:37.220] [STEP ] [main] >> Typing '' into [data-test='lastName']
[2026-06-04 11:30:37.240] [STEP ] [main] >> Typing '10001' into [data-test='postalCode']
[2026-06-04 11:30:37.255] [STEP ] [main] >> Clicking: [data-test='continue']
[2026-06-04 11:30:37.335] [INFO ] [main] [PASSED] testInvalidCheckoutInfo
[2026-06-04 11:30:37.337] [INFO ] [main] TEST END: testInvalidCheckoutInfo => PASSED
[2026-06-04 11:30:37.337] [INFO ] [main] ----------------------------------------
[2026-06-04 11:30:37.344] [DEBUG] [main] Browser context closed
[2026-06-04 11:30:37.348] [INFO ] [main] ========================================
[2026-06-04 11:30:37.348] [INFO ] [main] TEST START: testInvalidCheckoutInfo
[2026-06-04 11:30:37.349] [INFO ] [main] ========================================
[2026-06-04 11:30:37.443] [INFO ] [main] New browser context and page created
[2026-06-04 11:30:37.446] [STEP ] [main] >> Navigating to: https://www.saucedemo.com
[2026-06-04 11:30:38.032] [INFO ] [main] Login page loaded
[2026-06-04 11:30:38.033] [INFO ] [main] Logging in as: standard_user
[2026-06-04 11:30:38.033] [STEP ] [main] >> Typing 'standard_user' into #user-name
[2026-06-04 11:30:38.080] [STEP ] [main] >> Typing [MASKED] into #password
[2026-06-04 11:30:38.100] [STEP ] [main] >> Clicking: #login-button
[2026-06-04 11:30:38.190] [STEP ] [main] >> Adding to cart: sauce-labs-backpack
[2026-06-04 11:30:38.190] [STEP ] [main] >> Clicking: [data-test='add-to-cart-sauce-labs-backpack']
[2026-06-04 11:30:38.245] [STEP ] [main] >> Navigating to cart
[2026-06-04 11:30:38.246] [STEP ] [main] >> Clicking: .shopping_cart_link
[2026-06-04 11:30:38.279] [STEP ] [main] >> Proceeding to checkout
[2026-06-04 11:30:38.280] [STEP ] [main] >> Clicking: [data-test='checkout']
[2026-06-04 11:30:38.349] [STEP ] [main] >> Typing 'John' into [data-test='firstName']
[2026-06-04 11:30:38.369] [STEP ] [main] >> Typing 'Doe' into [data-test='lastName']
[2026-06-04 11:30:38.386] [STEP ] [main] >> Typing '' into [data-test='postalCode']
[2026-06-04 11:30:38.401] [STEP ] [main] >> Clicking: [data-test='continue']
[2026-06-04 11:30:38.472] [INFO ] [main] [PASSED] testInvalidCheckoutInfo
[2026-06-04 11:30:38.474] [INFO ] [main] TEST END: testInvalidCheckoutInfo => PASSED
[2026-06-04 11:30:38.475] [INFO ] [main] ----------------------------------------
[2026-06-04 11:30:38.479] [DEBUG] [main] Browser context closed
[2026-06-04 11:30:38.481] [INFO ] [main] ========================================
[2026-06-04 11:30:38.483] [INFO ] [main] TEST START: testAllFieldsEmpty
[2026-06-04 11:30:38.483] [INFO ] [main] ========================================
[2026-06-04 11:30:38.559] [INFO ] [main] New browser context and page created
[2026-06-04 11:30:38.562] [STEP ] [main] >> Navigating to: https://www.saucedemo.com
[2026-06-04 11:30:39.128] [INFO ] [main] Login page loaded
[2026-06-04 11:30:39.137] [INFO ] [main] Logging in as: standard_user
[2026-06-04 11:30:39.137] [STEP ] [main] >> Typing 'standard_user' into #user-name
[2026-06-04 11:30:39.178] [STEP ] [main] >> Typing [MASKED] into #password
[2026-06-04 11:30:39.195] [STEP ] [main] >> Clicking: #login-button
[2026-06-04 11:30:39.274] [STEP ] [main] >> Adding to cart: sauce-labs-backpack
[2026-06-04 11:30:39.274] [STEP ] [main] >> Clicking: [data-test='add-to-cart-sauce-labs-backpack']
[2026-06-04 11:30:39.333] [STEP ] [main] >> Navigating to cart
[2026-06-04 11:30:39.334] [STEP ] [main] >> Clicking: .shopping_cart_link
[2026-06-04 11:30:39.364] [STEP ] [main] >> Proceeding to checkout
[2026-06-04 11:30:39.364] [STEP ] [main] >> Clicking: [data-test='checkout']
[2026-06-04 11:30:39.397] [STEP ] [main] >> Clicking: [data-test='continue']
[2026-06-04 11:30:39.449] [INFO ] [main] [PASSED] testAllFieldsEmpty
[2026-06-04 11:30:39.452] [INFO ] [main] TEST END: testAllFieldsEmpty => PASSED
[2026-06-04 11:30:39.452] [INFO ] [main] ----------------------------------------
[2026-06-04 11:30:39.457] [DEBUG] [main] Browser context closed
[2026-06-04 11:30:39.460] [INFO ] [main] ========================================
[2026-06-04 11:30:39.460] [INFO ] [main] TEST START: testCancelOnStepOne
[2026-06-04 11:30:39.460] [INFO ] [main] ========================================
[2026-06-04 11:30:39.574] [INFO ] [main] New browser context and page created
[2026-06-04 11:30:39.586] [STEP ] [main] >> Navigating to: https://www.saucedemo.com
[2026-06-04 11:30:40.223] [INFO ] [main] Login page loaded
[2026-06-04 11:30:40.223] [INFO ] [main] Logging in as: standard_user
[2026-06-04 11:30:40.223] [STEP ] [main] >> Typing 'standard_user' into #user-name
[2026-06-04 11:30:40.282] [STEP ] [main] >> Typing [MASKED] into #password
[2026-06-04 11:30:40.317] [STEP ] [main] >> Clicking: #login-button
[2026-06-04 11:30:40.425] [STEP ] [main] >> Adding to cart: sauce-labs-backpack
[2026-06-04 11:30:40.425] [STEP ] [main] >> Clicking: [data-test='add-to-cart-sauce-labs-backpack']
[2026-06-04 11:30:40.516] [STEP ] [main] >> Navigating to cart
[2026-06-04 11:30:40.516] [STEP ] [main] >> Clicking: .shopping_cart_link
[2026-06-04 11:30:40.579] [STEP ] [main] >> Proceeding to checkout
[2026-06-04 11:30:40.579] [STEP ] [main] >> Clicking: [data-test='checkout']
[2026-06-04 11:30:40.635] [STEP ] [main] >> Clicking: [data-test='cancel']
[2026-06-04 11:30:40.709] [INFO ] [main] [PASSED] testCancelOnStepOne
[2026-06-04 11:30:40.711] [INFO ] [main] TEST END: testCancelOnStepOne => PASSED
[2026-06-04 11:30:40.711] [INFO ] [main] ----------------------------------------
[2026-06-04 11:30:40.716] [DEBUG] [main] Browser context closed
[2026-06-04 11:30:40.718] [INFO ] [main] ========================================
[2026-06-04 11:30:40.719] [INFO ] [main] TEST START: testOverviewShowsSingleItem
[2026-06-04 11:30:40.719] [INFO ] [main] ========================================
[2026-06-04 11:30:40.838] [INFO ] [main] New browser context and page created
[2026-06-04 11:30:40.841] [STEP ] [main] >> Navigating to: https://www.saucedemo.com
[2026-06-04 11:30:41.600] [INFO ] [main] Login page loaded
[2026-06-04 11:30:41.601] [INFO ] [main] Logging in as: standard_user
[2026-06-04 11:30:41.601] [STEP ] [main] >> Typing 'standard_user' into #user-name
[2026-06-04 11:30:41.723] [STEP ] [main] >> Typing [MASKED] into #password
[2026-06-04 11:30:41.757] [STEP ] [main] >> Clicking: #login-button
[2026-06-04 11:30:42.003] [STEP ] [main] >> Adding to cart: sauce-labs-backpack
[2026-06-04 11:30:42.003] [STEP ] [main] >> Clicking: [data-test='add-to-cart-sauce-labs-backpack']
[2026-06-04 11:30:42.095] [STEP ] [main] >> Navigating to cart
[2026-06-04 11:30:42.097] [STEP ] [main] >> Clicking: .shopping_cart_link
[2026-06-04 11:30:42.306] [STEP ] [main] >> Proceeding to checkout
[2026-06-04 11:30:42.306] [STEP ] [main] >> Clicking: [data-test='checkout']
[2026-06-04 11:30:42.479] [STEP ] [main] >> Typing 'John' into [data-test='firstName']
[2026-06-04 11:30:42.528] [STEP ] [main] >> Typing 'Doe' into [data-test='lastName']
[2026-06-04 11:30:42.608] [STEP ] [main] >> Typing '12345' into [data-test='postalCode']
[2026-06-04 11:30:42.700] [STEP ] [main] >> Clicking: [data-test='continue']
[2026-06-04 11:30:42.890] [INFO ] [main] [PASSED] testOverviewShowsSingleItem
[2026-06-04 11:30:42.893] [INFO ] [main] TEST END: testOverviewShowsSingleItem => PASSED
[2026-06-04 11:30:42.898] [INFO ] [main] ----------------------------------------
[2026-06-04 11:30:42.937] [DEBUG] [main] Browser context closed
[2026-06-04 11:30:42.962] [INFO ] [main] ========================================
[2026-06-04 11:30:42.963] [INFO ] [main] TEST START: testOverviewShowsMultipleItems
[2026-06-04 11:30:42.964] [INFO ] [main] ========================================
[2026-06-04 11:30:43.231] [INFO ] [main] New browser context and page created
[2026-06-04 11:30:43.236] [STEP ] [main] >> Navigating to: https://www.saucedemo.com
[2026-06-04 11:30:44.040] [INFO ] [main] Login page loaded
[2026-06-04 11:30:44.040] [INFO ] [main] Logging in as: standard_user
[2026-06-04 11:30:44.046] [STEP ] [main] >> Typing 'standard_user' into #user-name
[2026-06-04 11:30:44.141] [STEP ] [main] >> Typing [MASKED] into #password
[2026-06-04 11:30:44.177] [STEP ] [main] >> Clicking: #login-button
[2026-06-04 11:30:44.325] [STEP ] [main] >> Adding to cart: sauce-labs-backpack
[2026-06-04 11:30:44.325] [STEP ] [main] >> Clicking: [data-test='add-to-cart-sauce-labs-backpack']
[2026-06-04 11:30:44.451] [STEP ] [main] >> Adding to cart: sauce-labs-bike-light
[2026-06-04 11:30:44.452] [STEP ] [main] >> Clicking: [data-test='add-to-cart-sauce-labs-bike-light']
[2026-06-04 11:30:44.521] [STEP ] [main] >> Adding to cart: sauce-labs-onesie
[2026-06-04 11:30:44.522] [STEP ] [main] >> Clicking: [data-test='add-to-cart-sauce-labs-onesie']
[2026-06-04 11:30:44.580] [STEP ] [main] >> Navigating to cart
[2026-06-04 11:30:44.581] [STEP ] [main] >> Clicking: .shopping_cart_link
[2026-06-04 11:30:44.676] [STEP ] [main] >> Proceeding to checkout
[2026-06-04 11:30:44.676] [STEP ] [main] >> Clicking: [data-test='checkout']
[2026-06-04 11:30:44.757] [STEP ] [main] >> Typing 'Jane' into [data-test='firstName']
[2026-06-04 11:30:44.814] [STEP ] [main] >> Typing 'Smith' into [data-test='lastName']
[2026-06-04 11:30:44.849] [STEP ] [main] >> Typing '54321' into [data-test='postalCode']
[2026-06-04 11:30:44.879] [STEP ] [main] >> Clicking: [data-test='continue']
[2026-06-04 11:30:44.984] [INFO ] [main] [PASSED] testOverviewShowsMultipleItems
[2026-06-04 11:30:44.987] [INFO ] [main] TEST END: testOverviewShowsMultipleItems => PASSED
[2026-06-04 11:30:44.987] [INFO ] [main] ----------------------------------------
[2026-06-04 11:30:45.003] [DEBUG] [main] Browser context closed
[2026-06-04 11:30:45.008] [INFO ] [main] ========================================
[2026-06-04 11:30:45.012] [INFO ] [main] TEST START: testSubtotalSingleItem
[2026-06-04 11:30:45.013] [INFO ] [main] ========================================
[2026-06-04 11:30:45.245] [INFO ] [main] New browser context and page created
[2026-06-04 11:30:45.251] [STEP ] [main] >> Navigating to: https://www.saucedemo.com
[2026-06-04 11:30:46.115] [INFO ] [main] Login page loaded
[2026-06-04 11:30:46.116] [INFO ] [main] Logging in as: standard_user
[2026-06-04 11:30:46.117] [STEP ] [main] >> Typing 'standard_user' into #user-name
[2026-06-04 11:30:46.239] [STEP ] [main] >> Typing [MASKED] into #password
[2026-06-04 11:30:46.280] [STEP ] [main] >> Clicking: #login-button
[2026-06-04 11:30:46.410] [STEP ] [main] >> Adding to cart: sauce-labs-backpack
[2026-06-04 11:30:46.411] [STEP ] [main] >> Clicking: [data-test='add-to-cart-sauce-labs-backpack']
[2026-06-04 11:30:46.499] [STEP ] [main] >> Navigating to cart
[2026-06-04 11:30:46.499] [STEP ] [main] >> Clicking: .shopping_cart_link
[2026-06-04 11:30:46.577] [STEP ] [main] >> Proceeding to checkout
[2026-06-04 11:30:46.579] [STEP ] [main] >> Clicking: [data-test='checkout']
[2026-06-04 11:30:46.671] [STEP ] [main] >> Typing 'John' into [data-test='firstName']
[2026-06-04 11:30:46.704] [STEP ] [main] >> Typing 'Doe' into [data-test='lastName']
[2026-06-04 11:30:46.736] [STEP ] [main] >> Typing '12345' into [data-test='postalCode']
[2026-06-04 11:30:46.769] [STEP ] [main] >> Clicking: [data-test='continue']
[2026-06-04 11:30:46.900] [INFO ] [main] [PASSED] testSubtotalSingleItem
[2026-06-04 11:30:46.902] [INFO ] [main] TEST END: testSubtotalSingleItem => PASSED
[2026-06-04 11:30:46.903] [INFO ] [main] ----------------------------------------
[2026-06-04 11:30:46.920] [DEBUG] [main] Browser context closed
[2026-06-04 11:30:46.931] [INFO ] [main] ========================================
[2026-06-04 11:30:46.931] [INFO ] [main] TEST START: testSubtotalMultipleItems
[2026-06-04 11:30:46.932] [INFO ] [main] ========================================
[2026-06-04 11:30:47.123] [INFO ] [main] New browser context and page created
[2026-06-04 11:30:47.131] [STEP ] [main] >> Navigating to: https://www.saucedemo.com
[2026-06-04 11:30:47.902] [INFO ] [main] Login page loaded
[2026-06-04 11:30:47.902] [INFO ] [main] Logging in as: standard_user
[2026-06-04 11:30:47.903] [STEP ] [main] >> Typing 'standard_user' into #user-name
[2026-06-04 11:30:47.989] [STEP ] [main] >> Typing [MASKED] into #password
[2026-06-04 11:30:48.028] [STEP ] [main] >> Clicking: #login-button
[2026-06-04 11:30:48.198] [STEP ] [main] >> Adding to cart: sauce-labs-backpack
[2026-06-04 11:30:48.199] [STEP ] [main] >> Clicking: [data-test='add-to-cart-sauce-labs-backpack']
[2026-06-04 11:30:48.309] [STEP ] [main] >> Adding to cart: sauce-labs-bike-light
[2026-06-04 11:30:48.309] [STEP ] [main] >> Clicking: [data-test='add-to-cart-sauce-labs-bike-light']
[2026-06-04 11:30:48.386] [STEP ] [main] >> Adding to cart: sauce-labs-onesie
[2026-06-04 11:30:48.387] [STEP ] [main] >> Clicking: [data-test='add-to-cart-sauce-labs-onesie']
[2026-06-04 11:30:48.436] [STEP ] [main] >> Navigating to cart
[2026-06-04 11:30:48.436] [STEP ] [main] >> Clicking: .shopping_cart_link
[2026-06-04 11:30:48.505] [STEP ] [main] >> Proceeding to checkout
[2026-06-04 11:30:48.505] [STEP ] [main] >> Clicking: [data-test='checkout']
[2026-06-04 11:30:48.650] [STEP ] [main] >> Typing 'Jane' into [data-test='firstName']
[2026-06-04 11:30:48.718] [STEP ] [main] >> Typing 'Smith' into [data-test='lastName']
[2026-06-04 11:30:48.796] [STEP ] [main] >> Typing '54321' into [data-test='postalCode']
[2026-06-04 11:30:48.854] [STEP ] [main] >> Clicking: [data-test='continue']
[2026-06-04 11:30:49.065] [INFO ] [main] [PASSED] testSubtotalMultipleItems
[2026-06-04 11:30:49.067] [INFO ] [main] TEST END: testSubtotalMultipleItems => PASSED
[2026-06-04 11:30:49.068] [INFO ] [main] ----------------------------------------
[2026-06-04 11:30:49.105] [DEBUG] [main] Browser context closed
[2026-06-04 11:30:49.112] [INFO ] [main] ========================================
[2026-06-04 11:30:49.113] [INFO ] [main] TEST START: testTaxCalculation
[2026-06-04 11:30:49.113] [INFO ] [main] ========================================
[2026-06-04 11:30:49.544] [INFO ] [main] New browser context and page created
[2026-06-04 11:30:49.550] [STEP ] [main] >> Navigating to: https://www.saucedemo.com
[2026-06-04 11:30:50.240] [INFO ] [main] Login page loaded
[2026-06-04 11:30:50.242] [INFO ] [main] Logging in as: standard_user
[2026-06-04 11:30:50.242] [STEP ] [main] >> Typing 'standard_user' into #user-name
[2026-06-04 11:30:50.300] [STEP ] [main] >> Typing [MASKED] into #password
[2026-06-04 11:30:50.319] [STEP ] [main] >> Clicking: #login-button
[2026-06-04 11:30:50.414] [STEP ] [main] >> Adding to cart: sauce-labs-backpack
[2026-06-04 11:30:50.431] [STEP ] [main] >> Clicking: [data-test='add-to-cart-sauce-labs-backpack']
[2026-06-04 11:30:50.511] [STEP ] [main] >> Navigating to cart
[2026-06-04 11:30:50.511] [STEP ] [main] >> Clicking: .shopping_cart_link
[2026-06-04 11:30:50.574] [STEP ] [main] >> Proceeding to checkout
[2026-06-04 11:30:50.575] [STEP ] [main] >> Clicking: [data-test='checkout']
[2026-06-04 11:30:50.644] [STEP ] [main] >> Typing 'John' into [data-test='firstName']
[2026-06-04 11:30:50.669] [STEP ] [main] >> Typing 'Doe' into [data-test='lastName']
[2026-06-04 11:30:50.693] [STEP ] [main] >> Typing '12345' into [data-test='postalCode']
[2026-06-04 11:30:50.719] [STEP ] [main] >> Clicking: [data-test='continue']
[2026-06-04 11:30:50.808] [INFO ] [main] [PASSED] testTaxCalculation
[2026-06-04 11:30:50.810] [INFO ] [main] TEST END: testTaxCalculation => PASSED
[2026-06-04 11:30:50.810] [INFO ] [main] ----------------------------------------
[2026-06-04 11:30:50.817] [DEBUG] [main] Browser context closed
[2026-06-04 11:30:50.894] [INFO ] [main] Browser closed
[2026-06-04 11:30:50.895] [INFO ] [main] 
[2026-06-04 11:30:50.895] [INFO ] [main] ==========================================
[2026-06-04 11:30:50.895] [INFO ] [main]          FINAL TEST RESULTS               
[2026-06-04 11:30:50.896] [INFO ] [main] ==========================================
[2026-06-04 11:30:50.896] [INFO ] [main]   Passed  : 50
[2026-06-04 11:30:50.896] [INFO ] [main]   Failed  : 0
[2026-06-04 11:30:50.896] [INFO ] [main]   Skipped : 0
[2026-06-04 11:30:50.896] [INFO ] [main]   Total   : 50
[2026-06-04 11:30:50.897] [INFO ] [main]   Pass Rate: 100.0%
[2026-06-04 11:30:50.897] [INFO ] [main] ==========================================
[2026-06-04 11:30:50.927] [INFO ] [main] Playwright instance closed
[2026-06-04 11:30:50.927] [INFO ] [main] ################################################
[2026-06-04 11:30:50.928] [INFO ] [main] SUITE COMPLETED
[2026-06-04 11:30:50.928] [INFO ] [main] ################################################
